instance,data_set,n_items,ordering,selection,placement,height,lower_bound,gap_pct
C1P1,data/c,16,width,widest-fit,LM,21,20,5.0000
C1P1,data/c,16,width,widest-fit,RM,21,20,5.0000
C1P1,data/c,16,width,widest-fit,TN,22,20,10.0000
C1P1,data/c,16,width,widest-fit,SN,21,20,5.0000
C1P1,data/c,16,width,widest-fit,MinD,21,20,5.0000
C1P1,data/c,16,width,widest-fit,MaxD,22,20,10.0000
C1P1,data/c,16,width,first-fit,LM,21,20,5.0000
C1P1,data/c,16,width,first-fit,RM,21,20,5.0000
C1P1,data/c,16,width,first-fit,TN,22,20,10.0000
C1P1,data/c,16,width,first-fit,SN,21,20,5.0000
C1P1,data/c,16,width,first-fit,MinD,21,20,5.0000
C1P1,data/c,16,width,first-fit,MaxD,22,20,10.0000
C1P1,data/c,16,width,tre,LM,21,20,5.0000
C1P1,data/c,16,width,tre,RM,21,20,5.0000
C1P1,data/c,16,width,tre,TN,22,20,10.0000
C1P1,data/c,16,width,tre,SN,21,20,5.0000
C1P1,data/c,16,width,tre,MinD,21,20,5.0000
C1P1,data/c,16,width,tre,MaxD,22,20,10.0000
C1P1,data/c,16,height,widest-fit,LM,21,20,5.0000
C1P1,data/c,16,height,widest-fit,RM,21,20,5.0000
C1P1,data/c,16,height,widest-fit,TN,22,20,10.0000
C1P1,data/c,16,height,widest-fit,SN,21,20,5.0000
C1P1,data/c,16,height,widest-fit,MinD,21,20,5.0000
C1P1,data/c,16,height,widest-fit,MaxD,22,20,10.0000
C1P1,data/c,16,height,first-fit,LM,25,20,25.0000
C1P1,data/c,16,height,first-fit,RM,26,20,30.0000
C1P1,data/c,16,height,first-fit,TN,25,20,25.0000
C1P1,data/c,16,height,first-fit,SN,26,20,30.0000
C1P1,data/c,16,height,first-fit,MinD,26,20,30.0000
C1P1,data/c,16,height,first-fit,MaxD,25,20,25.0000
C1P1,data/c,16,height,tre,LM,26,20,30.0000
C1P1,data/c,16,height,tre,RM,26,20,30.0000
C1P1,data/c,16,height,tre,TN,25,20,25.0000
C1P1,data/c,16,height,tre,SN,23,20,15.0000
C1P1,data/c,16,height,tre,MinD,23,20,15.0000
C1P1,data/c,16,height,tre,MaxD,25,20,25.0000
C1P1,data/c,16,area,widest-fit,LM,21,20,5.0000
C1P1,data/c,16,area,widest-fit,RM,21,20,5.0000
C1P1,data/c,16,area,widest-fit,TN,22,20,10.0000
C1P1,data/c,16,area,widest-fit,SN,21,20,5.0000
C1P1,data/c,16,area,widest-fit,MinD,21,20,5.0000
C1P1,data/c,16,area,widest-fit,MaxD,22,20,10.0000
C1P1,data/c,16,area,first-fit,LM,23,20,15.0000
C1P1,data/c,16,area,first-fit,RM,23,20,15.0000
C1P1,data/c,16,area,first-fit,TN,23,20,15.0000
C1P1,data/c,16,area,first-fit,SN,23,20,15.0000
C1P1,data/c,16,area,first-fit,MinD,23,20,15.0000
C1P1,data/c,16,area,first-fit,MaxD,23,20,15.0000
C1P1,data/c,16,area,tre,LM,23,20,15.0000
C1P1,data/c,16,area,tre,RM,23,20,15.0000
C1P1,data/c,16,area,tre,TN,23,20,15.0000
C1P1,data/c,16,area,tre,SN,23,20,15.0000
C1P1,data/c,16,area,tre,MinD,23,20,15.0000
C1P1,data/c,16,area,tre,MaxD,23,20,15.0000
C1P2,data/c,17,width,widest-fit,LM,25,20,25.0000
C1P2,data/c,17,width,widest-fit,RM,25,20,25.0000
C1P2,data/c,17,width,widest-fit,TN,25,20,25.0000
C1P2,data/c,17,width,widest-fit,SN,25,20,25.0000
C1P2,data/c,17,width,widest-fit,MinD,21,20,5.0000
C1P2,data/c,17,width,widest-fit,MaxD,25,20,25.0000
C1P2,data/c,17,width,first-fit,LM,25,20,25.0000
C1P2,data/c,17,width,first-fit,RM,25,20,25.0000
C1P2,data/c,17,width,first-fit,TN,25,20,25.0000
C1P2,data/c,17,width,first-fit,SN,25,20,25.0000
C1P2,data/c,17,width,first-fit,MinD,21,20,5.0000
C1P2,data/c,17,width,first-fit,MaxD,25,20,25.0000
C1P2,data/c,17,width,tre,LM,25,20,25.0000
C1P2,data/c,17,width,tre,RM,25,20,25.0000
C1P2,data/c,17,width,tre,TN,25,20,25.0000
C1P2,data/c,17,width,tre,SN,25,20,25.0000
C1P2,data/c,17,width,tre,MinD,21,20,5.0000
C1P2,data/c,17,width,tre,MaxD,25,20,25.0000
C1P2,data/c,17,height,widest-fit,LM,25,20,25.0000
C1P2,data/c,17,height,widest-fit,RM,25,20,25.0000
C1P2,data/c,17,height,widest-fit,TN,25,20,25.0000
C1P2,data/c,17,height,widest-fit,SN,25,20,25.0000
C1P2,data/c,17,height,widest-fit,MinD,21,20,5.0000
C1P2,data/c,17,height,widest-fit,MaxD,25,20,25.0000
C1P2,data/c,17,height,first-fit,LM,25,20,25.0000
C1P2,data/c,17,height,first-fit,RM,25,20,25.0000
C1P2,data/c,17,height,first-fit,TN,25,20,25.0000
C1P2,data/c,17,height,first-fit,SN,25,20,25.0000
C1P2,data/c,17,height,first-fit,MinD,25,20,25.0000
C1P2,data/c,17,height,first-fit,MaxD,24,20,20.0000
C1P2,data/c,17,height,tre,LM,23,20,15.0000
C1P2,data/c,17,height,tre,RM,24,20,20.0000
C1P2,data/c,17,height,tre,TN,23,20,15.0000
C1P2,data/c,17,height,tre,SN,24,20,20.0000
C1P2,data/c,17,height,tre,MinD,24,20,20.0000
C1P2,data/c,17,height,tre,MaxD,23,20,15.0000
C1P2,data/c,17,area,widest-fit,LM,25,20,25.0000
C1P2,data/c,17,area,widest-fit,RM,25,20,25.0000
C1P2,data/c,17,area,widest-fit,TN,25,20,25.0000
C1P2,data/c,17,area,widest-fit,SN,25,20,25.0000
C1P2,data/c,17,area,widest-fit,MinD,21,20,5.0000
C1P2,data/c,17,area,widest-fit,MaxD,25,20,25.0000
C1P2,data/c,17,area,first-fit,LM,22,20,10.0000
C1P2,data/c,17,area,first-fit,RM,22,20,10.0000
C1P2,data/c,17,area,first-fit,TN,22,20,10.0000
C1P2,data/c,17,area,first-fit,SN,23,20,15.0000
C1P2,data/c,17,area,first-fit,MinD,22,20,10.0000
C1P2,data/c,17,area,first-fit,MaxD,22,20,10.0000
C1P2,data/c,17,area,tre,LM,23,20,15.0000
C1P2,data/c,17,area,tre,RM,23,20,15.0000
C1P2,data/c,17,area,tre,TN,23,20,15.0000
C1P2,data/c,17,area,tre,SN,23,20,15.0000
C1P2,data/c,17,area,tre,MinD,23,20,15.0000
C1P2,data/c,17,area,tre,MaxD,23,20,15.0000
C1P3,data/c,16,width,widest-fit,LM,24,20,20.0000
C1P3,data/c,16,width,widest-fit,RM,24,20,20.0000
C1P3,data/c,16,width,widest-fit,TN,24,20,20.0000
C1P3,data/c,16,width,widest-fit,SN,24,20,20.0000
C1P3,data/c,16,width,widest-fit,MinD,24,20,20.0000
C1P3,data/c,16,width,widest-fit,MaxD,24,20,20.0000
C1P3,data/c,16,width,first-fit,LM,24,20,20.0000
C1P3,data/c,16,width,first-fit,RM,24,20,20.0000
C1P3,data/c,16,width,first-fit,TN,24,20,20.0000
C1P3,data/c,16,width,first-fit,SN,24,20,20.0000
C1P3,data/c,16,width,first-fit,MinD,24,20,20.0000
C1P3,data/c,16,width,first-fit,MaxD,24,20,20.0000
C1P3,data/c,16,width,tre,LM,24,20,20.0000
C1P3,data/c,16,width,tre,RM,24,20,20.0000
C1P3,data/c,16,width,tre,TN,24,20,20.0000
C1P3,data/c,16,width,tre,SN,24,20,20.0000
C1P3,data/c,16,width,tre,MinD,24,20,20.0000
C1P3,data/c,16,width,tre,MaxD,24,20,20.0000
C1P3,data/c,16,height,widest-fit,LM,24,20,20.0000
C1P3,data/c,16,height,widest-fit,RM,24,20,20.0000
C1P3,data/c,16,height,widest-fit,TN,24,20,20.0000
C1P3,data/c,16,height,widest-fit,SN,24,20,20.0000
C1P3,data/c,16,height,widest-fit,MinD,24,20,20.0000
C1P3,data/c,16,height,widest-fit,MaxD,24,20,20.0000
C1P3,data/c,16,height,first-fit,LM,23,20,15.0000
C1P3,data/c,16,height,first-fit,RM,23,20,15.0000
C1P3,data/c,16,height,first-fit,TN,22,20,10.0000
C1P3,data/c,16,height,first-fit,SN,23,20,15.0000
C1P3,data/c,16,height,first-fit,MinD,23,20,15.0000
C1P3,data/c,16,height,first-fit,MaxD,22,20,10.0000
C1P3,data/c,16,height,tre,LM,23,20,15.0000
C1P3,data/c,16,height,tre,RM,23,20,15.0000
C1P3,data/c,16,height,tre,TN,24,20,20.0000
C1P3,data/c,16,height,tre,SN,23,20,15.0000
C1P3,data/c,16,height,tre,MinD,23,20,15.0000
C1P3,data/c,16,height,tre,MaxD,24,20,20.0000
C1P3,data/c,16,area,widest-fit,LM,24,20,20.0000
C1P3,data/c,16,area,widest-fit,RM,24,20,20.0000
C1P3,data/c,16,area,widest-fit,TN,24,20,20.0000
C1P3,data/c,16,area,widest-fit,SN,24,20,20.0000
C1P3,data/c,16,area,widest-fit,MinD,24,20,20.0000
C1P3,data/c,16,area,widest-fit,MaxD,24,20,20.0000
C1P3,data/c,16,area,first-fit,LM,23,20,15.0000
C1P3,data/c,16,area,first-fit,RM,23,20,15.0000
C1P3,data/c,16,area,first-fit,TN,22,20,10.0000
C1P3,data/c,16,area,first-fit,SN,23,20,15.0000
C1P3,data/c,16,area,first-fit,MinD,23,20,15.0000
C1P3,data/c,16,area,first-fit,MaxD,22,20,10.0000
C1P3,data/c,16,area,tre,LM,22,20,10.0000
C1P3,data/c,16,area,tre,RM,22,20,10.0000
C1P3,data/c,16,area,tre,TN,21,20,5.0000
C1P3,data/c,16,area,tre,SN,22,20,10.0000
C1P3,data/c,16,area,tre,MinD,22,20,10.0000
C1P3,data/c,16,area,tre,MaxD,21,20,5.0000
C2P1,data/c,25,width,widest-fit,LM,18,15,20.0000
C2P1,data/c,25,width,widest-fit,RM,18,15,20.0000
C2P1,data/c,25,width,widest-fit,TN,17,15,13.3333
C2P1,data/c,25,width,widest-fit,SN,17,15,13.3333
C2P1,data/c,25,width,widest-fit,MinD,18,15,20.0000
C2P1,data/c,25,width,widest-fit,MaxD,17,15,13.3333
C2P1,data/c,25,width,first-fit,LM,18,15,20.0000
C2P1,data/c,25,width,first-fit,RM,18,15,20.0000
C2P1,data/c,25,width,first-fit,TN,17,15,13.3333
C2P1,data/c,25,width,first-fit,SN,17,15,13.3333
C2P1,data/c,25,width,first-fit,MinD,18,15,20.0000
C2P1,data/c,25,width,first-fit,MaxD,17,15,13.3333
C2P1,data/c,25,width,tre,LM,18,15,20.0000
C2P1,data/c,25,width,tre,RM,18,15,20.0000
C2P1,data/c,25,width,tre,TN,17,15,13.3333
C2P1,data/c,25,width,tre,SN,17,15,13.3333
C2P1,data/c,25,width,tre,MinD,18,15,20.0000
C2P1,data/c,25,width,tre,MaxD,17,15,13.3333
C2P1,data/c,25,height,widest-fit,LM,18,15,20.0000
C2P1,data/c,25,height,widest-fit,RM,18,15,20.0000
C2P1,data/c,25,height,widest-fit,TN,17,15,13.3333
C2P1,data/c,25,height,widest-fit,SN,17,15,13.3333
C2P1,data/c,25,height,widest-fit,MinD,18,15,20.0000
C2P1,data/c,25,height,widest-fit,MaxD,17,15,13.3333
C2P1,data/c,25,height,first-fit,LM,22,15,46.6667
C2P1,data/c,25,height,first-fit,RM,20,15,33.3333
C2P1,data/c,25,height,first-fit,TN,22,15,46.6667
C2P1,data/c,25,height,first-fit,SN,20,15,33.3333
C2P1,data/c,25,height,first-fit,MinD,20,15,33.3333
C2P1,data/c,25,height,first-fit,MaxD,22,15,46.6667
C2P1,data/c,25,height,tre,LM,20,15,33.3333
C2P1,data/c,25,height,tre,RM,20,15,33.3333
C2P1,data/c,25,height,tre,TN,19,15,26.6667
C2P1,data/c,25,height,tre,SN,22,15,46.6667
C2P1,data/c,25,height,tre,MinD,22,15,46.6667
C2P1,data/c,25,height,tre,MaxD,19,15,26.6667
C2P1,data/c,25,area,widest-fit,LM,18,15,20.0000
C2P1,data/c,25,area,widest-fit,RM,18,15,20.0000
C2P1,data/c,25,area,widest-fit,TN,17,15,13.3333
C2P1,data/c,25,area,widest-fit,SN,17,15,13.3333
C2P1,data/c,25,area,widest-fit,MinD,18,15,20.0000
C2P1,data/c,25,area,widest-fit,MaxD,17,15,13.3333
C2P1,data/c,25,area,first-fit,LM,19,15,26.6667
C2P1,data/c,25,area,first-fit,RM,19,15,26.6667
C2P1,data/c,25,area,first-fit,TN,19,15,26.6667
C2P1,data/c,25,area,first-fit,SN,19,15,26.6667
C2P1,data/c,25,area,first-fit,MinD,19,15,26.6667
C2P1,data/c,25,area,first-fit,MaxD,19,15,26.6667
C2P1,data/c,25,area,tre,LM,18,15,20.0000
C2P1,data/c,25,area,tre,RM,18,15,20.0000
C2P1,data/c,25,area,tre,TN,19,15,26.6667
C2P1,data/c,25,area,tre,SN,18,15,20.0000
C2P1,data/c,25,area,tre,MinD,18,15,20.0000
C2P1,data/c,25,area,tre,MaxD,19,15,26.6667
C2P2,data/c,25,width,widest-fit,LM,18,15,20.0000
C2P2,data/c,25,width,widest-fit,RM,18,15,20.0000
C2P2,data/c,25,width,widest-fit,TN,17,15,13.3333
C2P2,data/c,25,width,widest-fit,SN,18,15,20.0000
C2P2,data/c,25,width,widest-fit,MinD,18,15,20.0000
C2P2,data/c,25,width,widest-fit,MaxD,17,15,13.3333
C2P2,data/c,25,width,first-fit,LM,18,15,20.0000
C2P2,data/c,25,width,first-fit,RM,18,15,20.0000
C2P2,data/c,25,width,first-fit,TN,17,15,13.3333
C2P2,data/c,25,width,first-fit,SN,18,15,20.0000
C2P2,data/c,25,width,first-fit,MinD,18,15,20.0000
C2P2,data/c,25,width,first-fit,MaxD,17,15,13.3333
C2P2,data/c,25,width,tre,LM,18,15,20.0000
C2P2,data/c,25,width,tre,RM,18,15,20.0000
C2P2,data/c,25,width,tre,TN,17,15,13.3333
C2P2,data/c,25,width,tre,SN,18,15,20.0000
C2P2,data/c,25,width,tre,MinD,18,15,20.0000
C2P2,data/c,25,width,tre,MaxD,17,15,13.3333
C2P2,data/c,25,height,widest-fit,LM,18,15,20.0000
C2P2,data/c,25,height,widest-fit,RM,18,15,20.0000
C2P2,data/c,25,height,widest-fit,TN,17,15,13.3333
C2P2,data/c,25,height,widest-fit,SN,18,15,20.0000
C2P2,data/c,25,height,widest-fit,MinD,18,15,20.0000
C2P2,data/c,25,height,widest-fit,MaxD,17,15,13.3333
C2P2,data/c,25,height,first-fit,LM,26,15,73.3333
C2P2,data/c,25,height,first-fit,RM,26,15,73.3333
C2P2,data/c,25,height,first-fit,TN,26,15,73.3333
C2P2,data/c,25,height,first-fit,SN,26,15,73.3333
C2P2,data/c,25,height,first-fit,MinD,26,15,73.3333
C2P2,data/c,25,height,first-fit,MaxD,26,15,73.3333
C2P2,data/c,25,height,tre,LM,26,15,73.3333
C2P2,data/c,25,height,tre,RM,26,15,73.3333
C2P2,data/c,25,height,tre,TN,26,15,73.3333
C2P2,data/c,25,height,tre,SN,26,15,73.3333
C2P2,data/c,25,height,tre,MinD,26,15,73.3333
C2P2,data/c,25,height,tre,MaxD,26,15,73.3333
C2P2,data/c,25,area,widest-fit,LM,18,15,20.0000
C2P2,data/c,25,area,widest-fit,RM,18,15,20.0000
C2P2,data/c,25,area,widest-fit,TN,17,15,13.3333
C2P2,data/c,25,area,widest-fit,SN,18,15,20.0000
C2P2,data/c,25,area,widest-fit,MinD,18,15,20.0000
C2P2,data/c,25,area,widest-fit,MaxD,17,15,13.3333
C2P2,data/c,25,area,first-fit,LM,18,15,20.0000
C2P2,data/c,25,area,first-fit,RM,18,15,20.0000
C2P2,data/c,25,area,first-fit,TN,18,15,20.0000
C2P2,data/c,25,area,first-fit,SN,18,15,20.0000
C2P2,data/c,25,area,first-fit,MinD,18,15,20.0000
C2P2,data/c,25,area,first-fit,MaxD,18,15,20.0000
C2P2,data/c,25,area,tre,LM,20,15,33.3333
C2P2,data/c,25,area,tre,RM,23,15,53.3333
C2P2,data/c,25,area,tre,TN,20,15,33.3333
C2P2,data/c,25,area,tre,SN,20,15,33.3333
C2P2,data/c,25,area,tre,MinD,20,15,33.3333
C2P2,data/c,25,area,tre,MaxD,20,15,33.3333
C2P3,data/c,25,width,widest-fit,LM,18,15,20.0000
C2P3,data/c,25,width,widest-fit,RM,18,15,20.0000
C2P3,data/c,25,width,widest-fit,TN,18,15,20.0000
C2P3,data/c,25,width,widest-fit,SN,18,15,20.0000
C2P3,data/c,25,width,widest-fit,MinD,18,15,20.0000
C2P3,data/c,25,width,widest-fit,MaxD,18,15,20.0000
C2P3,data/c,25,width,first-fit,LM,18,15,20.0000
C2P3,data/c,25,width,first-fit,RM,18,15,20.0000
C2P3,data/c,25,width,first-fit,TN,18,15,20.0000
C2P3,data/c,25,width,first-fit,SN,18,15,20.0000
C2P3,data/c,25,width,first-fit,MinD,18,15,20.0000
C2P3,data/c,25,width,first-fit,MaxD,18,15,20.0000
C2P3,data/c,25,width,tre,LM,18,15,20.0000
C2P3,data/c,25,width,tre,RM,18,15,20.0000
C2P3,data/c,25,width,tre,TN,18,15,20.0000
C2P3,data/c,25,width,tre,SN,18,15,20.0000
C2P3,data/c,25,width,tre,MinD,18,15,20.0000
C2P3,data/c,25,width,tre,MaxD,18,15,20.0000
C2P3,data/c,25,height,widest-fit,LM,18,15,20.0000
C2P3,data/c,25,height,widest-fit,RM,18,15,20.0000
C2P3,data/c,25,height,widest-fit,TN,18,15,20.0000
C2P3,data/c,25,height,widest-fit,SN,18,15,20.0000
C2P3,data/c,25,height,widest-fit,MinD,18,15,20.0000
C2P3,data/c,25,height,widest-fit,MaxD,18,15,20.0000
C2P3,data/c,25,height,first-fit,LM,22,15,46.6667
C2P3,data/c,25,height,first-fit,RM,22,15,46.6667
C2P3,data/c,25,height,first-fit,TN,22,15,46.6667
C2P3,data/c,25,height,first-fit,SN,22,15,46.6667
C2P3,data/c,25,height,first-fit,MinD,22,15,46.6667
C2P3,data/c,25,height,first-fit,MaxD,22,15,46.6667
C2P3,data/c,25,height,tre,LM,21,15,40.0000
C2P3,data/c,25,height,tre,RM,21,15,40.0000
C2P3,data/c,25,height,tre,TN,15,15,0.0000
C2P3,data/c,25,height,tre,SN,21,15,40.0000
C2P3,data/c,25,height,tre,MinD,21,15,40.0000
C2P3,data/c,25,height,tre,MaxD,15,15,0.0000
C2P3,data/c,25,area,widest-fit,LM,18,15,20.0000
C2P3,data/c,25,area,widest-fit,RM,18,15,20.0000
C2P3,data/c,25,area,widest-fit,TN,18,15,20.0000
C2P3,data/c,25,area,widest-fit,SN,18,15,20.0000
C2P3,data/c,25,area,widest-fit,MinD,18,15,20.0000
C2P3,data/c,25,area,widest-fit,MaxD,18,15,20.0000
C2P3,data/c,25,area,first-fit,LM,22,15,46.6667
C2P3,data/c,25,area,first-fit,RM,22,15,46.6667
C2P3,data/c,25,area,first-fit,TN,22,15,46.6667
C2P3,data/c,25,area,first-fit,SN,22,15,46.6667
C2P3,data/c,25,area,first-fit,MinD,22,15,46.6667
C2P3,data/c,25,area,first-fit,MaxD,22,15,46.6667
C2P3,data/c,25,area,tre,LM,19,15,26.6667
C2P3,data/c,25,area,tre,RM,18,15,20.0000
C2P3,data/c,25,area,tre,TN,19,15,26.6667
C2P3,data/c,25,area,tre,SN,18,15,20.0000
C2P3,data/c,25,area,tre,MinD,18,15,20.0000
C2P3,data/c,25,area,tre,MaxD,19,15,26.6667
C3P1,data/c,28,width,widest-fit,LM,32,30,6.6667
C3P1,data/c,28,width,widest-fit,RM,32,30,6.6667
C3P1,data/c,28,width,widest-fit,TN,33,30,10.0000
C3P1,data/c,28,width,widest-fit,SN,32,30,6.6667
C3P1,data/c,28,width,widest-fit,MinD,32,30,6.6667
C3P1,data/c,28,width,widest-fit,MaxD,32,30,6.6667
C3P1,data/c,28,width,first-fit,LM,32,30,6.6667
C3P1,data/c,28,width,first-fit,RM,32,30,6.6667
C3P1,data/c,28,width,first-fit,TN,33,30,10.0000
C3P1,data/c,28,width,first-fit,SN,32,30,6.6667
C3P1,data/c,28,width,first-fit,MinD,32,30,6.6667
C3P1,data/c,28,width,first-fit,MaxD,32,30,6.6667
C3P1,data/c,28,width,tre,LM,32,30,6.6667
C3P1,data/c,28,width,tre,RM,32,30,6.6667
C3P1,data/c,28,width,tre,TN,33,30,10.0000
C3P1,data/c,28,width,tre,SN,32,30,6.6667
C3P1,data/c,28,width,tre,MinD,32,30,6.6667
C3P1,data/c,28,width,tre,MaxD,32,30,6.6667
C3P1,data/c,28,height,widest-fit,LM,32,30,6.6667
C3P1,data/c,28,height,widest-fit,RM,32,30,6.6667
C3P1,data/c,28,height,widest-fit,TN,33,30,10.0000
C3P1,data/c,28,height,widest-fit,SN,32,30,6.6667
C3P1,data/c,28,height,widest-fit,MinD,32,30,6.6667
C3P1,data/c,28,height,widest-fit,MaxD,32,30,6.6667
C3P1,data/c,28,height,first-fit,LM,36,30,20.0000
C3P1,data/c,28,height,first-fit,RM,36,30,20.0000
C3P1,data/c,28,height,first-fit,TN,36,30,20.0000
C3P1,data/c,28,height,first-fit,SN,32,30,6.6667
C3P1,data/c,28,height,first-fit,MinD,36,30,20.0000
C3P1,data/c,28,height,first-fit,MaxD,36,30,20.0000
C3P1,data/c,28,height,tre,LM,39,30,30.0000
C3P1,data/c,28,height,tre,RM,39,30,30.0000
C3P1,data/c,28,height,tre,TN,37,30,23.3333
C3P1,data/c,28,height,tre,SN,39,30,30.0000
C3P1,data/c,28,height,tre,MinD,39,30,30.0000
C3P1,data/c,28,height,tre,MaxD,43,30,43.3333
C3P1,data/c,28,area,widest-fit,LM,32,30,6.6667
C3P1,data/c,28,area,widest-fit,RM,32,30,6.6667
C3P1,data/c,28,area,widest-fit,TN,33,30,10.0000
C3P1,data/c,28,area,widest-fit,SN,32,30,6.6667
C3P1,data/c,28,area,widest-fit,MinD,32,30,6.6667
C3P1,data/c,28,area,widest-fit,MaxD,32,30,6.6667
C3P1,data/c,28,area,first-fit,LM,35,30,16.6667
C3P1,data/c,28,area,first-fit,RM,35,30,16.6667
C3P1,data/c,28,area,first-fit,TN,35,30,16.6667
C3P1,data/c,28,area,first-fit,SN,35,30,16.6667
C3P1,data/c,28,area,first-fit,MinD,35,30,16.6667
C3P1,data/c,28,area,first-fit,MaxD,35,30,16.6667
C3P1,data/c,28,area,tre,LM,36,30,20.0000
C3P1,data/c,28,area,tre,RM,36,30,20.0000
C3P1,data/c,28,area,tre,TN,39,30,30.0000
C3P1,data/c,28,area,tre,SN,36,30,20.0000
C3P1,data/c,28,area,tre,MinD,36,30,20.0000
C3P1,data/c,28,area,tre,MaxD,39,30,30.0000
C3P2,data/c,29,width,widest-fit,LM,34,30,13.3333
C3P2,data/c,29,width,widest-fit,RM,34,30,13.3333
C3P2,data/c,29,width,widest-fit,TN,34,30,13.3333
C3P2,data/c,29,width,widest-fit,SN,34,30,13.3333
C3P2,data/c,29,width,widest-fit,MinD,34,30,13.3333
C3P2,data/c,29,width,widest-fit,MaxD,34,30,13.3333
C3P2,data/c,29,width,first-fit,LM,34,30,13.3333
C3P2,data/c,29,width,first-fit,RM,34,30,13.3333
C3P2,data/c,29,width,first-fit,TN,34,30,13.3333
C3P2,data/c,29,width,first-fit,SN,34,30,13.3333
C3P2,data/c,29,width,first-fit,MinD,34,30,13.3333
C3P2,data/c,29,width,first-fit,MaxD,34,30,13.3333
C3P2,data/c,29,width,tre,LM,34,30,13.3333
C3P2,data/c,29,width,tre,RM,34,30,13.3333
C3P2,data/c,29,width,tre,TN,34,30,13.3333
C3P2,data/c,29,width,tre,SN,34,30,13.3333
C3P2,data/c,29,width,tre,MinD,34,30,13.3333
C3P2,data/c,29,width,tre,MaxD,34,30,13.3333
C3P2,data/c,29,height,widest-fit,LM,34,30,13.3333
C3P2,data/c,29,height,widest-fit,RM,34,30,13.3333
C3P2,data/c,29,height,widest-fit,TN,34,30,13.3333
C3P2,data/c,29,height,widest-fit,SN,34,30,13.3333
C3P2,data/c,29,height,widest-fit,MinD,34,30,13.3333
C3P2,data/c,29,height,widest-fit,MaxD,34,30,13.3333
C3P2,data/c,29,height,first-fit,LM,45,30,50.0000
C3P2,data/c,29,height,first-fit,RM,45,30,50.0000
C3P2,data/c,29,height,first-fit,TN,46,30,53.3333
C3P2,data/c,29,height,first-fit,SN,48,30,60.0000
C3P2,data/c,29,height,first-fit,MinD,47,30,56.6667
C3P2,data/c,29,height,first-fit,MaxD,46,30,53.3333
C3P2,data/c,29,height,tre,LM,38,30,26.6667
C3P2,data/c,29,height,tre,RM,38,30,26.6667
C3P2,data/c,29,height,tre,TN,38,30,26.6667
C3P2,data/c,29,height,tre,SN,38,30,26.6667
C3P2,data/c,29,height,tre,MinD,38,30,26.6667
C3P2,data/c,29,height,tre,MaxD,38,30,26.6667
C3P2,data/c,29,area,widest-fit,LM,34,30,13.3333
C3P2,data/c,29,area,widest-fit,RM,34,30,13.3333
C3P2,data/c,29,area,widest-fit,TN,34,30,13.3333
C3P2,data/c,29,area,widest-fit,SN,34,30,13.3333
C3P2,data/c,29,area,widest-fit,MinD,34,30,13.3333
C3P2,data/c,29,area,widest-fit,MaxD,34,30,13.3333
C3P2,data/c,29,area,first-fit,LM,35,30,16.6667
C3P2,data/c,29,area,first-fit,RM,35,30,16.6667
C3P2,data/c,29,area,first-fit,TN,35,30,16.6667
C3P2,data/c,29,area,first-fit,SN,35,30,16.6667
C3P2,data/c,29,area,first-fit,MinD,35,30,16.6667
C3P2,data/c,29,area,first-fit,MaxD,35,30,16.6667
C3P2,data/c,29,area,tre,LM,33,30,10.0000
C3P2,data/c,29,area,tre,RM,33,30,10.0000
C3P2,data/c,29,area,tre,TN,33,30,10.0000
C3P2,data/c,29,area,tre,SN,39,30,30.0000
C3P2,data/c,29,area,tre,MinD,33,30,10.0000
C3P2,data/c,29,area,tre,MaxD,33,30,10.0000
C3P3,data/c,28,width,widest-fit,LM,33,30,10.0000
C3P3,data/c,28,width,widest-fit,RM,35,30,16.6667
C3P3,data/c,28,width,widest-fit,TN,35,30,16.6667
C3P3,data/c,28,width,widest-fit,SN,35,30,16.6667
C3P3,data/c,28,width,widest-fit,MinD,35,30,16.6667
C3P3,data/c,28,width,widest-fit,MaxD,35,30,16.6667
C3P3,data/c,28,width,first-fit,LM,33,30,10.0000
C3P3,data/c,28,width,first-fit,RM,35,30,16.6667
C3P3,data/c,28,width,first-fit,TN,35,30,16.6667
C3P3,data/c,28,width,first-fit,SN,35,30,16.6667
C3P3,data/c,28,width,first-fit,MinD,35,30,16.6667
C3P3,data/c,28,width,first-fit,MaxD,35,30,16.6667
C3P3,data/c,28,width,tre,LM,33,30,10.0000
C3P3,data/c,28,width,tre,RM,35,30,16.6667
C3P3,data/c,28,width,tre,TN,35,30,16.6667
C3P3,data/c,28,width,tre,SN,35,30,16.6667
C3P3,data/c,28,width,tre,MinD,35,30,16.6667
C3P3,data/c,28,width,tre,MaxD,35,30,16.6667
C3P3,data/c,28,height,widest-fit,LM,33,30,10.0000
C3P3,data/c,28,height,widest-fit,RM,35,30,16.6667
C3P3,data/c,28,height,widest-fit,TN,35,30,16.6667
C3P3,data/c,28,height,widest-fit,SN,35,30,16.6667
C3P3,data/c,28,height,widest-fit,MinD,35,30,16.6667
C3P3,data/c,28,height,widest-fit,MaxD,35,30,16.6667
C3P3,data/c,28,height,first-fit,LM,41,30,36.6667
C3P3,data/c,28,height,first-fit,RM,41,30,36.6667
C3P3,data/c,28,height,first-fit,TN,41,30,36.6667
C3P3,data/c,28,height,first-fit,SN,41,30,36.6667
C3P3,data/c,28,height,first-fit,MinD,41,30,36.6667
C3P3,data/c,28,height,first-fit,MaxD,41,30,36.6667
C3P3,data/c,28,height,tre,LM,45,30,50.0000
C3P3,data/c,28,height,tre,RM,45,30,50.0000
C3P3,data/c,28,height,tre,TN,39,30,30.0000
C3P3,data/c,28,height,tre,SN,45,30,50.0000
C3P3,data/c,28,height,tre,MinD,45,30,50.0000
C3P3,data/c,28,height,tre,MaxD,39,30,30.0000
C3P3,data/c,28,area,widest-fit,LM,33,30,10.0000
C3P3,data/c,28,area,widest-fit,RM,35,30,16.6667
C3P3,data/c,28,area,widest-fit,TN,35,30,16.6667
C3P3,data/c,28,area,widest-fit,SN,35,30,16.6667
C3P3,data/c,28,area,widest-fit,MinD,35,30,16.6667
C3P3,data/c,28,area,widest-fit,MaxD,35,30,16.6667
C3P3,data/c,28,area,first-fit,LM,35,30,16.6667
C3P3,data/c,28,area,first-fit,RM,35,30,16.6667
C3P3,data/c,28,area,first-fit,TN,35,30,16.6667
C3P3,data/c,28,area,first-fit,SN,35,30,16.6667
C3P3,data/c,28,area,first-fit,MinD,35,30,16.6667
C3P3,data/c,28,area,first-fit,MaxD,35,30,16.6667
C3P3,data/c,28,area,tre,LM,38,30,26.6667
C3P3,data/c,28,area,tre,RM,38,30,26.6667
C3P3,data/c,28,area,tre,TN,39,30,30.0000
C3P3,data/c,28,area,tre,SN,38,30,26.6667
C3P3,data/c,28,area,tre,MinD,38,30,26.6667
C3P3,data/c,28,area,tre,MaxD,38,30,26.6667
C4P1,data/c,49,width,widest-fit,LM,63,60,5.0000
C4P1,data/c,49,width,widest-fit,RM,64,60,6.6667
C4P1,data/c,49,width,widest-fit,TN,64,60,6.6667
C4P1,data/c,49,width,widest-fit,SN,65,60,8.3333
C4P1,data/c,49,width,widest-fit,MinD,66,60,10.0000
C4P1,data/c,49,width,widest-fit,MaxD,64,60,6.6667
C4P1,data/c,49,width,first-fit,LM,63,60,5.0000
C4P1,data/c,49,width,first-fit,RM,64,60,6.6667
C4P1,data/c,49,width,first-fit,TN,64,60,6.6667
C4P1,data/c,49,width,first-fit,SN,65,60,8.3333
C4P1,data/c,49,width,first-fit,MinD,66,60,10.0000
C4P1,data/c,49,width,first-fit,MaxD,64,60,6.6667
C4P1,data/c,49,width,tre,LM,63,60,5.0000
C4P1,data/c,49,width,tre,RM,64,60,6.6667
C4P1,data/c,49,width,tre,TN,64,60,6.6667
C4P1,data/c,49,width,tre,SN,65,60,8.3333
C4P1,data/c,49,width,tre,MinD,66,60,10.0000
C4P1,data/c,49,width,tre,MaxD,64,60,6.6667
C4P1,data/c,49,height,widest-fit,LM,63,60,5.0000
C4P1,data/c,49,height,widest-fit,RM,64,60,6.6667
C4P1,data/c,49,height,widest-fit,TN,64,60,6.6667
C4P1,data/c,49,height,widest-fit,SN,65,60,8.3333
C4P1,data/c,49,height,widest-fit,MinD,66,60,10.0000
C4P1,data/c,49,height,widest-fit,MaxD,64,60,6.6667
C4P1,data/c,49,height,first-fit,LM,68,60,13.3333
C4P1,data/c,49,height,first-fit,RM,68,60,13.3333
C4P1,data/c,49,height,first-fit,TN,68,60,13.3333
C4P1,data/c,49,height,first-fit,SN,68,60,13.3333
C4P1,data/c,49,height,first-fit,MinD,67,60,11.6667
C4P1,data/c,49,height,first-fit,MaxD,67,60,11.6667
C4P1,data/c,49,height,tre,LM,74,60,23.3333
C4P1,data/c,49,height,tre,RM,76,60,26.6667
C4P1,data/c,49,height,tre,TN,71,60,18.3333
C4P1,data/c,49,height,tre,SN,73,60,21.6667
C4P1,data/c,49,height,tre,MinD,75,60,25.0000
C4P1,data/c,49,height,tre,MaxD,73,60,21.6667
C4P1,data/c,49,area,widest-fit,LM,63,60,5.0000
C4P1,data/c,49,area,widest-fit,RM,64,60,6.6667
C4P1,data/c,49,area,widest-fit,TN,64,60,6.6667
C4P1,data/c,49,area,widest-fit,SN,65,60,8.3333
C4P1,data/c,49,area,widest-fit,MinD,66,60,10.0000
C4P1,data/c,49,area,widest-fit,MaxD,64,60,6.6667
C4P1,data/c,49,area,first-fit,LM,63,60,5.0000
C4P1,data/c,49,area,first-fit,RM,65,60,8.3333
C4P1,data/c,49,area,first-fit,TN,63,60,5.0000
C4P1,data/c,49,area,first-fit,SN,63,60,5.0000
C4P1,data/c,49,area,first-fit,MinD,64,60,6.6667
C4P1,data/c,49,area,first-fit,MaxD,65,60,8.3333
C4P1,data/c,49,area,tre,LM,66,60,10.0000
C4P1,data/c,49,area,tre,RM,66,60,10.0000
C4P1,data/c,49,area,tre,TN,66,60,10.0000
C4P1,data/c,49,area,tre,SN,68,60,13.3333
C4P1,data/c,49,area,tre,MinD,67,60,11.6667
C4P1,data/c,49,area,tre,MaxD,66,60,10.0000
C4P2,data/c,49,width,widest-fit,LM,67,60,11.6667
C4P2,data/c,49,width,widest-fit,RM,66,60,10.0000
C4P2,data/c,49,width,widest-fit,TN,67,60,11.6667
C4P2,data/c,49,width,widest-fit,SN,64,60,6.6667
C4P2,data/c,49,width,widest-fit,MinD,64,60,6.6667
C4P2,data/c,49,width,widest-fit,MaxD,67,60,11.6667
C4P2,data/c,49,width,first-fit,LM,67,60,11.6667
C4P2,data/c,49,width,first-fit,RM,66,60,10.0000
C4P2,data/c,49,width,first-fit,TN,67,60,11.6667
C4P2,data/c,49,width,first-fit,SN,64,60,6.6667
C4P2,data/c,49,width,first-fit,MinD,64,60,6.6667
C4P2,data/c,49,width,first-fit,MaxD,67,60,11.6667
C4P2,data/c,49,width,tre,LM,67,60,11.6667
C4P2,data/c,49,width,tre,RM,66,60,10.0000
C4P2,data/c,49,width,tre,TN,67,60,11.6667
C4P2,data/c,49,width,tre,SN,64,60,6.6667
C4P2,data/c,49,width,tre,MinD,64,60,6.6667
C4P2,data/c,49,width,tre,MaxD,67,60,11.6667
C4P2,data/c,49,height,widest-fit,LM,67,60,11.6667
C4P2,data/c,49,height,widest-fit,RM,66,60,10.0000
C4P2,data/c,49,height,widest-fit,TN,67,60,11.6667
C4P2,data/c,49,height,widest-fit,SN,64,60,6.6667
C4P2,data/c,49,height,widest-fit,MinD,64,60,6.6667
C4P2,data/c,49,height,widest-fit,MaxD,67,60,11.6667
C4P2,data/c,49,height,first-fit,LM,65,60,8.3333
C4P2,data/c,49,height,first-fit,RM,65,60,8.3333
C4P2,data/c,49,height,first-fit,TN,70,60,16.6667
C4P2,data/c,49,height,first-fit,SN,70,60,16.6667
C4P2,data/c,49,height,first-fit,MinD,69,60,15.0000
C4P2,data/c,49,height,first-fit,MaxD,68,60,13.3333
C4P2,data/c,49,height,tre,LM,72,60,20.0000
C4P2,data/c,49,height,tre,RM,70,60,16.6667
C4P2,data/c,49,height,tre,TN,74,60,23.3333
C4P2,data/c,49,height,tre,SN,68,60,13.3333
C4P2,data/c,49,height,tre,MinD,71,60,18.3333
C4P2,data/c,49,height,tre,MaxD,72,60,20.0000
C4P2,data/c,49,area,widest-fit,LM,67,60,11.6667
C4P2,data/c,49,area,widest-fit,RM,66,60,10.0000
C4P2,data/c,49,area,widest-fit,TN,67,60,11.6667
C4P2,data/c,49,area,widest-fit,SN,64,60,6.6667
C4P2,data/c,49,area,widest-fit,MinD,64,60,6.6667
C4P2,data/c,49,area,widest-fit,MaxD,67,60,11.6667
C4P2,data/c,49,area,first-fit,LM,66,60,10.0000
C4P2,data/c,49,area,first-fit,RM,66,60,10.0000
C4P2,data/c,49,area,first-fit,TN,64,60,6.6667
C4P2,data/c,49,area,first-fit,SN,66,60,10.0000
C4P2,data/c,49,area,first-fit,MinD,66,60,10.0000
C4P2,data/c,49,area,first-fit,MaxD,65,60,8.3333
C4P2,data/c,49,area,tre,LM,70,60,16.6667
C4P2,data/c,49,area,tre,RM,70,60,16.6667
C4P2,data/c,49,area,tre,TN,70,60,16.6667
C4P2,data/c,49,area,tre,SN,72,60,20.0000
C4P2,data/c,49,area,tre,MinD,73,60,21.6667
C4P2,data/c,49,area,tre,MaxD,65,60,8.3333
C4P3,data/c,49,width,widest-fit,LM,62,60,3.3333
C4P3,data/c,49,width,widest-fit,RM,63,60,5.0000
C4P3,data/c,49,width,widest-fit,TN,63,60,5.0000
C4P3,data/c,49,width,widest-fit,SN,63,60,5.0000
C4P3,data/c,49,width,widest-fit,MinD,65,60,8.3333
C4P3,data/c,49,width,widest-fit,MaxD,63,60,5.0000
C4P3,data/c,49,width,first-fit,LM,62,60,3.3333
C4P3,data/c,49,width,first-fit,RM,63,60,5.0000
C4P3,data/c,49,width,first-fit,TN,63,60,5.0000
C4P3,data/c,49,width,first-fit,SN,63,60,5.0000
C4P3,data/c,49,width,first-fit,MinD,65,60,8.3333
C4P3,data/c,49,width,first-fit,MaxD,63,60,5.0000
C4P3,data/c,49,width,tre,LM,62,60,3.3333
C4P3,data/c,49,width,tre,RM,63,60,5.0000
C4P3,data/c,49,width,tre,TN,63,60,5.0000
C4P3,data/c,49,width,tre,SN,63,60,5.0000
C4P3,data/c,49,width,tre,MinD,65,60,8.3333
C4P3,data/c,49,width,tre,MaxD,63,60,5.0000
C4P3,data/c,49,height,widest-fit,LM,62,60,3.3333
C4P3,data/c,49,height,widest-fit,RM,63,60,5.0000
C4P3,data/c,49,height,widest-fit,TN,63,60,5.0000
C4P3,data/c,49,height,widest-fit,SN,63,60,5.0000
C4P3,data/c,49,height,widest-fit,MinD,65,60,8.3333
C4P3,data/c,49,height,widest-fit,MaxD,63,60,5.0000
C4P3,data/c,49,height,first-fit,LM,71,60,18.3333
C4P3,data/c,49,height,first-fit,RM,69,60,15.0000
C4P3,data/c,49,height,first-fit,TN,67,60,11.6667
C4P3,data/c,49,height,first-fit,SN,67,60,11.6667
C4P3,data/c,49,height,first-fit,MinD,67,60,11.6667
C4P3,data/c,49,height,first-fit,MaxD,69,60,15.0000
C4P3,data/c,49,height,tre,LM,68,60,13.3333
C4P3,data/c,49,height,tre,RM,68,60,13.3333
C4P3,data/c,49,height,tre,TN,72,60,20.0000
C4P3,data/c,49,height,tre,SN,72,60,20.0000
C4P3,data/c,49,height,tre,MinD,69,60,15.0000
C4P3,data/c,49,height,tre,MaxD,69,60,15.0000
C4P3,data/c,49,area,widest-fit,LM,62,60,3.3333
C4P3,data/c,49,area,widest-fit,RM,63,60,5.0000
C4P3,data/c,49,area,widest-fit,TN,63,60,5.0000
C4P3,data/c,49,area,widest-fit,SN,63,60,5.0000
C4P3,data/c,49,area,widest-fit,MinD,65,60,8.3333
C4P3,data/c,49,area,widest-fit,MaxD,63,60,5.0000
C4P3,data/c,49,area,first-fit,LM,64,60,6.6667
C4P3,data/c,49,area,first-fit,RM,64,60,6.6667
C4P3,data/c,49,area,first-fit,TN,67,60,11.6667
C4P3,data/c,49,area,first-fit,SN,65,60,8.3333
C4P3,data/c,49,area,first-fit,MinD,64,60,6.6667
C4P3,data/c,49,area,first-fit,MaxD,66,60,10.0000
C4P3,data/c,49,area,tre,LM,67,60,11.6667
C4P3,data/c,49,area,tre,RM,67,60,11.6667
C4P3,data/c,49,area,tre,TN,66,60,10.0000
C4P3,data/c,49,area,tre,SN,68,60,13.3333
C4P3,data/c,49,area,tre,MinD,68,60,13.3333
C4P3,data/c,49,area,tre,MaxD,67,60,11.6667
C5P1,data/c,73,width,widest-fit,LM,94,90,4.4444
C5P1,data/c,73,width,widest-fit,RM,93,90,3.3333
C5P1,data/c,73,width,widest-fit,TN,93,90,3.3333
C5P1,data/c,73,width,widest-fit,SN,94,90,4.4444
C5P1,data/c,73,width,widest-fit,MinD,94,90,4.4444
C5P1,data/c,73,width,widest-fit,MaxD,92,90,2.2222
C5P1,data/c,73,width,first-fit,LM,94,90,4.4444
C5P1,data/c,73,width,first-fit,RM,93,90,3.3333
C5P1,data/c,73,width,first-fit,TN,93,90,3.3333
C5P1,data/c,73,width,first-fit,SN,94,90,4.4444
C5P1,data/c,73,width,first-fit,MinD,94,90,4.4444
C5P1,data/c,73,width,first-fit,MaxD,92,90,2.2222
C5P1,data/c,73,width,tre,LM,94,90,4.4444
C5P1,data/c,73,width,tre,RM,93,90,3.3333
C5P1,data/c,73,width,tre,TN,93,90,3.3333
C5P1,data/c,73,width,tre,SN,94,90,4.4444
C5P1,data/c,73,width,tre,MinD,94,90,4.4444
C5P1,data/c,73,width,tre,MaxD,92,90,2.2222
C5P1,data/c,73,height,widest-fit,LM,94,90,4.4444
C5P1,data/c,73,height,widest-fit,RM,93,90,3.3333
C5P1,data/c,73,height,widest-fit,TN,93,90,3.3333
C5P1,data/c,73,height,widest-fit,SN,94,90,4.4444
C5P1,data/c,73,height,widest-fit,MinD,94,90,4.4444
C5P1,data/c,73,height,widest-fit,MaxD,92,90,2.2222
C5P1,data/c,73,height,first-fit,LM,98,90,8.8889
C5P1,data/c,73,height,first-fit,RM,98,90,8.8889
C5P1,data/c,73,height,first-fit,TN,94,90,4.4444
C5P1,data/c,73,height,first-fit,SN,98,90,8.8889
C5P1,data/c,73,height,first-fit,MinD,98,90,8.8889
C5P1,data/c,73,height,first-fit,MaxD,98,90,8.8889
C5P1,data/c,73,height,tre,LM,98,90,8.8889
C5P1,data/c,73,height,tre,RM,98,90,8.8889
C5P1,data/c,73,height,tre,TN,96,90,6.6667
C5P1,data/c,73,height,tre,SN,95,90,5.5556
C5P1,data/c,73,height,tre,MinD,98,90,8.8889
C5P1,data/c,73,height,tre,MaxD,98,90,8.8889
C5P1,data/c,73,area,widest-fit,LM,94,90,4.4444
C5P1,data/c,73,area,widest-fit,RM,93,90,3.3333
C5P1,data/c,73,area,widest-fit,TN,93,90,3.3333
C5P1,data/c,73,area,widest-fit,SN,94,90,4.4444
C5P1,data/c,73,area,widest-fit,MinD,94,90,4.4444
C5P1,data/c,73,area,widest-fit,MaxD,92,90,2.2222
C5P1,data/c,73,area,first-fit,LM,96,90,6.6667
C5P1,data/c,73,area,first-fit,RM,96,90,6.6667
C5P1,data/c,73,area,first-fit,TN,93,90,3.3333
C5P1,data/c,73,area,first-fit,SN,99,90,10.0000
C5P1,data/c,73,area,first-fit,MinD,96,90,6.6667
C5P1,data/c,73,area,first-fit,MaxD,97,90,7.7778
C5P1,data/c,73,area,tre,LM,95,90,5.5556
C5P1,data/c,73,area,tre,RM,95,90,5.5556
C5P1,data/c,73,area,tre,TN,95,90,5.5556
C5P1,data/c,73,area,tre,SN,94,90,4.4444
C5P1,data/c,73,area,tre,MinD,96,90,6.6667
C5P1,data/c,73,area,tre,MaxD,94,90,4.4444
C5P2,data/c,73,width,widest-fit,LM,93,90,3.3333
C5P2,data/c,73,width,widest-fit,RM,95,90,5.5556
C5P2,data/c,73,width,widest-fit,TN,92,90,2.2222
C5P2,data/c,73,width,widest-fit,SN,96,90,6.6667
C5P2,data/c,73,width,widest-fit,MinD,95,90,5.5556
C5P2,data/c,73,width,widest-fit,MaxD,92,90,2.2222
C5P2,data/c,73,width,first-fit,LM,93,90,3.3333
C5P2,data/c,73,width,first-fit,RM,95,90,5.5556
C5P2,data/c,73,width,first-fit,TN,92,90,2.2222
C5P2,data/c,73,width,first-fit,SN,96,90,6.6667
C5P2,data/c,73,width,first-fit,MinD,95,90,5.5556
C5P2,data/c,73,width,first-fit,MaxD,92,90,2.2222
C5P2,data/c,73,width,tre,LM,93,90,3.3333
C5P2,data/c,73,width,tre,RM,95,90,5.5556
C5P2,data/c,73,width,tre,TN,92,90,2.2222
C5P2,data/c,73,width,tre,SN,96,90,6.6667
C5P2,data/c,73,width,tre,MinD,95,90,5.5556
C5P2,data/c,73,width,tre,MaxD,92,90,2.2222
C5P2,data/c,73,height,widest-fit,LM,93,90,3.3333
C5P2,data/c,73,height,widest-fit,RM,95,90,5.5556
C5P2,data/c,73,height,widest-fit,TN,92,90,2.2222
C5P2,data/c,73,height,widest-fit,SN,96,90,6.6667
C5P2,data/c,73,height,widest-fit,MinD,95,90,5.5556
C5P2,data/c,73,height,widest-fit,MaxD,92,90,2.2222
C5P2,data/c,73,height,first-fit,LM,98,90,8.8889
C5P2,data/c,73,height,first-fit,RM,99,90,10.0000
C5P2,data/c,73,height,first-fit,TN,96,90,6.6667
C5P2,data/c,73,height,first-fit,SN,101,90,12.2222
C5P2,data/c,73,height,first-fit,MinD,99,90,10.0000
C5P2,data/c,73,height,first-fit,MaxD,97,90,7.7778
C5P2,data/c,73,height,tre,LM,100,90,11.1111
C5P2,data/c,73,height,tre,RM,97,90,7.7778
C5P2,data/c,73,height,tre,TN,97,90,7.7778
C5P2,data/c,73,height,tre,SN,101,90,12.2222
C5P2,data/c,73,height,tre,MinD,98,90,8.8889
C5P2,data/c,73,height,tre,MaxD,99,90,10.0000
C5P2,data/c,73,area,widest-fit,LM,93,90,3.3333
C5P2,data/c,73,area,widest-fit,RM,95,90,5.5556
C5P2,data/c,73,area,widest-fit,TN,92,90,2.2222
C5P2,data/c,73,area,widest-fit,SN,96,90,6.6667
C5P2,data/c,73,area,widest-fit,MinD,95,90,5.5556
C5P2,data/c,73,area,widest-fit,MaxD,92,90,2.2222
C5P2,data/c,73,area,first-fit,LM,95,90,5.5556
C5P2,data/c,73,area,first-fit,RM,98,90,8.8889
C5P2,data/c,73,area,first-fit,TN,95,90,5.5556
C5P2,data/c,73,area,first-fit,SN,96,90,6.6667
C5P2,data/c,73,area,first-fit,MinD,96,90,6.6667
C5P2,data/c,73,area,first-fit,MaxD,97,90,7.7778
C5P2,data/c,73,area,tre,LM,98,90,8.8889
C5P2,data/c,73,area,tre,RM,97,90,7.7778
C5P2,data/c,73,area,tre,TN,97,90,7.7778
C5P2,data/c,73,area,tre,SN,98,90,8.8889
C5P2,data/c,73,area,tre,MinD,95,90,5.5556
C5P2,data/c,73,area,tre,MaxD,97,90,7.7778
C5P3,data/c,73,width,widest-fit,LM,97,90,7.7778
C5P3,data/c,73,width,widest-fit,RM,97,90,7.7778
C5P3,data/c,73,width,widest-fit,TN,93,90,3.3333
C5P3,data/c,73,width,widest-fit,SN,93,90,3.3333
C5P3,data/c,73,width,widest-fit,MinD,94,90,4.4444
C5P3,data/c,73,width,widest-fit,MaxD,93,90,3.3333
C5P3,data/c,73,width,first-fit,LM,97,90,7.7778
C5P3,data/c,73,width,first-fit,RM,97,90,7.7778
C5P3,data/c,73,width,first-fit,TN,93,90,3.3333
C5P3,data/c,73,width,first-fit,SN,93,90,3.3333
C5P3,data/c,73,width,first-fit,MinD,94,90,4.4444
C5P3,data/c,73,width,first-fit,MaxD,93,90,3.3333
C5P3,data/c,73,width,tre,LM,97,90,7.7778
C5P3,data/c,73,width,tre,RM,97,90,7.7778
C5P3,data/c,73,width,tre,TN,93,90,3.3333
C5P3,data/c,73,width,tre,SN,93,90,3.3333
C5P3,data/c,73,width,tre,MinD,94,90,4.4444
C5P3,data/c,73,width,tre,MaxD,93,90,3.3333
C5P3,data/c,73,height,widest-fit,LM,97,90,7.7778
C5P3,data/c,73,height,widest-fit,RM,97,90,7.7778
C5P3,data/c,73,height,widest-fit,TN,93,90,3.3333
C5P3,data/c,73,height,widest-fit,SN,93,90,3.3333
C5P3,data/c,73,height,widest-fit,MinD,94,90,4.4444
C5P3,data/c,73,height,widest-fit,MaxD,93,90,3.3333
C5P3,data/c,73,height,first-fit,LM,107,90,18.8889
C5P3,data/c,73,height,first-fit,RM,107,90,18.8889
C5P3,data/c,73,height,first-fit,TN,98,90,8.8889
C5P3,data/c,73,height,first-fit,SN,103,90,14.4444
C5P3,data/c,73,height,first-fit,MinD,99,90,10.0000
C5P3,data/c,73,height,first-fit,MaxD,103,90,14.4444
C5P3,data/c,73,height,tre,LM,103,90,14.4444
C5P3,data/c,73,height,tre,RM,103,90,14.4444
C5P3,data/c,73,height,tre,TN,92,90,2.2222
C5P3,data/c,73,height,tre,SN,106,90,17.7778
C5P3,data/c,73,height,tre,MinD,103,90,14.4444
C5P3,data/c,73,height,tre,MaxD,92,90,2.2222
C5P3,data/c,73,area,widest-fit,LM,97,90,7.7778
C5P3,data/c,73,area,widest-fit,RM,97,90,7.7778
C5P3,data/c,73,area,widest-fit,TN,93,90,3.3333
C5P3,data/c,73,area,widest-fit,SN,93,90,3.3333
C5P3,data/c,73,area,widest-fit,MinD,94,90,4.4444
C5P3,data/c,73,area,widest-fit,MaxD,93,90,3.3333
C5P3,data/c,73,area,first-fit,LM,93,90,3.3333
C5P3,data/c,73,area,first-fit,RM,93,90,3.3333
C5P3,data/c,73,area,first-fit,TN,93,90,3.3333
C5P3,data/c,73,area,first-fit,SN,93,90,3.3333
C5P3,data/c,73,area,first-fit,MinD,92,90,2.2222
C5P3,data/c,73,area,first-fit,MaxD,94,90,4.4444
C5P3,data/c,73,area,tre,LM,95,90,5.5556
C5P3,data/c,73,area,tre,RM,95,90,5.5556
C5P3,data/c,73,area,tre,TN,95,90,5.5556
C5P3,data/c,73,area,tre,SN,91,90,1.1111
C5P3,data/c,73,area,tre,MinD,95,90,5.5556
C5P3,data/c,73,area,tre,MaxD,95,90,5.5556
C6P1,data/c,97,width,widest-fit,LM,124,120,3.3333
C6P1,data/c,97,width,widest-fit,RM,124,120,3.3333
C6P1,data/c,97,width,widest-fit,TN,123,120,2.5000
C6P1,data/c,97,width,widest-fit,SN,127,120,5.8333
C6P1,data/c,97,width,widest-fit,MinD,124,120,3.3333
C6P1,data/c,97,width,widest-fit,MaxD,125,120,4.1667
C6P1,data/c,97,width,first-fit,LM,124,120,3.3333
C6P1,data/c,97,width,first-fit,RM,124,120,3.3333
C6P1,data/c,97,width,first-fit,TN,123,120,2.5000
C6P1,data/c,97,width,first-fit,SN,127,120,5.8333
C6P1,data/c,97,width,first-fit,MinD,124,120,3.3333
C6P1,data/c,97,width,first-fit,MaxD,125,120,4.1667
C6P1,data/c,97,width,tre,LM,124,120,3.3333
C6P1,data/c,97,width,tre,RM,124,120,3.3333
C6P1,data/c,97,width,tre,TN,123,120,2.5000
C6P1,data/c,97,width,tre,SN,127,120,5.8333
C6P1,data/c,97,width,tre,MinD,124,120,3.3333
C6P1,data/c,97,width,tre,MaxD,125,120,4.1667
C6P1,data/c,97,height,widest-fit,LM,124,120,3.3333
C6P1,data/c,97,height,widest-fit,RM,124,120,3.3333
C6P1,data/c,97,height,widest-fit,TN,123,120,2.5000
C6P1,data/c,97,height,widest-fit,SN,127,120,5.8333
C6P1,data/c,97,height,widest-fit,MinD,124,120,3.3333
C6P1,data/c,97,height,widest-fit,MaxD,125,120,4.1667
C6P1,data/c,97,height,first-fit,LM,133,120,10.8333
C6P1,data/c,97,height,first-fit,RM,133,120,10.8333
C6P1,data/c,97,height,first-fit,TN,129,120,7.5000
C6P1,data/c,97,height,first-fit,SN,137,120,14.1667
C6P1,data/c,97,height,first-fit,MinD,135,120,12.5000
C6P1,data/c,97,height,first-fit,MaxD,134,120,11.6667
C6P1,data/c,97,height,tre,LM,131,120,9.1667
C6P1,data/c,97,height,tre,RM,131,120,9.1667
C6P1,data/c,97,height,tre,TN,133,120,10.8333
C6P1,data/c,97,height,tre,SN,131,120,9.1667
C6P1,data/c,97,height,tre,MinD,131,120,9.1667
C6P1,data/c,97,height,tre,MaxD,131,120,9.1667
C6P1,data/c,97,area,widest-fit,LM,124,120,3.3333
C6P1,data/c,97,area,widest-fit,RM,124,120,3.3333
C6P1,data/c,97,area,widest-fit,TN,123,120,2.5000
C6P1,data/c,97,area,widest-fit,SN,127,120,5.8333
C6P1,data/c,97,area,widest-fit,MinD,124,120,3.3333
C6P1,data/c,97,area,widest-fit,MaxD,125,120,4.1667
C6P1,data/c,97,area,first-fit,LM,125,120,4.1667
C6P1,data/c,97,area,first-fit,RM,125,120,4.1667
C6P1,data/c,97,area,first-fit,TN,124,120,3.3333
C6P1,data/c,97,area,first-fit,SN,128,120,6.6667
C6P1,data/c,97,area,first-fit,MinD,126,120,5.0000
C6P1,data/c,97,area,first-fit,MaxD,126,120,5.0000
C6P1,data/c,97,area,tre,LM,130,120,8.3333
C6P1,data/c,97,area,tre,RM,125,120,4.1667
C6P1,data/c,97,area,tre,TN,128,120,6.6667
C6P1,data/c,97,area,tre,SN,126,120,5.0000
C6P1,data/c,97,area,tre,MinD,132,120,10.0000
C6P1,data/c,97,area,tre,MaxD,128,120,6.6667
C6P2,data/c,97,width,widest-fit,LM,124,120,3.3333
C6P2,data/c,97,width,widest-fit,RM,124,120,3.3333
C6P2,data/c,97,width,widest-fit,TN,124,120,3.3333
C6P2,data/c,97,width,widest-fit,SN,124,120,3.3333
C6P2,data/c,97,width,widest-fit,MinD,122,120,1.6667
C6P2,data/c,97,width,widest-fit,MaxD,128,120,6.6667
C6P2,data/c,97,width,first-fit,LM,124,120,3.3333
C6P2,data/c,97,width,first-fit,RM,124,120,3.3333
C6P2,data/c,97,width,first-fit,TN,124,120,3.3333
C6P2,data/c,97,width,first-fit,SN,124,120,3.3333
C6P2,data/c,97,width,first-fit,MinD,122,120,1.6667
C6P2,data/c,97,width,first-fit,MaxD,128,120,6.6667
C6P2,data/c,97,width,tre,LM,124,120,3.3333
C6P2,data/c,97,width,tre,RM,124,120,3.3333
C6P2,data/c,97,width,tre,TN,124,120,3.3333
C6P2,data/c,97,width,tre,SN,124,120,3.3333
C6P2,data/c,97,width,tre,MinD,122,120,1.6667
C6P2,data/c,97,width,tre,MaxD,128,120,6.6667
C6P2,data/c,97,height,widest-fit,LM,124,120,3.3333
C6P2,data/c,97,height,widest-fit,RM,124,120,3.3333
C6P2,data/c,97,height,widest-fit,TN,124,120,3.3333
C6P2,data/c,97,height,widest-fit,SN,124,120,3.3333
C6P2,data/c,97,height,widest-fit,MinD,122,120,1.6667
C6P2,data/c,97,height,widest-fit,MaxD,128,120,6.6667
C6P2,data/c,97,height,first-fit,LM,130,120,8.3333
C6P2,data/c,97,height,first-fit,RM,132,120,10.0000
C6P2,data/c,97,height,first-fit,TN,129,120,7.5000
C6P2,data/c,97,height,first-fit,SN,130,120,8.3333
C6P2,data/c,97,height,first-fit,MinD,130,120,8.3333
C6P2,data/c,97,height,first-fit,MaxD,130,120,8.3333
C6P2,data/c,97,height,tre,LM,135,120,12.5000
C6P2,data/c,97,height,tre,RM,129,120,7.5000
C6P2,data/c,97,height,tre,TN,128,120,6.6667
C6P2,data/c,97,height,tre,SN,135,120,12.5000
C6P2,data/c,97,height,tre,MinD,136,120,13.3333
C6P2,data/c,97,height,tre,MaxD,135,120,12.5000
C6P2,data/c,97,area,widest-fit,LM,124,120,3.3333
C6P2,data/c,97,area,widest-fit,RM,124,120,3.3333
C6P2,data/c,97,area,widest-fit,TN,124,120,3.3333
C6P2,data/c,97,area,widest-fit,SN,124,120,3.3333
C6P2,data/c,97,area,widest-fit,MinD,122,120,1.6667
C6P2,data/c,97,area,widest-fit,MaxD,128,120,6.6667
C6P2,data/c,97,area,first-fit,LM,129,120,7.5000
C6P2,data/c,97,area,first-fit,RM,125,120,4.1667
C6P2,data/c,97,area,first-fit,TN,128,120,6.6667
C6P2,data/c,97,area,first-fit,SN,126,120,5.0000
C6P2,data/c,97,area,first-fit,MinD,125,120,4.1667
C6P2,data/c,97,area,first-fit,MaxD,128,120,6.6667
C6P2,data/c,97,area,tre,LM,128,120,6.6667
C6P2,data/c,97,area,tre,RM,127,120,5.8333
C6P2,data/c,97,area,tre,TN,128,120,6.6667
C6P2,data/c,97,area,tre,SN,126,120,5.0000
C6P2,data/c,97,area,tre,MinD,127,120,5.8333
C6P2,data/c,97,area,tre,MaxD,124,120,3.3333
C6P3,data/c,97,width,widest-fit,LM,124,120,3.3333
C6P3,data/c,97,width,widest-fit,RM,123,120,2.5000
C6P3,data/c,97,width,widest-fit,TN,132,120,10.0000
C6P3,data/c,97,width,widest-fit,SN,125,120,4.1667
C6P3,data/c,97,width,widest-fit,MinD,131,120,9.1667
C6P3,data/c,97,width,widest-fit,MaxD,123,120,2.5000
C6P3,data/c,97,width,first-fit,LM,124,120,3.3333
C6P3,data/c,97,width,first-fit,RM,123,120,2.5000
C6P3,data/c,97,width,first-fit,TN,132,120,10.0000
C6P3,data/c,97,width,first-fit,SN,125,120,4.1667
C6P3,data/c,97,width,first-fit,MinD,131,120,9.1667
C6P3,data/c,97,width,first-fit,MaxD,123,120,2.5000
C6P3,data/c,97,width,tre,LM,124,120,3.3333
C6P3,data/c,97,width,tre,RM,123,120,2.5000
C6P3,data/c,97,width,tre,TN,132,120,10.0000
C6P3,data/c,97,width,tre,SN,125,120,4.1667
C6P3,data/c,97,width,tre,MinD,131,120,9.1667
C6P3,data/c,97,width,tre,MaxD,123,120,2.5000
C6P3,data/c,97,height,widest-fit,LM,124,120,3.3333
C6P3,data/c,97,height,widest-fit,RM,123,120,2.5000
C6P3,data/c,97,height,widest-fit,TN,132,120,10.0000
C6P3,data/c,97,height,widest-fit,SN,125,120,4.1667
C6P3,data/c,97,height,widest-fit,MinD,131,120,9.1667
C6P3,data/c,97,height,widest-fit,MaxD,123,120,2.5000
C6P3,data/c,97,height,first-fit,LM,131,120,9.1667
C6P3,data/c,97,height,first-fit,RM,131,120,9.1667
C6P3,data/c,97,height,first-fit,TN,127,120,5.8333
C6P3,data/c,97,height,first-fit,SN,131,120,9.1667
C6P3,data/c,97,height,first-fit,MinD,129,120,7.5000
C6P3,data/c,97,height,first-fit,MaxD,130,120,8.3333
C6P3,data/c,97,height,tre,LM,133,120,10.8333
C6P3,data/c,97,height,tre,RM,133,120,10.8333
C6P3,data/c,97,height,tre,TN,137,120,14.1667
C6P3,data/c,97,height,tre,SN,131,120,9.1667
C6P3,data/c,97,height,tre,MinD,132,120,10.0000
C6P3,data/c,97,height,tre,MaxD,129,120,7.5000
C6P3,data/c,97,area,widest-fit,LM,124,120,3.3333
C6P3,data/c,97,area,widest-fit,RM,123,120,2.5000
C6P3,data/c,97,area,widest-fit,TN,132,120,10.0000
C6P3,data/c,97,area,widest-fit,SN,125,120,4.1667
C6P3,data/c,97,area,widest-fit,MinD,131,120,9.1667
C6P3,data/c,97,area,widest-fit,MaxD,123,120,2.5000
C6P3,data/c,97,area,first-fit,LM,127,120,5.8333
C6P3,data/c,97,area,first-fit,RM,127,120,5.8333
C6P3,data/c,97,area,first-fit,TN,124,120,3.3333
C6P3,data/c,97,area,first-fit,SN,126,120,5.0000
C6P3,data/c,97,area,first-fit,MinD,126,120,5.0000
C6P3,data/c,97,area,first-fit,MaxD,128,120,6.6667
C6P3,data/c,97,area,tre,LM,128,120,6.6667
C6P3,data/c,97,area,tre,RM,127,120,5.8333
C6P3,data/c,97,area,tre,TN,128,120,6.6667
C6P3,data/c,97,area,tre,SN,126,120,5.0000
C6P3,data/c,97,area,tre,MinD,126,120,5.0000
C6P3,data/c,97,area,tre,MaxD,124,120,3.3333
C7P1,data/c,196,width,widest-fit,LM,246,240,2.5000
C7P1,data/c,196,width,widest-fit,RM,248,240,3.3333
C7P1,data/c,196,width,widest-fit,TN,247,240,2.9167
C7P1,data/c,196,width,widest-fit,SN,250,240,4.1667
C7P1,data/c,196,width,widest-fit,MinD,246,240,2.5000
C7P1,data/c,196,width,widest-fit,MaxD,247,240,2.9167
C7P1,data/c,196,width,first-fit,LM,246,240,2.5000
C7P1,data/c,196,width,first-fit,RM,248,240,3.3333
C7P1,data/c,196,width,first-fit,TN,247,240,2.9167
C7P1,data/c,196,width,first-fit,SN,250,240,4.1667
C7P1,data/c,196,width,first-fit,MinD,246,240,2.5000
C7P1,data/c,196,width,first-fit,MaxD,247,240,2.9167
C7P1,data/c,196,width,tre,LM,246,240,2.5000
C7P1,data/c,196,width,tre,RM,248,240,3.3333
C7P1,data/c,196,width,tre,TN,247,240,2.9167
C7P1,data/c,196,width,tre,SN,250,240,4.1667
C7P1,data/c,196,width,tre,MinD,246,240,2.5000
C7P1,data/c,196,width,tre,MaxD,247,240,2.9167
C7P1,data/c,196,height,widest-fit,LM,246,240,2.5000
C7P1,data/c,196,height,widest-fit,RM,248,240,3.3333
C7P1,data/c,196,height,widest-fit,TN,247,240,2.9167
C7P1,data/c,196,height,widest-fit,SN,250,240,4.1667
C7P1,data/c,196,height,widest-fit,MinD,246,240,2.5000
C7P1,data/c,196,height,widest-fit,MaxD,247,240,2.9167
C7P1,data/c,196,height,first-fit,LM,255,240,6.2500
C7P1,data/c,196,height,first-fit,RM,253,240,5.4167
C7P1,data/c,196,height,first-fit,TN,250,240,4.1667
C7P1,data/c,196,height,first-fit,SN,252,240,5.0000
C7P1,data/c,196,height,first-fit,MinD,254,240,5.8333
C7P1,data/c,196,height,first-fit,MaxD,258,240,7.5000
C7P1,data/c,196,height,tre,LM,260,240,8.3333
C7P1,data/c,196,height,tre,RM,263,240,9.5833
C7P1,data/c,196,height,tre,TN,258,240,7.5000
C7P1,data/c,196,height,tre,SN,266,240,10.8333
C7P1,data/c,196,height,tre,MinD,262,240,9.1667
C7P1,data/c,196,height,tre,MaxD,257,240,7.0833
C7P1,data/c,196,area,widest-fit,LM,246,240,2.5000
C7P1,data/c,196,area,widest-fit,RM,248,240,3.3333
C7P1,data/c,196,area,widest-fit,TN,247,240,2.9167
C7P1,data/c,196,area,widest-fit,SN,250,240,4.1667
C7P1,data/c,196,area,widest-fit,MinD,246,240,2.5000
C7P1,data/c,196,area,widest-fit,MaxD,247,240,2.9167
C7P1,data/c,196,area,first-fit,LM,246,240,2.5000
C7P1,data/c,196,area,first-fit,RM,247,240,2.9167
C7P1,data/c,196,area,first-fit,TN,246,240,2.5000
C7P1,data/c,196,area,first-fit,SN,253,240,5.4167
C7P1,data/c,196,area,first-fit,MinD,249,240,3.7500
C7P1,data/c,196,area,first-fit,MaxD,252,240,5.0000
C7P1,data/c,196,area,tre,LM,248,240,3.3333
C7P1,data/c,196,area,tre,RM,245,240,2.0833
C7P1,data/c,196,area,tre,TN,246,240,2.5000
C7P1,data/c,196,area,tre,SN,251,240,4.5833
C7P1,data/c,196,area,tre,MinD,243,240,1.2500
C7P1,data/c,196,area,tre,MaxD,246,240,2.5000
C7P2,data/c,197,width,widest-fit,LM,246,240,2.5000
C7P2,data/c,197,width,widest-fit,RM,245,240,2.0833
C7P2,data/c,197,width,widest-fit,TN,244,240,1.6667
C7P2,data/c,197,width,widest-fit,SN,246,240,2.5000
C7P2,data/c,197,width,widest-fit,MinD,245,240,2.0833
C7P2,data/c,197,width,widest-fit,MaxD,245,240,2.0833
C7P2,data/c,197,width,first-fit,LM,246,240,2.5000
C7P2,data/c,197,width,first-fit,RM,245,240,2.0833
C7P2,data/c,197,width,first-fit,TN,244,240,1.6667
C7P2,data/c,197,width,first-fit,SN,246,240,2.5000
C7P2,data/c,197,width,first-fit,MinD,245,240,2.0833
C7P2,data/c,197,width,first-fit,MaxD,245,240,2.0833
C7P2,data/c,197,width,tre,LM,246,240,2.5000
C7P2,data/c,197,width,tre,RM,245,240,2.0833
C7P2,data/c,197,width,tre,TN,244,240,1.6667
C7P2,data/c,197,width,tre,SN,246,240,2.5000
C7P2,data/c,197,width,tre,MinD,245,240,2.0833
C7P2,data/c,197,width,tre,MaxD,245,240,2.0833
C7P2,data/c,197,height,widest-fit,LM,246,240,2.5000
C7P2,data/c,197,height,widest-fit,RM,245,240,2.0833
C7P2,data/c,197,height,widest-fit,TN,244,240,1.6667
C7P2,data/c,197,height,widest-fit,SN,246,240,2.5000
C7P2,data/c,197,height,widest-fit,MinD,245,240,2.0833
C7P2,data/c,197,height,widest-fit,MaxD,245,240,2.0833
C7P2,data/c,197,height,first-fit,LM,255,240,6.2500
C7P2,data/c,197,height,first-fit,RM,252,240,5.0000
C7P2,data/c,197,height,first-fit,TN,252,240,5.0000
C7P2,data/c,197,height,first-fit,SN,253,240,5.4167
C7P2,data/c,197,height,first-fit,MinD,252,240,5.0000
C7P2,data/c,197,height,first-fit,MaxD,256,240,6.6667
C7P2,data/c,197,height,tre,LM,254,240,5.8333
C7P2,data/c,197,height,tre,RM,261,240,8.7500
C7P2,data/c,197,height,tre,TN,256,240,6.6667
C7P2,data/c,197,height,tre,SN,252,240,5.0000
C7P2,data/c,197,height,tre,MinD,262,240,9.1667
C7P2,data/c,197,height,tre,MaxD,257,240,7.0833
C7P2,data/c,197,area,widest-fit,LM,246,240,2.5000
C7P2,data/c,197,area,widest-fit,RM,245,240,2.0833
C7P2,data/c,197,area,widest-fit,TN,244,240,1.6667
C7P2,data/c,197,area,widest-fit,SN,246,240,2.5000
C7P2,data/c,197,area,widest-fit,MinD,245,240,2.0833
C7P2,data/c,197,area,widest-fit,MaxD,245,240,2.0833
C7P2,data/c,197,area,first-fit,LM,248,240,3.3333
C7P2,data/c,197,area,first-fit,RM,248,240,3.3333
C7P2,data/c,197,area,first-fit,TN,259,240,7.9167
C7P2,data/c,197,area,first-fit,SN,255,240,6.2500
C7P2,data/c,197,area,first-fit,MinD,258,240,7.5000
C7P2,data/c,197,area,first-fit,MaxD,251,240,4.5833
C7P2,data/c,197,area,tre,LM,254,240,5.8333
C7P2,data/c,197,area,tre,RM,254,240,5.8333
C7P2,data/c,197,area,tre,TN,248,240,3.3333
C7P2,data/c,197,area,tre,SN,251,240,4.5833
C7P2,data/c,197,area,tre,MinD,252,240,5.0000
C7P2,data/c,197,area,tre,MaxD,245,240,2.0833
C7P3,data/c,196,width,widest-fit,LM,245,240,2.0833
C7P3,data/c,196,width,widest-fit,RM,247,240,2.9167
C7P3,data/c,196,width,widest-fit,TN,247,240,2.9167
C7P3,data/c,196,width,widest-fit,SN,248,240,3.3333
C7P3,data/c,196,width,widest-fit,MinD,248,240,3.3333
C7P3,data/c,196,width,widest-fit,MaxD,246,240,2.5000
C7P3,data/c,196,width,first-fit,LM,245,240,2.0833
C7P3,data/c,196,width,first-fit,RM,247,240,2.9167
C7P3,data/c,196,width,first-fit,TN,247,240,2.9167
C7P3,data/c,196,width,first-fit,SN,248,240,3.3333
C7P3,data/c,196,width,first-fit,MinD,248,240,3.3333
C7P3,data/c,196,width,first-fit,MaxD,246,240,2.5000
C7P3,data/c,196,width,tre,LM,245,240,2.0833
C7P3,data/c,196,width,tre,RM,247,240,2.9167
C7P3,data/c,196,width,tre,TN,247,240,2.9167
C7P3,data/c,196,width,tre,SN,248,240,3.3333
C7P3,data/c,196,width,tre,MinD,248,240,3.3333
C7P3,data/c,196,width,tre,MaxD,246,240,2.5000
C7P3,data/c,196,height,widest-fit,LM,245,240,2.0833
C7P3,data/c,196,height,widest-fit,RM,247,240,2.9167
C7P3,data/c,196,height,widest-fit,TN,247,240,2.9167
C7P3,data/c,196,height,widest-fit,SN,248,240,3.3333
C7P3,data/c,196,height,widest-fit,MinD,248,240,3.3333
C7P3,data/c,196,height,widest-fit,MaxD,246,240,2.5000
C7P3,data/c,196,height,first-fit,LM,254,240,5.8333
C7P3,data/c,196,height,first-fit,RM,259,240,7.9167
C7P3,data/c,196,height,first-fit,TN,251,240,4.5833
C7P3,data/c,196,height,first-fit,SN,254,240,5.8333
C7P3,data/c,196,height,first-fit,MinD,256,240,6.6667
C7P3,data/c,196,height,first-fit,MaxD,250,240,4.1667
C7P3,data/c,196,height,tre,LM,254,240,5.8333
C7P3,data/c,196,height,tre,RM,252,240,5.0000
C7P3,data/c,196,height,tre,TN,256,240,6.6667
C7P3,data/c,196,height,tre,SN,251,240,4.5833
C7P3,data/c,196,height,tre,MinD,258,240,7.5000
C7P3,data/c,196,height,tre,MaxD,251,240,4.5833
C7P3,data/c,196,area,widest-fit,LM,245,240,2.0833
C7P3,data/c,196,area,widest-fit,RM,247,240,2.9167
C7P3,data/c,196,area,widest-fit,TN,247,240,2.9167
C7P3,data/c,196,area,widest-fit,SN,248,240,3.3333
C7P3,data/c,196,area,widest-fit,MinD,248,240,3.3333
C7P3,data/c,196,area,widest-fit,MaxD,246,240,2.5000
C7P3,data/c,196,area,first-fit,LM,250,240,4.1667
C7P3,data/c,196,area,first-fit,RM,249,240,3.7500
C7P3,data/c,196,area,first-fit,TN,245,240,2.0833
C7P3,data/c,196,area,first-fit,SN,251,240,4.5833
C7P3,data/c,196,area,first-fit,MinD,250,240,4.1667
C7P3,data/c,196,area,first-fit,MaxD,254,240,5.8333
C7P3,data/c,196,area,tre,LM,246,240,2.5000
C7P3,data/c,196,area,tre,RM,250,240,4.1667
C7P3,data/c,196,area,tre,TN,249,240,3.7500
C7P3,data/c,196,area,tre,SN,247,240,2.9167
C7P3,data/c,196,area,tre,MinD,248,240,3.3333
C7P3,data/c,196,area,tre,MaxD,249,240,3.7500
BKW01,data/bkw,10,width,widest-fit,LM,48,40,20.0000
BKW01,data/bkw,10,width,widest-fit,RM,48,40,20.0000
BKW01,data/bkw,10,width,widest-fit,TN,47,40,17.5000
BKW01,data/bkw,10,width,widest-fit,SN,52,40,30.0000
BKW01,data/bkw,10,width,widest-fit,MinD,48,40,20.0000
BKW01,data/bkw,10,width,widest-fit,MaxD,47,40,17.5000
BKW01,data/bkw,10,width,first-fit,LM,48,40,20.0000
BKW01,data/bkw,10,width,first-fit,RM,48,40,20.0000
BKW01,data/bkw,10,width,first-fit,TN,47,40,17.5000
BKW01,data/bkw,10,width,first-fit,SN,52,40,30.0000
BKW01,data/bkw,10,width,first-fit,MinD,48,40,20.0000
BKW01,data/bkw,10,width,first-fit,MaxD,47,40,17.5000
BKW01,data/bkw,10,width,tre,LM,48,40,20.0000
BKW01,data/bkw,10,width,tre,RM,48,40,20.0000
BKW01,data/bkw,10,width,tre,TN,47,40,17.5000
BKW01,data/bkw,10,width,tre,SN,52,40,30.0000
BKW01,data/bkw,10,width,tre,MinD,48,40,20.0000
BKW01,data/bkw,10,width,tre,MaxD,47,40,17.5000
BKW01,data/bkw,10,height,widest-fit,LM,48,40,20.0000
BKW01,data/bkw,10,height,widest-fit,RM,48,40,20.0000
BKW01,data/bkw,10,height,widest-fit,TN,47,40,17.5000
BKW01,data/bkw,10,height,widest-fit,SN,52,40,30.0000
BKW01,data/bkw,10,height,widest-fit,MinD,48,40,20.0000
BKW01,data/bkw,10,height,widest-fit,MaxD,47,40,17.5000
BKW01,data/bkw,10,height,first-fit,LM,50,40,25.0000
BKW01,data/bkw,10,height,first-fit,RM,50,40,25.0000
BKW01,data/bkw,10,height,first-fit,TN,50,40,25.0000
BKW01,data/bkw,10,height,first-fit,SN,50,40,25.0000
BKW01,data/bkw,10,height,first-fit,MinD,50,40,25.0000
BKW01,data/bkw,10,height,first-fit,MaxD,50,40,25.0000
BKW01,data/bkw,10,height,tre,LM,48,40,20.0000
BKW01,data/bkw,10,height,tre,RM,48,40,20.0000
BKW01,data/bkw,10,height,tre,TN,43,40,7.5000
BKW01,data/bkw,10,height,tre,SN,48,40,20.0000
BKW01,data/bkw,10,height,tre,MinD,48,40,20.0000
BKW01,data/bkw,10,height,tre,MaxD,43,40,7.5000
BKW01,data/bkw,10,area,widest-fit,LM,48,40,20.0000
BKW01,data/bkw,10,area,widest-fit,RM,48,40,20.0000
BKW01,data/bkw,10,area,widest-fit,TN,47,40,17.5000
BKW01,data/bkw,10,area,widest-fit,SN,52,40,30.0000
BKW01,data/bkw,10,area,widest-fit,MinD,48,40,20.0000
BKW01,data/bkw,10,area,widest-fit,MaxD,47,40,17.5000
BKW01,data/bkw,10,area,first-fit,LM,40,40,0.0000
BKW01,data/bkw,10,area,first-fit,RM,40,40,0.0000
BKW01,data/bkw,10,area,first-fit,TN,40,40,0.0000
BKW01,data/bkw,10,area,first-fit,SN,40,40,0.0000
BKW01,data/bkw,10,area,first-fit,MinD,40,40,0.0000
BKW01,data/bkw,10,area,first-fit,MaxD,40,40,0.0000
BKW01,data/bkw,10,area,tre,LM,40,40,0.0000
BKW01,data/bkw,10,area,tre,RM,40,40,0.0000
BKW01,data/bkw,10,area,tre,TN,40,40,0.0000
BKW01,data/bkw,10,area,tre,SN,40,40,0.0000
BKW01,data/bkw,10,area,tre,MinD,40,40,0.0000
BKW01,data/bkw,10,area,tre,MaxD,40,40,0.0000
BKW02,data/bkw,20,width,widest-fit,LM,55,50,10.0000
BKW02,data/bkw,20,width,widest-fit,RM,55,50,10.0000
BKW02,data/bkw,20,width,widest-fit,TN,53,50,6.0000
BKW02,data/bkw,20,width,widest-fit,SN,54,50,8.0000
BKW02,data/bkw,20,width,widest-fit,MinD,53,50,6.0000
BKW02,data/bkw,20,width,widest-fit,MaxD,55,50,10.0000
BKW02,data/bkw,20,width,first-fit,LM,55,50,10.0000
BKW02,data/bkw,20,width,first-fit,RM,55,50,10.0000
BKW02,data/bkw,20,width,first-fit,TN,53,50,6.0000
BKW02,data/bkw,20,width,first-fit,SN,54,50,8.0000
BKW02,data/bkw,20,width,first-fit,MinD,53,50,6.0000
BKW02,data/bkw,20,width,first-fit,MaxD,55,50,10.0000
BKW02,data/bkw,20,width,tre,LM,55,50,10.0000
BKW02,data/bkw,20,width,tre,RM,55,50,10.0000
BKW02,data/bkw,20,width,tre,TN,53,50,6.0000
BKW02,data/bkw,20,width,tre,SN,54,50,8.0000
BKW02,data/bkw,20,width,tre,MinD,53,50,6.0000
BKW02,data/bkw,20,width,tre,MaxD,55,50,10.0000
BKW02,data/bkw,20,height,widest-fit,LM,55,50,10.0000
BKW02,data/bkw,20,height,widest-fit,RM,55,50,10.0000
BKW02,data/bkw,20,height,widest-fit,TN,53,50,6.0000
BKW02,data/bkw,20,height,widest-fit,SN,54,50,8.0000
BKW02,data/bkw,20,height,widest-fit,MinD,53,50,6.0000
BKW02,data/bkw,20,height,widest-fit,MaxD,55,50,10.0000
BKW02,data/bkw,20,height,first-fit,LM,57,50,14.0000
BKW02,data/bkw,20,height,first-fit,RM,57,50,14.0000
BKW02,data/bkw,20,height,first-fit,TN,54,50,8.0000
BKW02,data/bkw,20,height,first-fit,SN,54,50,8.0000
BKW02,data/bkw,20,height,first-fit,MinD,54,50,8.0000
BKW02,data/bkw,20,height,first-fit,MaxD,56,50,12.0000
BKW02,data/bkw,20,height,tre,LM,60,50,20.0000
BKW02,data/bkw,20,height,tre,RM,60,50,20.0000
BKW02,data/bkw,20,height,tre,TN,53,50,6.0000
BKW02,data/bkw,20,height,tre,SN,54,50,8.0000
BKW02,data/bkw,20,height,tre,MinD,54,50,8.0000
BKW02,data/bkw,20,height,tre,MaxD,53,50,6.0000
BKW02,data/bkw,20,area,widest-fit,LM,55,50,10.0000
BKW02,data/bkw,20,area,widest-fit,RM,55,50,10.0000
BKW02,data/bkw,20,area,widest-fit,TN,53,50,6.0000
BKW02,data/bkw,20,area,widest-fit,SN,54,50,8.0000
BKW02,data/bkw,20,area,widest-fit,MinD,53,50,6.0000
BKW02,data/bkw,20,area,widest-fit,MaxD,55,50,10.0000
BKW02,data/bkw,20,area,first-fit,LM,57,50,14.0000
BKW02,data/bkw,20,area,first-fit,RM,53,50,6.0000
BKW02,data/bkw,20,area,first-fit,TN,55,50,10.0000
BKW02,data/bkw,20,area,first-fit,SN,56,50,12.0000
BKW02,data/bkw,20,area,first-fit,MinD,56,50,12.0000
BKW02,data/bkw,20,area,first-fit,MaxD,56,50,12.0000
BKW02,data/bkw,20,area,tre,LM,56,50,12.0000
BKW02,data/bkw,20,area,tre,RM,56,50,12.0000
BKW02,data/bkw,20,area,tre,TN,53,50,6.0000
BKW02,data/bkw,20,area,tre,SN,57,50,14.0000
BKW02,data/bkw,20,area,tre,MinD,57,50,14.0000
BKW02,data/bkw,20,area,tre,MaxD,53,50,6.0000
BKW03,data/bkw,30,width,widest-fit,LM,54,50,8.0000
BKW03,data/bkw,30,width,widest-fit,RM,54,50,8.0000
BKW03,data/bkw,30,width,widest-fit,TN,64,50,28.0000
BKW03,data/bkw,30,width,widest-fit,SN,54,50,8.0000
BKW03,data/bkw,30,width,widest-fit,MinD,54,50,8.0000
BKW03,data/bkw,30,width,widest-fit,MaxD,64,50,28.0000
BKW03,data/bkw,30,width,first-fit,LM,53,50,6.0000
BKW03,data/bkw,30,width,first-fit,RM,53,50,6.0000
BKW03,data/bkw,30,width,first-fit,TN,52,50,4.0000
BKW03,data/bkw,30,width,first-fit,SN,53,50,6.0000
BKW03,data/bkw,30,width,first-fit,MinD,53,50,6.0000
BKW03,data/bkw,30,width,first-fit,MaxD,53,50,6.0000
BKW03,data/bkw,30,width,tre,LM,53,50,6.0000
BKW03,data/bkw,30,width,tre,RM,53,50,6.0000
BKW03,data/bkw,30,width,tre,TN,52,50,4.0000
BKW03,data/bkw,30,width,tre,SN,53,50,6.0000
BKW03,data/bkw,30,width,tre,MinD,53,50,6.0000
BKW03,data/bkw,30,width,tre,MaxD,53,50,6.0000
BKW03,data/bkw,30,height,widest-fit,LM,54,50,8.0000
BKW03,data/bkw,30,height,widest-fit,RM,54,50,8.0000
BKW03,data/bkw,30,height,widest-fit,TN,64,50,28.0000
BKW03,data/bkw,30,height,widest-fit,SN,54,50,8.0000
BKW03,data/bkw,30,height,widest-fit,MinD,54,50,8.0000
BKW03,data/bkw,30,height,widest-fit,MaxD,64,50,28.0000
BKW03,data/bkw,30,height,first-fit,LM,53,50,6.0000
BKW03,data/bkw,30,height,first-fit,RM,53,50,6.0000
BKW03,data/bkw,30,height,first-fit,TN,53,50,6.0000
BKW03,data/bkw,30,height,first-fit,SN,53,50,6.0000
BKW03,data/bkw,30,height,first-fit,MinD,53,50,6.0000
BKW03,data/bkw,30,height,first-fit,MaxD,54,50,8.0000
BKW03,data/bkw,30,height,tre,LM,52,50,4.0000
BKW03,data/bkw,30,height,tre,RM,52,50,4.0000
BKW03,data/bkw,30,height,tre,TN,52,50,4.0000
BKW03,data/bkw,30,height,tre,SN,52,50,4.0000
BKW03,data/bkw,30,height,tre,MinD,52,50,4.0000
BKW03,data/bkw,30,height,tre,MaxD,52,50,4.0000
BKW03,data/bkw,30,area,widest-fit,LM,54,50,8.0000
BKW03,data/bkw,30,area,widest-fit,RM,54,50,8.0000
BKW03,data/bkw,30,area,widest-fit,TN,64,50,28.0000
BKW03,data/bkw,30,area,widest-fit,SN,54,50,8.0000
BKW03,data/bkw,30,area,widest-fit,MinD,54,50,8.0000
BKW03,data/bkw,30,area,widest-fit,MaxD,64,50,28.0000
BKW03,data/bkw,30,area,first-fit,LM,53,50,6.0000
BKW03,data/bkw,30,area,first-fit,RM,53,50,6.0000
BKW03,data/bkw,30,area,first-fit,TN,52,50,4.0000
BKW03,data/bkw,30,area,first-fit,SN,52,50,4.0000
BKW03,data/bkw,30,area,first-fit,MinD,54,50,8.0000
BKW03,data/bkw,30,area,first-fit,MaxD,54,50,8.0000
BKW03,data/bkw,30,area,tre,LM,52,50,4.0000
BKW03,data/bkw,30,area,tre,RM,53,50,6.0000
BKW03,data/bkw,30,area,tre,TN,52,50,4.0000
BKW03,data/bkw,30,area,tre,SN,55,50,10.0000
BKW03,data/bkw,30,area,tre,MinD,55,50,10.0000
BKW03,data/bkw,30,area,tre,MaxD,53,50,6.0000
BKW04,data/bkw,40,width,widest-fit,LM,103,80,28.7500
BKW04,data/bkw,40,width,widest-fit,RM,102,80,27.5000
BKW04,data/bkw,40,width,widest-fit,TN,105,80,31.2500
BKW04,data/bkw,40,width,widest-fit,SN,107,80,33.7500
BKW04,data/bkw,40,width,widest-fit,MinD,105,80,31.2500
BKW04,data/bkw,40,width,widest-fit,MaxD,102,80,27.5000
BKW04,data/bkw,40,width,first-fit,LM,103,80,28.7500
BKW04,data/bkw,40,width,first-fit,RM,102,80,27.5000
BKW04,data/bkw,40,width,first-fit,TN,105,80,31.2500
BKW04,data/bkw,40,width,first-fit,SN,107,80,33.7500
BKW04,data/bkw,40,width,first-fit,MinD,105,80,31.2500
BKW04,data/bkw,40,width,first-fit,MaxD,102,80,27.5000
BKW04,data/bkw,40,width,tre,LM,103,80,28.7500
BKW04,data/bkw,40,width,tre,RM,102,80,27.5000
BKW04,data/bkw,40,width,tre,TN,105,80,31.2500
BKW04,data/bkw,40,width,tre,SN,107,80,33.7500
BKW04,data/bkw,40,width,tre,MinD,105,80,31.2500
BKW04,data/bkw,40,width,tre,MaxD,102,80,27.5000
BKW04,data/bkw,40,height,widest-fit,LM,103,80,28.7500
BKW04,data/bkw,40,height,widest-fit,RM,102,80,27.5000
BKW04,data/bkw,40,height,widest-fit,TN,105,80,31.2500
BKW04,data/bkw,40,height,widest-fit,SN,107,80,33.7500
BKW04,data/bkw,40,height,widest-fit,MinD,105,80,31.2500
BKW04,data/bkw,40,height,widest-fit,MaxD,102,80,27.5000
BKW04,data/bkw,40,height,first-fit,LM,110,80,37.5000
BKW04,data/bkw,40,height,first-fit,RM,110,80,37.5000
BKW04,data/bkw,40,height,first-fit,TN,110,80,37.5000
BKW04,data/bkw,40,height,first-fit,SN,110,80,37.5000
BKW04,data/bkw,40,height,first-fit,MinD,110,80,37.5000
BKW04,data/bkw,40,height,first-fit,MaxD,110,80,37.5000
BKW04,data/bkw,40,height,tre,LM,129,80,61.2500
BKW04,data/bkw,40,height,tre,RM,129,80,61.2500
BKW04,data/bkw,40,height,tre,TN,131,80,63.7500
BKW04,data/bkw,40,height,tre,SN,134,80,67.5000
BKW04,data/bkw,40,height,tre,MinD,134,80,67.5000
BKW04,data/bkw,40,height,tre,MaxD,124,80,55.0000
BKW04,data/bkw,40,area,widest-fit,LM,103,80,28.7500
BKW04,data/bkw,40,area,widest-fit,RM,102,80,27.5000
BKW04,data/bkw,40,area,widest-fit,TN,105,80,31.2500
BKW04,data/bkw,40,area,widest-fit,SN,107,80,33.7500
BKW04,data/bkw,40,area,widest-fit,MinD,105,80,31.2500
BKW04,data/bkw,40,area,widest-fit,MaxD,102,80,27.5000
BKW04,data/bkw,40,area,first-fit,LM,84,80,5.0000
BKW04,data/bkw,40,area,first-fit,RM,84,80,5.0000
BKW04,data/bkw,40,area,first-fit,TN,84,80,5.0000
BKW04,data/bkw,40,area,first-fit,SN,85,80,6.2500
BKW04,data/bkw,40,area,first-fit,MinD,84,80,5.0000
BKW04,data/bkw,40,area,first-fit,MaxD,84,80,5.0000
BKW04,data/bkw,40,area,tre,LM,96,80,20.0000
BKW04,data/bkw,40,area,tre,RM,96,80,20.0000
BKW04,data/bkw,40,area,tre,TN,96,80,20.0000
BKW04,data/bkw,40,area,tre,SN,89,80,11.2500
BKW04,data/bkw,40,area,tre,MinD,89,80,11.2500
BKW04,data/bkw,40,area,tre,MaxD,96,80,20.0000
BKW05,data/bkw,50,width,widest-fit,LM,105,100,5.0000
BKW05,data/bkw,50,width,widest-fit,RM,104,100,4.0000
BKW05,data/bkw,50,width,widest-fit,TN,105,100,5.0000
BKW05,data/bkw,50,width,widest-fit,SN,108,100,8.0000
BKW05,data/bkw,50,width,widest-fit,MinD,115,100,15.0000
BKW05,data/bkw,50,width,widest-fit,MaxD,105,100,5.0000
BKW05,data/bkw,50,width,first-fit,LM,105,100,5.0000
BKW05,data/bkw,50,width,first-fit,RM,104,100,4.0000
BKW05,data/bkw,50,width,first-fit,TN,105,100,5.0000
BKW05,data/bkw,50,width,first-fit,SN,108,100,8.0000
BKW05,data/bkw,50,width,first-fit,MinD,115,100,15.0000
BKW05,data/bkw,50,width,first-fit,MaxD,105,100,5.0000
BKW05,data/bkw,50,width,tre,LM,105,100,5.0000
BKW05,data/bkw,50,width,tre,RM,104,100,4.0000
BKW05,data/bkw,50,width,tre,TN,105,100,5.0000
BKW05,data/bkw,50,width,tre,SN,108,100,8.0000
BKW05,data/bkw,50,width,tre,MinD,115,100,15.0000
BKW05,data/bkw,50,width,tre,MaxD,105,100,5.0000
BKW05,data/bkw,50,height,widest-fit,LM,105,100,5.0000
BKW05,data/bkw,50,height,widest-fit,RM,104,100,4.0000
BKW05,data/bkw,50,height,widest-fit,TN,105,100,5.0000
BKW05,data/bkw,50,height,widest-fit,SN,108,100,8.0000
BKW05,data/bkw,50,height,widest-fit,MinD,115,100,15.0000
BKW05,data/bkw,50,height,widest-fit,MaxD,105,100,5.0000
BKW05,data/bkw,50,height,first-fit,LM,118,100,18.0000
BKW05,data/bkw,50,height,first-fit,RM,118,100,18.0000
BKW05,data/bkw,50,height,first-fit,TN,108,100,8.0000
BKW05,data/bkw,50,height,first-fit,SN,129,100,29.0000
BKW05,data/bkw,50,height,first-fit,MinD,129,100,29.0000
BKW05,data/bkw,50,height,first-fit,MaxD,119,100,19.0000
BKW05,data/bkw,50,height,tre,LM,142,100,42.0000
BKW05,data/bkw,50,height,tre,RM,142,100,42.0000
BKW05,data/bkw,50,height,tre,TN,115,100,15.0000
BKW05,data/bkw,50,height,tre,SN,137,100,37.0000
BKW05,data/bkw,50,height,tre,MinD,137,100,37.0000
BKW05,data/bkw,50,height,tre,MaxD,142,100,42.0000
BKW05,data/bkw,50,area,widest-fit,LM,105,100,5.0000
BKW05,data/bkw,50,area,widest-fit,RM,104,100,4.0000
BKW05,data/bkw,50,area,widest-fit,TN,105,100,5.0000
BKW05,data/bkw,50,area,widest-fit,SN,108,100,8.0000
BKW05,data/bkw,50,area,widest-fit,MinD,115,100,15.0000
BKW05,data/bkw,50,area,widest-fit,MaxD,105,100,5.0000
BKW05,data/bkw,50,area,first-fit,LM,110,100,10.0000
BKW05,data/bkw,50,area,first-fit,RM,109,100,9.0000
BKW05,data/bkw,50,area,first-fit,TN,106,100,6.0000
BKW05,data/bkw,50,area,first-fit,SN,110,100,10.0000
BKW05,data/bkw,50,area,first-fit,MinD,109,100,9.0000
BKW05,data/bkw,50,area,first-fit,MaxD,110,100,10.0000
BKW05,data/bkw,50,area,tre,LM,108,100,8.0000
BKW05,data/bkw,50,area,tre,RM,108,100,8.0000
BKW05,data/bkw,50,area,tre,TN,106,100,6.0000
BKW05,data/bkw,50,area,tre,SN,108,100,8.0000
BKW05,data/bkw,50,area,tre,MinD,107,100,7.0000
BKW05,data/bkw,50,area,tre,MaxD,110,100,10.0000
BKW06,data/bkw,60,width,widest-fit,LM,102,100,2.0000
BKW06,data/bkw,60,width,widest-fit,RM,107,100,7.0000
BKW06,data/bkw,60,width,widest-fit,TN,105,100,5.0000
BKW06,data/bkw,60,width,widest-fit,SN,107,100,7.0000
BKW06,data/bkw,60,width,widest-fit,MinD,103,100,3.0000
BKW06,data/bkw,60,width,widest-fit,MaxD,104,100,4.0000
BKW06,data/bkw,60,width,first-fit,LM,102,100,2.0000
BKW06,data/bkw,60,width,first-fit,RM,107,100,7.0000
BKW06,data/bkw,60,width,first-fit,TN,105,100,5.0000
BKW06,data/bkw,60,width,first-fit,SN,107,100,7.0000
BKW06,data/bkw,60,width,first-fit,MinD,103,100,3.0000
BKW06,data/bkw,60,width,first-fit,MaxD,104,100,4.0000
BKW06,data/bkw,60,width,tre,LM,102,100,2.0000
BKW06,data/bkw,60,width,tre,RM,107,100,7.0000
BKW06,data/bkw,60,width,tre,TN,105,100,5.0000
BKW06,data/bkw,60,width,tre,SN,107,100,7.0000
BKW06,data/bkw,60,width,tre,MinD,103,100,3.0000
BKW06,data/bkw,60,width,tre,MaxD,104,100,4.0000
BKW06,data/bkw,60,height,widest-fit,LM,102,100,2.0000
BKW06,data/bkw,60,height,widest-fit,RM,107,100,7.0000
BKW06,data/bkw,60,height,widest-fit,TN,105,100,5.0000
BKW06,data/bkw,60,height,widest-fit,SN,107,100,7.0000
BKW06,data/bkw,60,height,widest-fit,MinD,103,100,3.0000
BKW06,data/bkw,60,height,widest-fit,MaxD,104,100,4.0000
BKW06,data/bkw,60,height,first-fit,LM,121,100,21.0000
BKW06,data/bkw,60,height,first-fit,RM,121,100,21.0000
BKW06,data/bkw,60,height,first-fit,TN,122,100,22.0000
BKW06,data/bkw,60,height,first-fit,SN,121,100,21.0000
BKW06,data/bkw,60,height,first-fit,MinD,122,100,22.0000
BKW06,data/bkw,60,height,first-fit,MaxD,135,100,35.0000
BKW06,data/bkw,60,height,tre,LM,107,100,7.0000
BKW06,data/bkw,60,height,tre,RM,107,100,7.0000
BKW06,data/bkw,60,height,tre,TN,107,100,7.0000
BKW06,data/bkw,60,height,tre,SN,110,100,10.0000
BKW06,data/bkw,60,height,tre,MinD,108,100,8.0000
BKW06,data/bkw,60,height,tre,MaxD,107,100,7.0000
BKW06,data/bkw,60,area,widest-fit,LM,102,100,2.0000
BKW06,data/bkw,60,area,widest-fit,RM,107,100,7.0000
BKW06,data/bkw,60,area,widest-fit,TN,105,100,5.0000
BKW06,data/bkw,60,area,widest-fit,SN,107,100,7.0000
BKW06,data/bkw,60,area,widest-fit,MinD,103,100,3.0000
BKW06,data/bkw,60,area,widest-fit,MaxD,104,100,4.0000
BKW06,data/bkw,60,area,first-fit,LM,103,100,3.0000
BKW06,data/bkw,60,area,first-fit,RM,104,100,4.0000
BKW06,data/bkw,60,area,first-fit,TN,104,100,4.0000
BKW06,data/bkw,60,area,first-fit,SN,105,100,5.0000
BKW06,data/bkw,60,area,first-fit,MinD,103,100,3.0000
BKW06,data/bkw,60,area,first-fit,MaxD,104,100,4.0000
BKW06,data/bkw,60,area,tre,LM,103,100,3.0000
BKW06,data/bkw,60,area,tre,RM,103,100,3.0000
BKW06,data/bkw,60,area,tre,TN,101,100,1.0000
BKW06,data/bkw,60,area,tre,SN,103,100,3.0000
BKW06,data/bkw,60,area,tre,MinD,102,100,2.0000
BKW06,data/bkw,60,area,tre,MaxD,103,100,3.0000
BKW07,data/bkw,70,width,widest-fit,LM,117,100,17.0000
BKW07,data/bkw,70,width,widest-fit,RM,117,100,17.0000
BKW07,data/bkw,70,width,widest-fit,TN,113,100,13.0000
BKW07,data/bkw,70,width,widest-fit,SN,121,100,21.0000
BKW07,data/bkw,70,width,widest-fit,MinD,113,100,13.0000
BKW07,data/bkw,70,width,widest-fit,MaxD,112,100,12.0000
BKW07,data/bkw,70,width,first-fit,LM,113,100,13.0000
BKW07,data/bkw,70,width,first-fit,RM,113,100,13.0000
BKW07,data/bkw,70,width,first-fit,TN,117,100,17.0000
BKW07,data/bkw,70,width,first-fit,SN,109,100,9.0000
BKW07,data/bkw,70,width,first-fit,MinD,121,100,21.0000
BKW07,data/bkw,70,width,first-fit,MaxD,113,100,13.0000
BKW07,data/bkw,70,width,tre,LM,113,100,13.0000
BKW07,data/bkw,70,width,tre,RM,113,100,13.0000
BKW07,data/bkw,70,width,tre,TN,117,100,17.0000
BKW07,data/bkw,70,width,tre,SN,109,100,9.0000
BKW07,data/bkw,70,width,tre,MinD,121,100,21.0000
BKW07,data/bkw,70,width,tre,MaxD,113,100,13.0000
BKW07,data/bkw,70,height,widest-fit,LM,110,100,10.0000
BKW07,data/bkw,70,height,widest-fit,RM,110,100,10.0000
BKW07,data/bkw,70,height,widest-fit,TN,113,100,13.0000
BKW07,data/bkw,70,height,widest-fit,SN,110,100,10.0000
BKW07,data/bkw,70,height,widest-fit,MinD,111,100,11.0000
BKW07,data/bkw,70,height,widest-fit,MaxD,113,100,13.0000
BKW07,data/bkw,70,height,first-fit,LM,142,100,42.0000
BKW07,data/bkw,70,height,first-fit,RM,142,100,42.0000
BKW07,data/bkw,70,height,first-fit,TN,142,100,42.0000
BKW07,data/bkw,70,height,first-fit,SN,142,100,42.0000
BKW07,data/bkw,70,height,first-fit,MinD,142,100,42.0000
BKW07,data/bkw,70,height,first-fit,MaxD,142,100,42.0000
BKW07,data/bkw,70,height,tre,LM,129,100,29.0000
BKW07,data/bkw,70,height,tre,RM,129,100,29.0000
BKW07,data/bkw,70,height,tre,TN,129,100,29.0000
BKW07,data/bkw,70,height,tre,SN,129,100,29.0000
BKW07,data/bkw,70,height,tre,MinD,129,100,29.0000
BKW07,data/bkw,70,height,tre,MaxD,129,100,29.0000
BKW07,data/bkw,70,area,widest-fit,LM,110,100,10.0000
BKW07,data/bkw,70,area,widest-fit,RM,110,100,10.0000
BKW07,data/bkw,70,area,widest-fit,TN,113,100,13.0000
BKW07,data/bkw,70,area,widest-fit,SN,110,100,10.0000
BKW07,data/bkw,70,area,widest-fit,MinD,111,100,11.0000
BKW07,data/bkw,70,area,widest-fit,MaxD,113,100,13.0000
BKW07,data/bkw,70,area,first-fit,LM,108,100,8.0000
BKW07,data/bkw,70,area,first-fit,RM,108,100,8.0000
BKW07,data/bkw,70,area,first-fit,TN,113,100,13.0000
BKW07,data/bkw,70,area,first-fit,SN,115,100,15.0000
BKW07,data/bkw,70,area,first-fit,MinD,108,100,8.0000
BKW07,data/bkw,70,area,first-fit,MaxD,108,100,8.0000
BKW07,data/bkw,70,area,tre,LM,116,100,16.0000
BKW07,data/bkw,70,area,tre,RM,116,100,16.0000
BKW07,data/bkw,70,area,tre,TN,115,100,15.0000
BKW07,data/bkw,70,area,tre,SN,116,100,16.0000
BKW07,data/bkw,70,area,tre,MinD,116,100,16.0000
BKW07,data/bkw,70,area,tre,MaxD,116,100,16.0000
BKW08,data/bkw,80,width,widest-fit,LM,85,80,6.2500
BKW08,data/bkw,80,width,widest-fit,RM,85,80,6.2500
BKW08,data/bkw,80,width,widest-fit,TN,83,80,3.7500
BKW08,data/bkw,80,width,widest-fit,SN,85,80,6.2500
BKW08,data/bkw,80,width,widest-fit,MinD,83,80,3.7500
BKW08,data/bkw,80,width,widest-fit,MaxD,83,80,3.7500
BKW08,data/bkw,80,width,first-fit,LM,85,80,6.2500
BKW08,data/bkw,80,width,first-fit,RM,85,80,6.2500
BKW08,data/bkw,80,width,first-fit,TN,83,80,3.7500
BKW08,data/bkw,80,width,first-fit,SN,85,80,6.2500
BKW08,data/bkw,80,width,first-fit,MinD,83,80,3.7500
BKW08,data/bkw,80,width,first-fit,MaxD,83,80,3.7500
BKW08,data/bkw,80,width,tre,LM,85,80,6.2500
BKW08,data/bkw,80,width,tre,RM,85,80,6.2500
BKW08,data/bkw,80,width,tre,TN,83,80,3.7500
BKW08,data/bkw,80,width,tre,SN,85,80,6.2500
BKW08,data/bkw,80,width,tre,MinD,83,80,3.7500
BKW08,data/bkw,80,width,tre,MaxD,83,80,3.7500
BKW08,data/bkw,80,height,widest-fit,LM,85,80,6.2500
BKW08,data/bkw,80,height,widest-fit,RM,85,80,6.2500
BKW08,data/bkw,80,height,widest-fit,TN,83,80,3.7500
BKW08,data/bkw,80,height,widest-fit,SN,85,80,6.2500
BKW08,data/bkw,80,height,widest-fit,MinD,83,80,3.7500
BKW08,data/bkw,80,height,widest-fit,MaxD,83,80,3.7500
BKW08,data/bkw,80,height,first-fit,LM,87,80,8.7500
BKW08,data/bkw,80,height,first-fit,RM,87,80,8.7500
BKW08,data/bkw,80,height,first-fit,TN,92,80,15.0000
BKW08,data/bkw,80,height,first-fit,SN,87,80,8.7500
BKW08,data/bkw,80,height,first-fit,MinD,87,80,8.7500
BKW08,data/bkw,80,height,first-fit,MaxD,87,80,8.7500
BKW08,data/bkw,80,height,tre,LM,94,80,17.5000
BKW08,data/bkw,80,height,tre,RM,92,80,15.0000
BKW08,data/bkw,80,height,tre,TN,103,80,28.7500
BKW08,data/bkw,80,height,tre,SN,95,80,18.7500
BKW08,data/bkw,80,height,tre,MinD,98,80,22.5000
BKW08,data/bkw,80,height,tre,MaxD,103,80,28.7500
BKW08,data/bkw,80,area,widest-fit,LM,85,80,6.2500
BKW08,data/bkw,80,area,widest-fit,RM,85,80,6.2500
BKW08,data/bkw,80,area,widest-fit,TN,83,80,3.7500
BKW08,data/bkw,80,area,widest-fit,SN,85,80,6.2500
BKW08,data/bkw,80,area,widest-fit,MinD,83,80,3.7500
BKW08,data/bkw,80,area,widest-fit,MaxD,83,80,3.7500
BKW08,data/bkw,80,area,first-fit,LM,83,80,3.7500
BKW08,data/bkw,80,area,first-fit,RM,83,80,3.7500
BKW08,data/bkw,80,area,first-fit,TN,83,80,3.7500
BKW08,data/bkw,80,area,first-fit,SN,84,80,5.0000
BKW08,data/bkw,80,area,first-fit,MinD,83,80,3.7500
BKW08,data/bkw,80,area,first-fit,MaxD,83,80,3.7500
BKW08,data/bkw,80,area,tre,LM,87,80,8.7500
BKW08,data/bkw,80,area,tre,RM,87,80,8.7500
BKW08,data/bkw,80,area,tre,TN,84,80,5.0000
BKW08,data/bkw,80,area,tre,SN,85,80,6.2500
BKW08,data/bkw,80,area,tre,MinD,83,80,3.7500
BKW08,data/bkw,80,area,tre,MaxD,84,80,5.0000
BKW09,data/bkw,100,width,widest-fit,LM,171,150,14.0000
BKW09,data/bkw,100,width,widest-fit,RM,171,150,14.0000
BKW09,data/bkw,100,width,widest-fit,TN,169,150,12.6667
BKW09,data/bkw,100,width,widest-fit,SN,165,150,10.0000
BKW09,data/bkw,100,width,widest-fit,MinD,160,150,6.6667
BKW09,data/bkw,100,width,widest-fit,MaxD,169,150,12.6667
BKW09,data/bkw,100,width,first-fit,LM,167,150,11.3333
BKW09,data/bkw,100,width,first-fit,RM,167,150,11.3333
BKW09,data/bkw,100,width,first-fit,TN,171,150,14.0000
BKW09,data/bkw,100,width,first-fit,SN,174,150,16.0000
BKW09,data/bkw,100,width,first-fit,MinD,174,150,16.0000
BKW09,data/bkw,100,width,first-fit,MaxD,172,150,14.6667
BKW09,data/bkw,100,width,tre,LM,180,150,20.0000
BKW09,data/bkw,100,width,tre,RM,182,150,21.3333
BKW09,data/bkw,100,width,tre,TN,153,150,2.0000
BKW09,data/bkw,100,width,tre,SN,177,150,18.0000
BKW09,data/bkw,100,width,tre,MinD,154,150,2.6667
BKW09,data/bkw,100,width,tre,MaxD,176,150,17.3333
BKW09,data/bkw,100,height,widest-fit,LM,163,150,8.6667
BKW09,data/bkw,100,height,widest-fit,RM,163,150,8.6667
BKW09,data/bkw,100,height,widest-fit,TN,163,150,8.6667
BKW09,data/bkw,100,height,widest-fit,SN,163,150,8.6667
BKW09,data/bkw,100,height,widest-fit,MinD,163,150,8.6667
BKW09,data/bkw,100,height,widest-fit,MaxD,163,150,8.6667
BKW09,data/bkw,100,height,first-fit,LM,158,150,5.3333
BKW09,data/bkw,100,height,first-fit,RM,156,150,4.0000
BKW09,data/bkw,100,height,first-fit,TN,162,150,8.0000
BKW09,data/bkw,100,height,first-fit,SN,168,150,12.0000
BKW09,data/bkw,100,height,first-fit,MinD,154,150,2.6667
BKW09,data/bkw,100,height,first-fit,MaxD,155,150,3.3333
BKW09,data/bkw,100,height,tre,LM,171,150,14.0000
BKW09,data/bkw,100,height,tre,RM,167,150,11.3333
BKW09,data/bkw,100,height,tre,TN,170,150,13.3333
BKW09,data/bkw,100,height,tre,SN,174,150,16.0000
BKW09,data/bkw,100,height,tre,MinD,177,150,18.0000
BKW09,data/bkw,100,height,tre,MaxD,159,150,6.0000
BKW09,data/bkw,100,area,widest-fit,LM,163,150,8.6667
BKW09,data/bkw,100,area,widest-fit,RM,163,150,8.6667
BKW09,data/bkw,100,area,widest-fit,TN,163,150,8.6667
BKW09,data/bkw,100,area,widest-fit,SN,163,150,8.6667
BKW09,data/bkw,100,area,widest-fit,MinD,163,150,8.6667
BKW09,data/bkw,100,area,widest-fit,MaxD,163,150,8.6667
BKW09,data/bkw,100,area,first-fit,LM,166,150,10.6667
BKW09,data/bkw,100,area,first-fit,RM,166,150,10.6667
BKW09,data/bkw,100,area,first-fit,TN,165,150,10.0000
BKW09,data/bkw,100,area,first-fit,SN,169,150,12.6667
BKW09,data/bkw,100,area,first-fit,MinD,166,150,10.6667
BKW09,data/bkw,100,area,first-fit,MaxD,158,150,5.3333
BKW09,data/bkw,100,area,tre,LM,153,150,2.0000
BKW09,data/bkw,100,area,tre,RM,154,150,2.6667
BKW09,data/bkw,100,area,tre,TN,153,150,2.0000
BKW09,data/bkw,100,area,tre,SN,154,150,2.6667
BKW09,data/bkw,100,area,tre,MinD,153,150,2.0000
BKW09,data/bkw,100,area,tre,MaxD,153,150,2.0000
BKW10,data/bkw,200,width,widest-fit,LM,153,150,2.0000
BKW10,data/bkw,200,width,widest-fit,RM,152,150,1.3333
BKW10,data/bkw,200,width,widest-fit,TN,158,150,5.3333
BKW10,data/bkw,200,width,widest-fit,SN,161,150,7.3333
BKW10,data/bkw,200,width,widest-fit,MinD,155,150,3.3333
BKW10,data/bkw,200,width,widest-fit,MaxD,153,150,2.0000
BKW10,data/bkw,200,width,first-fit,LM,153,150,2.0000
BKW10,data/bkw,200,width,first-fit,RM,152,150,1.3333
BKW10,data/bkw,200,width,first-fit,TN,158,150,5.3333
BKW10,data/bkw,200,width,first-fit,SN,161,150,7.3333
BKW10,data/bkw,200,width,first-fit,MinD,155,150,3.3333
BKW10,data/bkw,200,width,first-fit,MaxD,153,150,2.0000
BKW10,data/bkw,200,width,tre,LM,153,150,2.0000
BKW10,data/bkw,200,width,tre,RM,152,150,1.3333
BKW10,data/bkw,200,width,tre,TN,158,150,5.3333
BKW10,data/bkw,200,width,tre,SN,161,150,7.3333
BKW10,data/bkw,200,width,tre,MinD,155,150,3.3333
BKW10,data/bkw,200,width,tre,MaxD,153,150,2.0000
BKW10,data/bkw,200,height,widest-fit,LM,153,150,2.0000
BKW10,data/bkw,200,height,widest-fit,RM,152,150,1.3333
BKW10,data/bkw,200,height,widest-fit,TN,158,150,5.3333
BKW10,data/bkw,200,height,widest-fit,SN,161,150,7.3333
BKW10,data/bkw,200,height,widest-fit,MinD,155,150,3.3333
BKW10,data/bkw,200,height,widest-fit,MaxD,153,150,2.0000
BKW10,data/bkw,200,height,first-fit,LM,161,150,7.3333
BKW10,data/bkw,200,height,first-fit,RM,163,150,8.6667
BKW10,data/bkw,200,height,first-fit,TN,157,150,4.6667
BKW10,data/bkw,200,height,first-fit,SN,158,150,5.3333
BKW10,data/bkw,200,height,first-fit,MinD,162,150,8.0000
BKW10,data/bkw,200,height,first-fit,MaxD,159,150,6.0000
BKW10,data/bkw,200,height,tre,LM,170,150,13.3333
BKW10,data/bkw,200,height,tre,RM,170,150,13.3333
BKW10,data/bkw,200,height,tre,TN,170,150,13.3333
BKW10,data/bkw,200,height,tre,SN,165,150,10.0000
BKW10,data/bkw,200,height,tre,MinD,162,150,8.0000
BKW10,data/bkw,200,height,tre,MaxD,180,150,20.0000
BKW10,data/bkw,200,area,widest-fit,LM,153,150,2.0000
BKW10,data/bkw,200,area,widest-fit,RM,152,150,1.3333
BKW10,data/bkw,200,area,widest-fit,TN,158,150,5.3333
BKW10,data/bkw,200,area,widest-fit,SN,161,150,7.3333
BKW10,data/bkw,200,area,widest-fit,MinD,155,150,3.3333
BKW10,data/bkw,200,area,widest-fit,MaxD,153,150,2.0000
BKW10,data/bkw,200,area,first-fit,LM,168,150,12.0000
BKW10,data/bkw,200,area,first-fit,RM,163,150,8.6667
BKW10,data/bkw,200,area,first-fit,TN,161,150,7.3333
BKW10,data/bkw,200,area,first-fit,SN,168,150,12.0000
BKW10,data/bkw,200,area,first-fit,MinD,167,150,11.3333
BKW10,data/bkw,200,area,first-fit,MaxD,168,150,12.0000
BKW10,data/bkw,200,area,tre,LM,166,150,10.6667
BKW10,data/bkw,200,area,tre,RM,166,150,10.6667
BKW10,data/bkw,200,area,tre,TN,158,150,5.3333
BKW10,data/bkw,200,area,tre,SN,169,150,12.6667
BKW10,data/bkw,200,area,tre,MinD,169,150,12.6667
BKW10,data/bkw,200,area,tre,MaxD,153,150,2.0000
BKW11,data/bkw,300,width,widest-fit,LM,153,150,2.0000
BKW11,data/bkw,300,width,widest-fit,RM,152,150,1.3333
BKW11,data/bkw,300,width,widest-fit,TN,153,150,2.0000
BKW11,data/bkw,300,width,widest-fit,SN,154,150,2.6667
BKW11,data/bkw,300,width,widest-fit,MinD,152,150,1.3333
BKW11,data/bkw,300,width,widest-fit,MaxD,153,150,2.0000
BKW11,data/bkw,300,width,first-fit,LM,153,150,2.0000
BKW11,data/bkw,300,width,first-fit,RM,152,150,1.3333
BKW11,data/bkw,300,width,first-fit,TN,153,150,2.0000
BKW11,data/bkw,300,width,first-fit,SN,154,150,2.6667
BKW11,data/bkw,300,width,first-fit,MinD,152,150,1.3333
BKW11,data/bkw,300,width,first-fit,MaxD,153,150,2.0000
BKW11,data/bkw,300,width,tre,LM,153,150,2.0000
BKW11,data/bkw,300,width,tre,RM,152,150,1.3333
BKW11,data/bkw,300,width,tre,TN,153,150,2.0000
BKW11,data/bkw,300,width,tre,SN,154,150,2.6667
BKW11,data/bkw,300,width,tre,MinD,152,150,1.3333
BKW11,data/bkw,300,width,tre,MaxD,153,150,2.0000
BKW11,data/bkw,300,height,widest-fit,LM,153,150,2.0000
BKW11,data/bkw,300,height,widest-fit,RM,152,150,1.3333
BKW11,data/bkw,300,height,widest-fit,TN,153,150,2.0000
BKW11,data/bkw,300,height,widest-fit,SN,154,150,2.6667
BKW11,data/bkw,300,height,widest-fit,MinD,152,150,1.3333
BKW11,data/bkw,300,height,widest-fit,MaxD,153,150,2.0000
BKW11,data/bkw,300,height,first-fit,LM,155,150,3.3333
BKW11,data/bkw,300,height,first-fit,RM,157,150,4.6667
BKW11,data/bkw,300,height,first-fit,TN,154,150,2.6667
BKW11,data/bkw,300,height,first-fit,SN,156,150,4.0000
BKW11,data/bkw,300,height,first-fit,MinD,155,150,3.3333
BKW11,data/bkw,300,height,first-fit,MaxD,155,150,3.3333
BKW11,data/bkw,300,height,tre,LM,177,150,18.0000
BKW11,data/bkw,300,height,tre,RM,177,150,18.0000
BKW11,data/bkw,300,height,tre,TN,160,150,6.6667
BKW11,data/bkw,300,height,tre,SN,172,150,14.6667
BKW11,data/bkw,300,height,tre,MinD,172,150,14.6667
BKW11,data/bkw,300,height,tre,MaxD,178,150,18.6667
BKW11,data/bkw,300,area,widest-fit,LM,153,150,2.0000
BKW11,data/bkw,300,area,widest-fit,RM,152,150,1.3333
BKW11,data/bkw,300,area,widest-fit,TN,153,150,2.0000
BKW11,data/bkw,300,area,widest-fit,SN,154,150,2.6667
BKW11,data/bkw,300,area,widest-fit,MinD,152,150,1.3333
BKW11,data/bkw,300,area,widest-fit,MaxD,153,150,2.0000
BKW11,data/bkw,300,area,first-fit,LM,153,150,2.0000
BKW11,data/bkw,300,area,first-fit,RM,163,150,8.6667
BKW11,data/bkw,300,area,first-fit,TN,152,150,1.3333
BKW11,data/bkw,300,area,first-fit,SN,154,150,2.6667
BKW11,data/bkw,300,area,first-fit,MinD,153,150,2.0000
BKW11,data/bkw,300,area,first-fit,MaxD,154,150,2.6667
BKW11,data/bkw,300,area,tre,LM,152,150,1.3333
BKW11,data/bkw,300,area,tre,RM,151,150,0.6667
BKW11,data/bkw,300,area,tre,TN,151,150,0.6667
BKW11,data/bkw,300,area,tre,SN,152,150,1.3333
BKW11,data/bkw,300,area,tre,MinD,151,150,0.6667
BKW11,data/bkw,300,area,tre,MaxD,152,150,1.3333
BKW12,data/bkw,500,width,widest-fit,LM,347,300,15.6667
BKW12,data/bkw,500,width,widest-fit,RM,335,300,11.6667
BKW12,data/bkw,500,width,widest-fit,TN,305,300,1.6667
BKW12,data/bkw,500,width,widest-fit,SN,363,300,21.0000
BKW12,data/bkw,500,width,widest-fit,MinD,358,300,19.3333
BKW12,data/bkw,500,width,widest-fit,MaxD,306,300,2.0000
BKW12,data/bkw,500,width,first-fit,LM,306,300,2.0000
BKW12,data/bkw,500,width,first-fit,RM,306,300,2.0000
BKW12,data/bkw,500,width,first-fit,TN,306,300,2.0000
BKW12,data/bkw,500,width,first-fit,SN,337,300,12.3333
BKW12,data/bkw,500,width,first-fit,MinD,307,300,2.3333
BKW12,data/bkw,500,width,first-fit,MaxD,344,300,14.6667
BKW12,data/bkw,500,width,tre,LM,306,300,2.0000
BKW12,data/bkw,500,width,tre,RM,306,300,2.0000
BKW12,data/bkw,500,width,tre,TN,306,300,2.0000
BKW12,data/bkw,500,width,tre,SN,337,300,12.3333
BKW12,data/bkw,500,width,tre,MinD,307,300,2.3333
BKW12,data/bkw,500,width,tre,MaxD,344,300,14.6667
BKW12,data/bkw,500,height,widest-fit,LM,347,300,15.6667
BKW12,data/bkw,500,height,widest-fit,RM,335,300,11.6667
BKW12,data/bkw,500,height,widest-fit,TN,305,300,1.6667
BKW12,data/bkw,500,height,widest-fit,SN,363,300,21.0000
BKW12,data/bkw,500,height,widest-fit,MinD,358,300,19.3333
BKW12,data/bkw,500,height,widest-fit,MaxD,306,300,2.0000
BKW12,data/bkw,500,height,first-fit,LM,311,300,3.6667
BKW12,data/bkw,500,height,first-fit,RM,310,300,3.3333
BKW12,data/bkw,500,height,first-fit,TN,309,300,3.0000
BKW12,data/bkw,500,height,first-fit,SN,311,300,3.6667
BKW12,data/bkw,500,height,first-fit,MinD,308,300,2.6667
BKW12,data/bkw,500,height,first-fit,MaxD,312,300,4.0000
BKW12,data/bkw,500,height,tre,LM,303,300,1.0000
BKW12,data/bkw,500,height,tre,RM,304,300,1.3333
BKW12,data/bkw,500,height,tre,TN,304,300,1.3333
BKW12,data/bkw,500,height,tre,SN,313,300,4.3333
BKW12,data/bkw,500,height,tre,MinD,303,300,1.0000
BKW12,data/bkw,500,height,tre,MaxD,306,300,2.0000
BKW12,data/bkw,500,area,widest-fit,LM,347,300,15.6667
BKW12,data/bkw,500,area,widest-fit,RM,335,300,11.6667
BKW12,data/bkw,500,area,widest-fit,TN,305,300,1.6667
BKW12,data/bkw,500,area,widest-fit,SN,363,300,21.0000
BKW12,data/bkw,500,area,widest-fit,MinD,358,300,19.3333
BKW12,data/bkw,500,area,widest-fit,MaxD,306,300,2.0000
BKW12,data/bkw,500,area,first-fit,LM,314,300,4.6667
BKW12,data/bkw,500,area,first-fit,RM,313,300,4.3333
BKW12,data/bkw,500,area,first-fit,TN,309,300,3.0000
BKW12,data/bkw,500,area,first-fit,SN,319,300,6.3333
BKW12,data/bkw,500,area,first-fit,MinD,312,300,4.0000
BKW12,data/bkw,500,area,first-fit,MaxD,314,300,4.6667
BKW12,data/bkw,500,area,tre,LM,303,300,1.0000
BKW12,data/bkw,500,area,tre,RM,314,300,4.6667
BKW12,data/bkw,500,area,tre,TN,303,300,1.0000
BKW12,data/bkw,500,area,tre,SN,306,300,2.0000
BKW12,data/bkw,500,area,tre,MinD,303,300,1.0000
BKW12,data/bkw,500,area,tre,MaxD,306,300,2.0000
BKW13,data/bkw,3152,width,widest-fit,LM,968,960,0.8333
BKW13,data/bkw,3152,width,widest-fit,RM,967,960,0.7292
BKW13,data/bkw,3152,width,widest-fit,TN,965,960,0.5208
BKW13,data/bkw,3152,width,widest-fit,SN,968,960,0.8333
BKW13,data/bkw,3152,width,widest-fit,MinD,965,960,0.5208
BKW13,data/bkw,3152,width,widest-fit,MaxD,964,960,0.4167
BKW13,data/bkw,3152,width,first-fit,LM,968,960,0.8333
BKW13,data/bkw,3152,width,first-fit,RM,967,960,0.7292
BKW13,data/bkw,3152,width,first-fit,TN,965,960,0.5208
BKW13,data/bkw,3152,width,first-fit,SN,968,960,0.8333
BKW13,data/bkw,3152,width,first-fit,MinD,965,960,0.5208
BKW13,data/bkw,3152,width,first-fit,MaxD,964,960,0.4167
BKW13,data/bkw,3152,width,tre,LM,968,960,0.8333
BKW13,data/bkw,3152,width,tre,RM,967,960,0.7292
BKW13,data/bkw,3152,width,tre,TN,965,960,0.5208
BKW13,data/bkw,3152,width,tre,SN,968,960,0.8333
BKW13,data/bkw,3152,width,tre,MinD,965,960,0.5208
BKW13,data/bkw,3152,width,tre,MaxD,964,960,0.4167
BKW13,data/bkw,3152,height,widest-fit,LM,968,960,0.8333
BKW13,data/bkw,3152,height,widest-fit,RM,967,960,0.7292
BKW13,data/bkw,3152,height,widest-fit,TN,965,960,0.5208
BKW13,data/bkw,3152,height,widest-fit,SN,968,960,0.8333
BKW13,data/bkw,3152,height,widest-fit,MinD,965,960,0.5208
BKW13,data/bkw,3152,height,widest-fit,MaxD,964,960,0.4167
BKW13,data/bkw,3152,height,first-fit,LM,977,960,1.7708
BKW13,data/bkw,3152,height,first-fit,RM,976,960,1.6667
BKW13,data/bkw,3152,height,first-fit,TN,971,960,1.1458
BKW13,data/bkw,3152,height,first-fit,SN,990,960,3.1250
BKW13,data/bkw,3152,height,first-fit,MinD,973,960,1.3542
BKW13,data/bkw,3152,height,first-fit,MaxD,985,960,2.6042
BKW13,data/bkw,3152,height,tre,LM,965,960,0.5208
BKW13,data/bkw,3152,height,tre,RM,963,960,0.3125
BKW13,data/bkw,3152,height,tre,TN,962,960,0.2083
BKW13,data/bkw,3152,height,tre,SN,963,960,0.3125
BKW13,data/bkw,3152,height,tre,MinD,965,960,0.5208
BKW13,data/bkw,3152,height,tre,MaxD,965,960,0.5208
BKW13,data/bkw,3152,area,widest-fit,LM,968,960,0.8333
BKW13,data/bkw,3152,area,widest-fit,RM,967,960,0.7292
BKW13,data/bkw,3152,area,widest-fit,TN,965,960,0.5208
BKW13,data/bkw,3152,area,widest-fit,SN,968,960,0.8333
BKW13,data/bkw,3152,area,widest-fit,MinD,965,960,0.5208
BKW13,data/bkw,3152,area,widest-fit,MaxD,964,960,0.4167
BKW13,data/bkw,3152,area,first-fit,LM,974,960,1.4583
BKW13,data/bkw,3152,area,first-fit,RM,972,960,1.2500
BKW13,data/bkw,3152,area,first-fit,TN,975,960,1.5625
BKW13,data/bkw,3152,area,first-fit,SN,983,960,2.3958
BKW13,data/bkw,3152,area,first-fit,MinD,969,960,0.9375
BKW13,data/bkw,3152,area,first-fit,MaxD,982,960,2.2917
BKW13,data/bkw,3152,area,tre,LM,963,960,0.3125
BKW13,data/bkw,3152,area,tre,RM,962,960,0.2083
BKW13,data/bkw,3152,area,tre,TN,962,960,0.2083
BKW13,data/bkw,3152,area,tre,SN,963,960,0.3125
BKW13,data/bkw,3152,area,tre,MinD,962,960,0.2083
BKW13,data/bkw,3152,area,tre,MaxD,962,960,0.2083
N1A,data/nt,17,width,widest-fit,LM,229,200,14.5000
N1A,data/nt,17,width,widest-fit,RM,229,200,14.5000
N1A,data/nt,17,width,widest-fit,TN,229,200,14.5000
N1A,data/nt,17,width,widest-fit,SN,229,200,14.5000
N1A,data/nt,17,width,widest-fit,MinD,229,200,14.5000
N1A,data/nt,17,width,widest-fit,MaxD,229,200,14.5000
N1A,data/nt,17,width,first-fit,LM,229,200,14.5000
N1A,data/nt,17,width,first-fit,RM,229,200,14.5000
N1A,data/nt,17,width,first-fit,TN,229,200,14.5000
N1A,data/nt,17,width,first-fit,SN,229,200,14.5000
N1A,data/nt,17,width,first-fit,MinD,229,200,14.5000
N1A,data/nt,17,width,first-fit,MaxD,229,200,14.5000
N1A,data/nt,17,width,tre,LM,229,200,14.5000
N1A,data/nt,17,width,tre,RM,229,200,14.5000
N1A,data/nt,17,width,tre,TN,229,200,14.5000
N1A,data/nt,17,width,tre,SN,229,200,14.5000
N1A,data/nt,17,width,tre,MinD,229,200,14.5000
N1A,data/nt,17,width,tre,MaxD,229,200,14.5000
N1A,data/nt,17,height,widest-fit,LM,229,200,14.5000
N1A,data/nt,17,height,widest-fit,RM,229,200,14.5000
N1A,data/nt,17,height,widest-fit,TN,229,200,14.5000
N1A,data/nt,17,height,widest-fit,SN,229,200,14.5000
N1A,data/nt,17,height,widest-fit,MinD,229,200,14.5000
N1A,data/nt,17,height,widest-fit,MaxD,229,200,14.5000
N1A,data/nt,17,height,first-fit,LM,280,200,40.0000
N1A,data/nt,17,height,first-fit,RM,280,200,40.0000
N1A,data/nt,17,height,first-fit,TN,270,200,35.0000
N1A,data/nt,17,height,first-fit,SN,280,200,40.0000
N1A,data/nt,17,height,first-fit,MinD,278,200,39.0000
N1A,data/nt,17,height,first-fit,MaxD,280,200,40.0000
N1A,data/nt,17,height,tre,LM,280,200,40.0000
N1A,data/nt,17,height,tre,RM,280,200,40.0000
N1A,data/nt,17,height,tre,TN,269,200,34.5000
N1A,data/nt,17,height,tre,SN,280,200,40.0000
N1A,data/nt,17,height,tre,MinD,278,200,39.0000
N1A,data/nt,17,height,tre,MaxD,280,200,40.0000
N1A,data/nt,17,area,widest-fit,LM,229,200,14.5000
N1A,data/nt,17,area,widest-fit,RM,229,200,14.5000
N1A,data/nt,17,area,widest-fit,TN,229,200,14.5000
N1A,data/nt,17,area,widest-fit,SN,229,200,14.5000
N1A,data/nt,17,area,widest-fit,MinD,229,200,14.5000
N1A,data/nt,17,area,widest-fit,MaxD,229,200,14.5000
N1A,data/nt,17,area,first-fit,LM,233,200,16.5000
N1A,data/nt,17,area,first-fit,RM,233,200,16.5000
N1A,data/nt,17,area,first-fit,TN,226,200,13.0000
N1A,data/nt,17,area,first-fit,SN,244,200,22.0000
N1A,data/nt,17,area,first-fit,MinD,243,200,21.5000
N1A,data/nt,17,area,first-fit,MaxD,228,200,14.0000
N1A,data/nt,17,area,tre,LM,230,200,15.0000
N1A,data/nt,17,area,tre,RM,230,200,15.0000
N1A,data/nt,17,area,tre,TN,235,200,17.5000
N1A,data/nt,17,area,tre,SN,239,200,19.5000
N1A,data/nt,17,area,tre,MinD,249,200,24.5000
N1A,data/nt,17,area,tre,MaxD,228,200,14.0000
N1B,data/nt,17,width,widest-fit,LM,235,200,17.5000
N1B,data/nt,17,width,widest-fit,RM,235,200,17.5000
N1B,data/nt,17,width,widest-fit,TN,224,200,12.0000
N1B,data/nt,17,width,widest-fit,SN,227,200,13.5000
N1B,data/nt,17,width,widest-fit,MinD,227,200,13.5000
N1B,data/nt,17,width,widest-fit,MaxD,224,200,12.0000
N1B,data/nt,17,width,first-fit,LM,235,200,17.5000
N1B,data/nt,17,width,first-fit,RM,235,200,17.5000
N1B,data/nt,17,width,first-fit,TN,224,200,12.0000
N1B,data/nt,17,width,first-fit,SN,227,200,13.5000
N1B,data/nt,17,width,first-fit,MinD,227,200,13.5000
N1B,data/nt,17,width,first-fit,MaxD,224,200,12.0000
N1B,data/nt,17,width,tre,LM,235,200,17.5000
N1B,data/nt,17,width,tre,RM,235,200,17.5000
N1B,data/nt,17,width,tre,TN,224,200,12.0000
N1B,data/nt,17,width,tre,SN,227,200,13.5000
N1B,data/nt,17,width,tre,MinD,227,200,13.5000
N1B,data/nt,17,width,tre,MaxD,224,200,12.0000
N1B,data/nt,17,height,widest-fit,LM,235,200,17.5000
N1B,data/nt,17,height,widest-fit,RM,235,200,17.5000
N1B,data/nt,17,height,widest-fit,TN,224,200,12.0000
N1B,data/nt,17,height,widest-fit,SN,227,200,13.5000
N1B,data/nt,17,height,widest-fit,MinD,227,200,13.5000
N1B,data/nt,17,height,widest-fit,MaxD,224,200,12.0000
N1B,data/nt,17,height,first-fit,LM,246,200,23.0000
N1B,data/nt,17,height,first-fit,RM,246,200,23.0000
N1B,data/nt,17,height,first-fit,TN,227,200,13.5000
N1B,data/nt,17,height,first-fit,SN,246,200,23.0000
N1B,data/nt,17,height,first-fit,MinD,240,200,20.0000
N1B,data/nt,17,height,first-fit,MaxD,246,200,23.0000
N1B,data/nt,17,height,tre,LM,228,200,14.0000
N1B,data/nt,17,height,tre,RM,228,200,14.0000
N1B,data/nt,17,height,tre,TN,234,200,17.0000
N1B,data/nt,17,height,tre,SN,241,200,20.5000
N1B,data/nt,17,height,tre,MinD,241,200,20.5000
N1B,data/nt,17,height,tre,MaxD,241,200,20.5000
N1B,data/nt,17,area,widest-fit,LM,235,200,17.5000
N1B,data/nt,17,area,widest-fit,RM,235,200,17.5000
N1B,data/nt,17,area,widest-fit,TN,224,200,12.0000
N1B,data/nt,17,area,widest-fit,SN,227,200,13.5000
N1B,data/nt,17,area,widest-fit,MinD,227,200,13.5000
N1B,data/nt,17,area,widest-fit,MaxD,224,200,12.0000
N1B,data/nt,17,area,first-fit,LM,241,200,20.5000
N1B,data/nt,17,area,first-fit,RM,241,200,20.5000
N1B,data/nt,17,area,first-fit,TN,231,200,15.5000
N1B,data/nt,17,area,first-fit,SN,241,200,20.5000
N1B,data/nt,17,area,first-fit,MinD,241,200,20.5000
N1B,data/nt,17,area,first-fit,MaxD,231,200,15.5000
N1B,data/nt,17,area,tre,LM,229,200,14.5000
N1B,data/nt,17,area,tre,RM,229,200,14.5000
N1B,data/nt,17,area,tre,TN,229,200,14.5000
N1B,data/nt,17,area,tre,SN,231,200,15.5000
N1B,data/nt,17,area,tre,MinD,229,200,14.5000
N1B,data/nt,17,area,tre,MaxD,236,200,18.0000
N1C,data/nt,17,width,widest-fit,LM,261,200,30.5000
N1C,data/nt,17,width,widest-fit,RM,261,200,30.5000
N1C,data/nt,17,width,widest-fit,TN,263,200,31.5000
N1C,data/nt,17,width,widest-fit,SN,227,200,13.5000
N1C,data/nt,17,width,widest-fit,MinD,227,200,13.5000
N1C,data/nt,17,width,widest-fit,MaxD,220,200,10.0000
N1C,data/nt,17,width,first-fit,LM,261,200,30.5000
N1C,data/nt,17,width,first-fit,RM,261,200,30.5000
N1C,data/nt,17,width,first-fit,TN,263,200,31.5000
N1C,data/nt,17,width,first-fit,SN,227,200,13.5000
N1C,data/nt,17,width,first-fit,MinD,227,200,13.5000
N1C,data/nt,17,width,first-fit,MaxD,220,200,10.0000
N1C,data/nt,17,width,tre,LM,261,200,30.5000
N1C,data/nt,17,width,tre,RM,261,200,30.5000
N1C,data/nt,17,width,tre,TN,263,200,31.5000
N1C,data/nt,17,width,tre,SN,227,200,13.5000
N1C,data/nt,17,width,tre,MinD,227,200,13.5000
N1C,data/nt,17,width,tre,MaxD,220,200,10.0000
N1C,data/nt,17,height,widest-fit,LM,261,200,30.5000
N1C,data/nt,17,height,widest-fit,RM,261,200,30.5000
N1C,data/nt,17,height,widest-fit,TN,263,200,31.5000
N1C,data/nt,17,height,widest-fit,SN,227,200,13.5000
N1C,data/nt,17,height,widest-fit,MinD,227,200,13.5000
N1C,data/nt,17,height,widest-fit,MaxD,220,200,10.0000
N1C,data/nt,17,height,first-fit,LM,271,200,35.5000
N1C,data/nt,17,height,first-fit,RM,271,200,35.5000
N1C,data/nt,17,height,first-fit,TN,271,200,35.5000
N1C,data/nt,17,height,first-fit,SN,283,200,41.5000
N1C,data/nt,17,height,first-fit,MinD,282,200,41.0000
N1C,data/nt,17,height,first-fit,MaxD,282,200,41.0000
N1C,data/nt,17,height,tre,LM,271,200,35.5000
N1C,data/nt,17,height,tre,RM,271,200,35.5000
N1C,data/nt,17,height,tre,TN,256,200,28.0000
N1C,data/nt,17,height,tre,SN,288,200,44.0000
N1C,data/nt,17,height,tre,MinD,306,200,53.0000
N1C,data/nt,17,height,tre,MaxD,271,200,35.5000
N1C,data/nt,17,area,widest-fit,LM,261,200,30.5000
N1C,data/nt,17,area,widest-fit,RM,261,200,30.5000
N1C,data/nt,17,area,widest-fit,TN,263,200,31.5000
N1C,data/nt,17,area,widest-fit,SN,227,200,13.5000
N1C,data/nt,17,area,widest-fit,MinD,227,200,13.5000
N1C,data/nt,17,area,widest-fit,MaxD,220,200,10.0000
N1C,data/nt,17,area,first-fit,LM,240,200,20.0000
N1C,data/nt,17,area,first-fit,RM,240,200,20.0000
N1C,data/nt,17,area,first-fit,TN,240,200,20.0000
N1C,data/nt,17,area,first-fit,SN,245,200,22.5000
N1C,data/nt,17,area,first-fit,MinD,245,200,22.5000
N1C,data/nt,17,area,first-fit,MaxD,245,200,22.5000
N1C,data/nt,17,area,tre,LM,245,200,22.5000
N1C,data/nt,17,area,tre,RM,245,200,22.5000
N1C,data/nt,17,area,tre,TN,238,200,19.0000
N1C,data/nt,17,area,tre,SN,245,200,22.5000
N1C,data/nt,17,area,tre,MinD,245,200,22.5000
N1C,data/nt,17,area,tre,MaxD,262,200,31.0000
N1D,data/nt,17,width,widest-fit,LM,241,200,20.5000
N1D,data/nt,17,width,widest-fit,RM,241,200,20.5000
N1D,data/nt,17,width,widest-fit,TN,241,200,20.5000
N1D,data/nt,17,width,widest-fit,SN,238,200,19.0000
N1D,data/nt,17,width,widest-fit,MinD,231,200,15.5000
N1D,data/nt,17,width,widest-fit,MaxD,241,200,20.5000
N1D,data/nt,17,width,first-fit,LM,241,200,20.5000
N1D,data/nt,17,width,first-fit,RM,241,200,20.5000
N1D,data/nt,17,width,first-fit,TN,241,200,20.5000
N1D,data/nt,17,width,first-fit,SN,238,200,19.0000
N1D,data/nt,17,width,first-fit,MinD,231,200,15.5000
N1D,data/nt,17,width,first-fit,MaxD,241,200,20.5000
N1D,data/nt,17,width,tre,LM,241,200,20.5000
N1D,data/nt,17,width,tre,RM,241,200,20.5000
N1D,data/nt,17,width,tre,TN,241,200,20.5000
N1D,data/nt,17,width,tre,SN,238,200,19.0000
N1D,data/nt,17,width,tre,MinD,231,200,15.5000
N1D,data/nt,17,width,tre,MaxD,241,200,20.5000
N1D,data/nt,17,height,widest-fit,LM,241,200,20.5000
N1D,data/nt,17,height,widest-fit,RM,241,200,20.5000
N1D,data/nt,17,height,widest-fit,TN,241,200,20.5000
N1D,data/nt,17,height,widest-fit,SN,238,200,19.0000
N1D,data/nt,17,height,widest-fit,MinD,231,200,15.5000
N1D,data/nt,17,height,widest-fit,MaxD,241,200,20.5000
N1D,data/nt,17,height,first-fit,LM,261,200,30.5000
N1D,data/nt,17,height,first-fit,RM,261,200,30.5000
N1D,data/nt,17,height,first-fit,TN,261,200,30.5000
N1D,data/nt,17,height,first-fit,SN,275,200,37.5000
N1D,data/nt,17,height,first-fit,MinD,261,200,30.5000
N1D,data/nt,17,height,first-fit,MaxD,275,200,37.5000
N1D,data/nt,17,height,tre,LM,275,200,37.5000
N1D,data/nt,17,height,tre,RM,275,200,37.5000
N1D,data/nt,17,height,tre,TN,275,200,37.5000
N1D,data/nt,17,height,tre,SN,275,200,37.5000
N1D,data/nt,17,height,tre,MinD,275,200,37.5000
N1D,data/nt,17,height,tre,MaxD,275,200,37.5000
N1D,data/nt,17,area,widest-fit,LM,241,200,20.5000
N1D,data/nt,17,area,widest-fit,RM,241,200,20.5000
N1D,data/nt,17,area,widest-fit,TN,241,200,20.5000
N1D,data/nt,17,area,widest-fit,SN,238,200,19.0000
N1D,data/nt,17,area,widest-fit,MinD,231,200,15.5000
N1D,data/nt,17,area,widest-fit,MaxD,241,200,20.5000
N1D,data/nt,17,area,first-fit,LM,233,200,16.5000
N1D,data/nt,17,area,first-fit,RM,233,200,16.5000
N1D,data/nt,17,area,first-fit,TN,233,200,16.5000
N1D,data/nt,17,area,first-fit,SN,233,200,16.5000
N1D,data/nt,17,area,first-fit,MinD,233,200,16.5000
N1D,data/nt,17,area,first-fit,MaxD,233,200,16.5000
N1D,data/nt,17,area,tre,LM,233,200,16.5000
N1D,data/nt,17,area,tre,RM,233,200,16.5000
N1D,data/nt,17,area,tre,TN,233,200,16.5000
N1D,data/nt,17,area,tre,SN,233,200,16.5000
N1D,data/nt,17,area,tre,MinD,233,200,16.5000
N1D,data/nt,17,area,tre,MaxD,233,200,16.5000
N1E,data/nt,17,width,widest-fit,LM,232,200,16.0000
N1E,data/nt,17,width,widest-fit,RM,232,200,16.0000
N1E,data/nt,17,width,widest-fit,TN,220,200,10.0000
N1E,data/nt,17,width,widest-fit,SN,232,200,16.0000
N1E,data/nt,17,width,widest-fit,MinD,232,200,16.0000
N1E,data/nt,17,width,widest-fit,MaxD,220,200,10.0000
N1E,data/nt,17,width,first-fit,LM,232,200,16.0000
N1E,data/nt,17,width,first-fit,RM,232,200,16.0000
N1E,data/nt,17,width,first-fit,TN,220,200,10.0000
N1E,data/nt,17,width,first-fit,SN,232,200,16.0000
N1E,data/nt,17,width,first-fit,MinD,232,200,16.0000
N1E,data/nt,17,width,first-fit,MaxD,220,200,10.0000
N1E,data/nt,17,width,tre,LM,232,200,16.0000
N1E,data/nt,17,width,tre,RM,232,200,16.0000
N1E,data/nt,17,width,tre,TN,220,200,10.0000
N1E,data/nt,17,width,tre,SN,232,200,16.0000
N1E,data/nt,17,width,tre,MinD,232,200,16.0000
N1E,data/nt,17,width,tre,MaxD,220,200,10.0000
N1E,data/nt,17,height,widest-fit,LM,232,200,16.0000
N1E,data/nt,17,height,widest-fit,RM,232,200,16.0000
N1E,data/nt,17,height,widest-fit,TN,220,200,10.0000
N1E,data/nt,17,height,widest-fit,SN,232,200,16.0000
N1E,data/nt,17,height,widest-fit,MinD,232,200,16.0000
N1E,data/nt,17,height,widest-fit,MaxD,220,200,10.0000
N1E,data/nt,17,height,first-fit,LM,247,200,23.5000
N1E,data/nt,17,height,first-fit,RM,247,200,23.5000
N1E,data/nt,17,height,first-fit,TN,234,200,17.0000
N1E,data/nt,17,height,first-fit,SN,259,200,29.5000
N1E,data/nt,17,height,first-fit,MinD,233,200,16.5000
N1E,data/nt,17,height,first-fit,MaxD,233,200,16.5000
N1E,data/nt,17,height,tre,LM,247,200,23.5000
N1E,data/nt,17,height,tre,RM,247,200,23.5000
N1E,data/nt,17,height,tre,TN,234,200,17.0000
N1E,data/nt,17,height,tre,SN,277,200,38.5000
N1E,data/nt,17,height,tre,MinD,233,200,16.5000
N1E,data/nt,17,height,tre,MaxD,233,200,16.5000
N1E,data/nt,17,area,widest-fit,LM,232,200,16.0000
N1E,data/nt,17,area,widest-fit,RM,232,200,16.0000
N1E,data/nt,17,area,widest-fit,TN,220,200,10.0000
N1E,data/nt,17,area,widest-fit,SN,232,200,16.0000
N1E,data/nt,17,area,widest-fit,MinD,232,200,16.0000
N1E,data/nt,17,area,widest-fit,MaxD,220,200,10.0000
N1E,data/nt,17,area,first-fit,LM,229,200,14.5000
N1E,data/nt,17,area,first-fit,RM,229,200,14.5000
N1E,data/nt,17,area,first-fit,TN,229,200,14.5000
N1E,data/nt,17,area,first-fit,SN,229,200,14.5000
N1E,data/nt,17,area,first-fit,MinD,237,200,18.5000
N1E,data/nt,17,area,first-fit,MaxD,229,200,14.5000
N1E,data/nt,17,area,tre,LM,229,200,14.5000
N1E,data/nt,17,area,tre,RM,229,200,14.5000
N1E,data/nt,17,area,tre,TN,240,200,20.0000
N1E,data/nt,17,area,tre,SN,229,200,14.5000
N1E,data/nt,17,area,tre,MinD,248,200,24.0000
N1E,data/nt,17,area,tre,MaxD,229,200,14.5000
N2A,data/nt,25,width,widest-fit,LM,260,200,30.0000
N2A,data/nt,25,width,widest-fit,RM,260,200,30.0000
N2A,data/nt,25,width,widest-fit,TN,239,200,19.5000
N2A,data/nt,25,width,widest-fit,SN,255,200,27.5000
N2A,data/nt,25,width,widest-fit,MinD,252,200,26.0000
N2A,data/nt,25,width,widest-fit,MaxD,239,200,19.5000
N2A,data/nt,25,width,first-fit,LM,260,200,30.0000
N2A,data/nt,25,width,first-fit,RM,260,200,30.0000
N2A,data/nt,25,width,first-fit,TN,239,200,19.5000
N2A,data/nt,25,width,first-fit,SN,255,200,27.5000
N2A,data/nt,25,width,first-fit,MinD,252,200,26.0000
N2A,data/nt,25,width,first-fit,MaxD,239,200,19.5000
N2A,data/nt,25,width,tre,LM,260,200,30.0000
N2A,data/nt,25,width,tre,RM,260,200,30.0000
N2A,data/nt,25,width,tre,TN,239,200,19.5000
N2A,data/nt,25,width,tre,SN,255,200,27.5000
N2A,data/nt,25,width,tre,MinD,252,200,26.0000
N2A,data/nt,25,width,tre,MaxD,239,200,19.5000
N2A,data/nt,25,height,widest-fit,LM,260,200,30.0000
N2A,data/nt,25,height,widest-fit,RM,260,200,30.0000
N2A,data/nt,25,height,widest-fit,TN,239,200,19.5000
N2A,data/nt,25,height,widest-fit,SN,255,200,27.5000
N2A,data/nt,25,height,widest-fit,MinD,252,200,26.0000
N2A,data/nt,25,height,widest-fit,MaxD,239,200,19.5000
N2A,data/nt,25,height,first-fit,LM,245,200,22.5000
N2A,data/nt,25,height,first-fit,RM,245,200,22.5000
N2A,data/nt,25,height,first-fit,TN,233,200,16.5000
N2A,data/nt,25,height,first-fit,SN,241,200,20.5000
N2A,data/nt,25,height,first-fit,MinD,241,200,20.5000
N2A,data/nt,25,height,first-fit,MaxD,250,200,25.0000
N2A,data/nt,25,height,tre,LM,249,200,24.5000
N2A,data/nt,25,height,tre,RM,249,200,24.5000
N2A,data/nt,25,height,tre,TN,250,200,25.0000
N2A,data/nt,25,height,tre,SN,273,200,36.5000
N2A,data/nt,25,height,tre,MinD,249,200,24.5000
N2A,data/nt,25,height,tre,MaxD,252,200,26.0000
N2A,data/nt,25,area,widest-fit,LM,260,200,30.0000
N2A,data/nt,25,area,widest-fit,RM,260,200,30.0000
N2A,data/nt,25,area,widest-fit,TN,239,200,19.5000
N2A,data/nt,25,area,widest-fit,SN,255,200,27.5000
N2A,data/nt,25,area,widest-fit,MinD,252,200,26.0000
N2A,data/nt,25,area,widest-fit,MaxD,239,200,19.5000
N2A,data/nt,25,area,first-fit,LM,221,200,10.5000
N2A,data/nt,25,area,first-fit,RM,221,200,10.5000
N2A,data/nt,25,area,first-fit,TN,229,200,14.5000
N2A,data/nt,25,area,first-fit,SN,232,200,16.0000
N2A,data/nt,25,area,first-fit,MinD,224,200,12.0000
N2A,data/nt,25,area,first-fit,MaxD,230,200,15.0000
N2A,data/nt,25,area,tre,LM,222,200,11.0000
N2A,data/nt,25,area,tre,RM,222,200,11.0000
N2A,data/nt,25,area,tre,TN,217,200,8.5000
N2A,data/nt,25,area,tre,SN,222,200,11.0000
N2A,data/nt,25,area,tre,MinD,222,200,11.0000
N2A,data/nt,25,area,tre,MaxD,217,200,8.5000
N2B,data/nt,25,width,widest-fit,LM,246,200,23.0000
N2B,data/nt,25,width,widest-fit,RM,246,200,23.0000
N2B,data/nt,25,width,widest-fit,TN,223,200,11.5000
N2B,data/nt,25,width,widest-fit,SN,232,200,16.0000
N2B,data/nt,25,width,widest-fit,MinD,232,200,16.0000
N2B,data/nt,25,width,widest-fit,MaxD,227,200,13.5000
N2B,data/nt,25,width,first-fit,LM,246,200,23.0000
N2B,data/nt,25,width,first-fit,RM,246,200,23.0000
N2B,data/nt,25,width,first-fit,TN,223,200,11.5000
N2B,data/nt,25,width,first-fit,SN,232,200,16.0000
N2B,data/nt,25,width,first-fit,MinD,232,200,16.0000
N2B,data/nt,25,width,first-fit,MaxD,227,200,13.5000
N2B,data/nt,25,width,tre,LM,246,200,23.0000
N2B,data/nt,25,width,tre,RM,246,200,23.0000
N2B,data/nt,25,width,tre,TN,223,200,11.5000
N2B,data/nt,25,width,tre,SN,232,200,16.0000
N2B,data/nt,25,width,tre,MinD,232,200,16.0000
N2B,data/nt,25,width,tre,MaxD,227,200,13.5000
N2B,data/nt,25,height,widest-fit,LM,246,200,23.0000
N2B,data/nt,25,height,widest-fit,RM,246,200,23.0000
N2B,data/nt,25,height,widest-fit,TN,223,200,11.5000
N2B,data/nt,25,height,widest-fit,SN,232,200,16.0000
N2B,data/nt,25,height,widest-fit,MinD,232,200,16.0000
N2B,data/nt,25,height,widest-fit,MaxD,227,200,13.5000
N2B,data/nt,25,height,first-fit,LM,242,200,21.0000
N2B,data/nt,25,height,first-fit,RM,242,200,21.0000
N2B,data/nt,25,height,first-fit,TN,228,200,14.0000
N2B,data/nt,25,height,first-fit,SN,291,200,45.5000
N2B,data/nt,25,height,first-fit,MinD,269,200,34.5000
N2B,data/nt,25,height,first-fit,MaxD,286,200,43.0000
N2B,data/nt,25,height,tre,LM,274,200,37.0000
N2B,data/nt,25,height,tre,RM,274,200,37.0000
N2B,data/nt,25,height,tre,TN,258,200,29.0000
N2B,data/nt,25,height,tre,SN,277,200,38.5000
N2B,data/nt,25,height,tre,MinD,274,200,37.0000
N2B,data/nt,25,height,tre,MaxD,239,200,19.5000
N2B,data/nt,25,area,widest-fit,LM,246,200,23.0000
N2B,data/nt,25,area,widest-fit,RM,246,200,23.0000
N2B,data/nt,25,area,widest-fit,TN,223,200,11.5000
N2B,data/nt,25,area,widest-fit,SN,232,200,16.0000
N2B,data/nt,25,area,widest-fit,MinD,232,200,16.0000
N2B,data/nt,25,area,widest-fit,MaxD,227,200,13.5000
N2B,data/nt,25,area,first-fit,LM,221,200,10.5000
N2B,data/nt,25,area,first-fit,RM,221,200,10.5000
N2B,data/nt,25,area,first-fit,TN,221,200,10.5000
N2B,data/nt,25,area,first-fit,SN,218,200,9.0000
N2B,data/nt,25,area,first-fit,MinD,217,200,8.5000
N2B,data/nt,25,area,first-fit,MaxD,215,200,7.5000
N2B,data/nt,25,area,tre,LM,226,200,13.0000
N2B,data/nt,25,area,tre,RM,226,200,13.0000
N2B,data/nt,25,area,tre,TN,226,200,13.0000
N2B,data/nt,25,area,tre,SN,226,200,13.0000
N2B,data/nt,25,area,tre,MinD,236,200,18.0000
N2B,data/nt,25,area,tre,MaxD,252,200,26.0000
N2C,data/nt,25,width,widest-fit,LM,237,200,18.5000
N2C,data/nt,25,width,widest-fit,RM,237,200,18.5000
N2C,data/nt,25,width,widest-fit,TN,216,200,8.0000
N2C,data/nt,25,width,widest-fit,SN,239,200,19.5000
N2C,data/nt,25,width,widest-fit,MinD,237,200,18.5000
N2C,data/nt,25,width,widest-fit,MaxD,237,200,18.5000
N2C,data/nt,25,width,first-fit,LM,237,200,18.5000
N2C,data/nt,25,width,first-fit,RM,237,200,18.5000
N2C,data/nt,25,width,first-fit,TN,216,200,8.0000
N2C,data/nt,25,width,first-fit,SN,239,200,19.5000
N2C,data/nt,25,width,first-fit,MinD,237,200,18.5000
N2C,data/nt,25,width,first-fit,MaxD,237,200,18.5000
N2C,data/nt,25,width,tre,LM,237,200,18.5000
N2C,data/nt,25,width,tre,RM,237,200,18.5000
N2C,data/nt,25,width,tre,TN,216,200,8.0000
N2C,data/nt,25,width,tre,SN,239,200,19.5000
N2C,data/nt,25,width,tre,MinD,237,200,18.5000
N2C,data/nt,25,width,tre,MaxD,237,200,18.5000
N2C,data/nt,25,height,widest-fit,LM,237,200,18.5000
N2C,data/nt,25,height,widest-fit,RM,237,200,18.5000
N2C,data/nt,25,height,widest-fit,TN,216,200,8.0000
N2C,data/nt,25,height,widest-fit,SN,239,200,19.5000
N2C,data/nt,25,height,widest-fit,MinD,237,200,18.5000
N2C,data/nt,25,height,widest-fit,MaxD,237,200,18.5000
N2C,data/nt,25,height,first-fit,LM,248,200,24.0000
N2C,data/nt,25,height,first-fit,RM,248,200,24.0000
N2C,data/nt,25,height,first-fit,TN,253,200,26.5000
N2C,data/nt,25,height,first-fit,SN,253,200,26.5000
N2C,data/nt,25,height,first-fit,MinD,253,200,26.5000
N2C,data/nt,25,height,first-fit,MaxD,253,200,26.5000
N2C,data/nt,25,height,tre,LM,263,200,31.5000
N2C,data/nt,25,height,tre,RM,263,200,31.5000
N2C,data/nt,25,height,tre,TN,265,200,32.5000
N2C,data/nt,25,height,tre,SN,263,200,31.5000
N2C,data/nt,25,height,tre,MinD,263,200,31.5000
N2C,data/nt,25,height,tre,MaxD,263,200,31.5000
N2C,data/nt,25,area,widest-fit,LM,237,200,18.5000
N2C,data/nt,25,area,widest-fit,RM,237,200,18.5000
N2C,data/nt,25,area,widest-fit,TN,216,200,8.0000
N2C,data/nt,25,area,widest-fit,SN,239,200,19.5000
N2C,data/nt,25,area,widest-fit,MinD,237,200,18.5000
N2C,data/nt,25,area,widest-fit,MaxD,237,200,18.5000
N2C,data/nt,25,area,first-fit,LM,232,200,16.0000
N2C,data/nt,25,area,first-fit,RM,232,200,16.0000
N2C,data/nt,25,area,first-fit,TN,230,200,15.0000
N2C,data/nt,25,area,first-fit,SN,257,200,28.5000
N2C,data/nt,25,area,first-fit,MinD,234,200,17.0000
N2C,data/nt,25,area,first-fit,MaxD,232,200,16.0000
N2C,data/nt,25,area,tre,LM,255,200,27.5000
N2C,data/nt,25,area,tre,RM,232,200,16.0000
N2C,data/nt,25,area,tre,TN,226,200,13.0000
N2C,data/nt,25,area,tre,SN,249,200,24.5000
N2C,data/nt,25,area,tre,MinD,237,200,18.5000
N2C,data/nt,25,area,tre,MaxD,232,200,16.0000
N2D,data/nt,25,width,widest-fit,LM,221,200,10.5000
N2D,data/nt,25,width,widest-fit,RM,221,200,10.5000
N2D,data/nt,25,width,widest-fit,TN,227,200,13.5000
N2D,data/nt,25,width,widest-fit,SN,236,200,18.0000
N2D,data/nt,25,width,widest-fit,MinD,220,200,10.0000
N2D,data/nt,25,width,widest-fit,MaxD,224,200,12.0000
N2D,data/nt,25,width,first-fit,LM,221,200,10.5000
N2D,data/nt,25,width,first-fit,RM,221,200,10.5000
N2D,data/nt,25,width,first-fit,TN,227,200,13.5000
N2D,data/nt,25,width,first-fit,SN,236,200,18.0000
N2D,data/nt,25,width,first-fit,MinD,220,200,10.0000
N2D,data/nt,25,width,first-fit,MaxD,224,200,12.0000
N2D,data/nt,25,width,tre,LM,221,200,10.5000
N2D,data/nt,25,width,tre,RM,221,200,10.5000
N2D,data/nt,25,width,tre,TN,227,200,13.5000
N2D,data/nt,25,width,tre,SN,236,200,18.0000
N2D,data/nt,25,width,tre,MinD,220,200,10.0000
N2D,data/nt,25,width,tre,MaxD,224,200,12.0000
N2D,data/nt,25,height,widest-fit,LM,221,200,10.5000
N2D,data/nt,25,height,widest-fit,RM,221,200,10.5000
N2D,data/nt,25,height,widest-fit,TN,227,200,13.5000
N2D,data/nt,25,height,widest-fit,SN,236,200,18.0000
N2D,data/nt,25,height,widest-fit,MinD,220,200,10.0000
N2D,data/nt,25,height,widest-fit,MaxD,224,200,12.0000
N2D,data/nt,25,height,first-fit,LM,225,200,12.5000
N2D,data/nt,25,height,first-fit,RM,228,200,14.0000
N2D,data/nt,25,height,first-fit,TN,225,200,12.5000
N2D,data/nt,25,height,first-fit,SN,238,200,19.0000
N2D,data/nt,25,height,first-fit,MinD,252,200,26.0000
N2D,data/nt,25,height,first-fit,MaxD,225,200,12.5000
N2D,data/nt,25,height,tre,LM,237,200,18.5000
N2D,data/nt,25,height,tre,RM,237,200,18.5000
N2D,data/nt,25,height,tre,TN,234,200,17.0000
N2D,data/nt,25,height,tre,SN,249,200,24.5000
N2D,data/nt,25,height,tre,MinD,260,200,30.0000
N2D,data/nt,25,height,tre,MaxD,260,200,30.0000
N2D,data/nt,25,area,widest-fit,LM,221,200,10.5000
N2D,data/nt,25,area,widest-fit,RM,221,200,10.5000
N2D,data/nt,25,area,widest-fit,TN,227,200,13.5000
N2D,data/nt,25,area,widest-fit,SN,236,200,18.0000
N2D,data/nt,25,area,widest-fit,MinD,220,200,10.0000
N2D,data/nt,25,area,widest-fit,MaxD,224,200,12.0000
N2D,data/nt,25,area,first-fit,LM,228,200,14.0000
N2D,data/nt,25,area,first-fit,RM,228,200,14.0000
N2D,data/nt,25,area,first-fit,TN,218,200,9.0000
N2D,data/nt,25,area,first-fit,SN,231,200,15.5000
N2D,data/nt,25,area,first-fit,MinD,225,200,12.5000
N2D,data/nt,25,area,first-fit,MaxD,231,200,15.5000
N2D,data/nt,25,area,tre,LM,222,200,11.0000
N2D,data/nt,25,area,tre,RM,222,200,11.0000
N2D,data/nt,25,area,tre,TN,218,200,9.0000
N2D,data/nt,25,area,tre,SN,231,200,15.5000
N2D,data/nt,25,area,tre,MinD,238,200,19.0000
N2D,data/nt,25,area,tre,MaxD,231,200,15.5000
N2E,data/nt,25,width,widest-fit,LM,223,200,11.5000
N2E,data/nt,25,width,widest-fit,RM,223,200,11.5000
N2E,data/nt,25,width,widest-fit,TN,218,200,9.0000
N2E,data/nt,25,width,widest-fit,SN,235,200,17.5000
N2E,data/nt,25,width,widest-fit,MinD,230,200,15.0000
N2E,data/nt,25,width,widest-fit,MaxD,220,200,10.0000
N2E,data/nt,25,width,first-fit,LM,223,200,11.5000
N2E,data/nt,25,width,first-fit,RM,223,200,11.5000
N2E,data/nt,25,width,first-fit,TN,218,200,9.0000
N2E,data/nt,25,width,first-fit,SN,235,200,17.5000
N2E,data/nt,25,width,first-fit,MinD,230,200,15.0000
N2E,data/nt,25,width,first-fit,MaxD,220,200,10.0000
N2E,data/nt,25,width,tre,LM,223,200,11.5000
N2E,data/nt,25,width,tre,RM,223,200,11.5000
N2E,data/nt,25,width,tre,TN,218,200,9.0000
N2E,data/nt,25,width,tre,SN,235,200,17.5000
N2E,data/nt,25,width,tre,MinD,230,200,15.0000
N2E,data/nt,25,width,tre,MaxD,220,200,10.0000
N2E,data/nt,25,height,widest-fit,LM,223,200,11.5000
N2E,data/nt,25,height,widest-fit,RM,223,200,11.5000
N2E,data/nt,25,height,widest-fit,TN,218,200,9.0000
N2E,data/nt,25,height,widest-fit,SN,235,200,17.5000
N2E,data/nt,25,height,widest-fit,MinD,230,200,15.0000
N2E,data/nt,25,height,widest-fit,MaxD,220,200,10.0000
N2E,data/nt,25,height,first-fit,LM,248,200,24.0000
N2E,data/nt,25,height,first-fit,RM,248,200,24.0000
N2E,data/nt,25,height,first-fit,TN,248,200,24.0000
N2E,data/nt,25,height,first-fit,SN,248,200,24.0000
N2E,data/nt,25,height,first-fit,MinD,237,200,18.5000
N2E,data/nt,25,height,first-fit,MaxD,248,200,24.0000
N2E,data/nt,25,height,tre,LM,252,200,26.0000
N2E,data/nt,25,height,tre,RM,252,200,26.0000
N2E,data/nt,25,height,tre,TN,269,200,34.5000
N2E,data/nt,25,height,tre,SN,248,200,24.0000
N2E,data/nt,25,height,tre,MinD,222,200,11.0000
N2E,data/nt,25,height,tre,MaxD,252,200,26.0000
N2E,data/nt,25,area,widest-fit,LM,223,200,11.5000
N2E,data/nt,25,area,widest-fit,RM,223,200,11.5000
N2E,data/nt,25,area,widest-fit,TN,218,200,9.0000
N2E,data/nt,25,area,widest-fit,SN,235,200,17.5000
N2E,data/nt,25,area,widest-fit,MinD,230,200,15.0000
N2E,data/nt,25,area,widest-fit,MaxD,220,200,10.0000
N2E,data/nt,25,area,first-fit,LM,225,200,12.5000
N2E,data/nt,25,area,first-fit,RM,225,200,12.5000
N2E,data/nt,25,area,first-fit,TN,229,200,14.5000
N2E,data/nt,25,area,first-fit,SN,236,200,18.0000
N2E,data/nt,25,area,first-fit,MinD,228,200,14.0000
N2E,data/nt,25,area,first-fit,MaxD,235,200,17.5000
N2E,data/nt,25,area,tre,LM,222,200,11.0000
N2E,data/nt,25,area,tre,RM,222,200,11.0000
N2E,data/nt,25,area,tre,TN,225,200,12.5000
N2E,data/nt,25,area,tre,SN,236,200,18.0000
N2E,data/nt,25,area,tre,MinD,222,200,11.0000
N2E,data/nt,25,area,tre,MaxD,225,200,12.5000
N3A,data/nt,29,width,widest-fit,LM,228,200,14.0000
N3A,data/nt,29,width,widest-fit,RM,228,200,14.0000
N3A,data/nt,29,width,widest-fit,TN,234,200,17.0000
N3A,data/nt,29,width,widest-fit,SN,217,200,8.5000
N3A,data/nt,29,width,widest-fit,MinD,221,200,10.5000
N3A,data/nt,29,width,widest-fit,MaxD,229,200,14.5000
N3A,data/nt,29,width,first-fit,LM,228,200,14.0000
N3A,data/nt,29,width,first-fit,RM,228,200,14.0000
N3A,data/nt,29,width,first-fit,TN,234,200,17.0000
N3A,data/nt,29,width,first-fit,SN,217,200,8.5000
N3A,data/nt,29,width,first-fit,MinD,221,200,10.5000
N3A,data/nt,29,width,first-fit,MaxD,229,200,14.5000
N3A,data/nt,29,width,tre,LM,228,200,14.0000
N3A,data/nt,29,width,tre,RM,228,200,14.0000
N3A,data/nt,29,width,tre,TN,234,200,17.0000
N3A,data/nt,29,width,tre,SN,217,200,8.5000
N3A,data/nt,29,width,tre,MinD,221,200,10.5000
N3A,data/nt,29,width,tre,MaxD,229,200,14.5000
N3A,data/nt,29,height,widest-fit,LM,228,200,14.0000
N3A,data/nt,29,height,widest-fit,RM,228,200,14.0000
N3A,data/nt,29,height,widest-fit,TN,234,200,17.0000
N3A,data/nt,29,height,widest-fit,SN,217,200,8.5000
N3A,data/nt,29,height,widest-fit,MinD,221,200,10.5000
N3A,data/nt,29,height,widest-fit,MaxD,229,200,14.5000
N3A,data/nt,29,height,first-fit,LM,248,200,24.0000
N3A,data/nt,29,height,first-fit,RM,248,200,24.0000
N3A,data/nt,29,height,first-fit,TN,248,200,24.0000
N3A,data/nt,29,height,first-fit,SN,248,200,24.0000
N3A,data/nt,29,height,first-fit,MinD,248,200,24.0000
N3A,data/nt,29,height,first-fit,MaxD,248,200,24.0000
N3A,data/nt,29,height,tre,LM,257,200,28.5000
N3A,data/nt,29,height,tre,RM,257,200,28.5000
N3A,data/nt,29,height,tre,TN,253,200,26.5000
N3A,data/nt,29,height,tre,SN,248,200,24.0000
N3A,data/nt,29,height,tre,MinD,253,200,26.5000
N3A,data/nt,29,height,tre,MaxD,248,200,24.0000
N3A,data/nt,29,area,widest-fit,LM,228,200,14.0000
N3A,data/nt,29,area,widest-fit,RM,228,200,14.0000
N3A,data/nt,29,area,widest-fit,TN,234,200,17.0000
N3A,data/nt,29,area,widest-fit,SN,217,200,8.5000
N3A,data/nt,29,area,widest-fit,MinD,221,200,10.5000
N3A,data/nt,29,area,widest-fit,MaxD,229,200,14.5000
N3A,data/nt,29,area,first-fit,LM,222,200,11.0000
N3A,data/nt,29,area,first-fit,RM,222,200,11.0000
N3A,data/nt,29,area,first-fit,TN,214,200,7.0000
N3A,data/nt,29,area,first-fit,SN,234,200,17.0000
N3A,data/nt,29,area,first-fit,MinD,234,200,17.0000
N3A,data/nt,29,area,first-fit,MaxD,234,200,17.0000
N3A,data/nt,29,area,tre,LM,237,200,18.5000
N3A,data/nt,29,area,tre,RM,237,200,18.5000
N3A,data/nt,29,area,tre,TN,221,200,10.5000
N3A,data/nt,29,area,tre,SN,237,200,18.5000
N3A,data/nt,29,area,tre,MinD,234,200,17.0000
N3A,data/nt,29,area,tre,MaxD,234,200,17.0000
N3B,data/nt,29,width,widest-fit,LM,218,200,9.0000
N3B,data/nt,29,width,widest-fit,RM,218,200,9.0000
N3B,data/nt,29,width,widest-fit,TN,241,200,20.5000
N3B,data/nt,29,width,widest-fit,SN,217,200,8.5000
N3B,data/nt,29,width,widest-fit,MinD,244,200,22.0000
N3B,data/nt,29,width,widest-fit,MaxD,219,200,9.5000
N3B,data/nt,29,width,first-fit,LM,218,200,9.0000
N3B,data/nt,29,width,first-fit,RM,218,200,9.0000
N3B,data/nt,29,width,first-fit,TN,241,200,20.5000
N3B,data/nt,29,width,first-fit,SN,217,200,8.5000
N3B,data/nt,29,width,first-fit,MinD,244,200,22.0000
N3B,data/nt,29,width,first-fit,MaxD,219,200,9.5000
N3B,data/nt,29,width,tre,LM,218,200,9.0000
N3B,data/nt,29,width,tre,RM,218,200,9.0000
N3B,data/nt,29,width,tre,TN,241,200,20.5000
N3B,data/nt,29,width,tre,SN,217,200,8.5000
N3B,data/nt,29,width,tre,MinD,244,200,22.0000
N3B,data/nt,29,width,tre,MaxD,219,200,9.5000
N3B,data/nt,29,height,widest-fit,LM,218,200,9.0000
N3B,data/nt,29,height,widest-fit,RM,218,200,9.0000
N3B,data/nt,29,height,widest-fit,TN,241,200,20.5000
N3B,data/nt,29,height,widest-fit,SN,217,200,8.5000
N3B,data/nt,29,height,widest-fit,MinD,244,200,22.0000
N3B,data/nt,29,height,widest-fit,MaxD,219,200,9.5000
N3B,data/nt,29,height,first-fit,LM,252,200,26.0000
N3B,data/nt,29,height,first-fit,RM,252,200,26.0000
N3B,data/nt,29,height,first-fit,TN,260,200,30.0000
N3B,data/nt,29,height,first-fit,SN,254,200,27.0000
N3B,data/nt,29,height,first-fit,MinD,237,200,18.5000
N3B,data/nt,29,height,first-fit,MaxD,252,200,26.0000
N3B,data/nt,29,height,tre,LM,245,200,22.5000
N3B,data/nt,29,height,tre,RM,253,200,26.5000
N3B,data/nt,29,height,tre,TN,253,200,26.5000
N3B,data/nt,29,height,tre,SN,253,200,26.5000
N3B,data/nt,29,height,tre,MinD,253,200,26.5000
N3B,data/nt,29,height,tre,MaxD,244,200,22.0000
N3B,data/nt,29,area,widest-fit,LM,218,200,9.0000
N3B,data/nt,29,area,widest-fit,RM,218,200,9.0000
N3B,data/nt,29,area,widest-fit,TN,241,200,20.5000
N3B,data/nt,29,area,widest-fit,SN,217,200,8.5000
N3B,data/nt,29,area,widest-fit,MinD,244,200,22.0000
N3B,data/nt,29,area,widest-fit,MaxD,219,200,9.5000
N3B,data/nt,29,area,first-fit,LM,234,200,17.0000
N3B,data/nt,29,area,first-fit,RM,234,200,17.0000
N3B,data/nt,29,area,first-fit,TN,233,200,16.5000
N3B,data/nt,29,area,first-fit,SN,234,200,17.0000
N3B,data/nt,29,area,first-fit,MinD,234,200,17.0000
N3B,data/nt,29,area,first-fit,MaxD,233,200,16.5000
N3B,data/nt,29,area,tre,LM,243,200,21.5000
N3B,data/nt,29,area,tre,RM,243,200,21.5000
N3B,data/nt,29,area,tre,TN,243,200,21.5000
N3B,data/nt,29,area,tre,SN,244,200,22.0000
N3B,data/nt,29,area,tre,MinD,252,200,26.0000
N3B,data/nt,29,area,tre,MaxD,243,200,21.5000
N3C,data/nt,29,width,widest-fit,LM,234,200,17.0000
N3C,data/nt,29,width,widest-fit,RM,234,200,17.0000
N3C,data/nt,29,width,widest-fit,TN,237,200,18.5000
N3C,data/nt,29,width,widest-fit,SN,238,200,19.0000
N3C,data/nt,29,width,widest-fit,MinD,244,200,22.0000
N3C,data/nt,29,width,widest-fit,MaxD,218,200,9.0000
N3C,data/nt,29,width,first-fit,LM,234,200,17.0000
N3C,data/nt,29,width,first-fit,RM,234,200,17.0000
N3C,data/nt,29,width,first-fit,TN,237,200,18.5000
N3C,data/nt,29,width,first-fit,SN,238,200,19.0000
N3C,data/nt,29,width,first-fit,MinD,244,200,22.0000
N3C,data/nt,29,width,first-fit,MaxD,218,200,9.0000
N3C,data/nt,29,width,tre,LM,234,200,17.0000
N3C,data/nt,29,width,tre,RM,234,200,17.0000
N3C,data/nt,29,width,tre,TN,237,200,18.5000
N3C,data/nt,29,width,tre,SN,238,200,19.0000
N3C,data/nt,29,width,tre,MinD,244,200,22.0000
N3C,data/nt,29,width,tre,MaxD,218,200,9.0000
N3C,data/nt,29,height,widest-fit,LM,234,200,17.0000
N3C,data/nt,29,height,widest-fit,RM,234,200,17.0000
N3C,data/nt,29,height,widest-fit,TN,237,200,18.5000
N3C,data/nt,29,height,widest-fit,SN,238,200,19.0000
N3C,data/nt,29,height,widest-fit,MinD,244,200,22.0000
N3C,data/nt,29,height,widest-fit,MaxD,218,200,9.0000
N3C,data/nt,29,height,first-fit,LM,254,200,27.0000
N3C,data/nt,29,height,first-fit,RM,254,200,27.0000
N3C,data/nt,29,height,first-fit,TN,254,200,27.0000
N3C,data/nt,29,height,first-fit,SN,254,200,27.0000
N3C,data/nt,29,height,first-fit,MinD,254,200,27.0000
N3C,data/nt,29,height,first-fit,MaxD,254,200,27.0000
N3C,data/nt,29,height,tre,LM,254,200,27.0000
N3C,data/nt,29,height,tre,RM,254,200,27.0000
N3C,data/nt,29,height,tre,TN,254,200,27.0000
N3C,data/nt,29,height,tre,SN,268,200,34.0000
N3C,data/nt,29,height,tre,MinD,268,200,34.0000
N3C,data/nt,29,height,tre,MaxD,267,200,33.5000
N3C,data/nt,29,area,widest-fit,LM,234,200,17.0000
N3C,data/nt,29,area,widest-fit,RM,234,200,17.0000
N3C,data/nt,29,area,widest-fit,TN,237,200,18.5000
N3C,data/nt,29,area,widest-fit,SN,238,200,19.0000
N3C,data/nt,29,area,widest-fit,MinD,244,200,22.0000
N3C,data/nt,29,area,widest-fit,MaxD,218,200,9.0000
N3C,data/nt,29,area,first-fit,LM,230,200,15.0000
N3C,data/nt,29,area,first-fit,RM,230,200,15.0000
N3C,data/nt,29,area,first-fit,TN,227,200,13.5000
N3C,data/nt,29,area,first-fit,SN,228,200,14.0000
N3C,data/nt,29,area,first-fit,MinD,225,200,12.5000
N3C,data/nt,29,area,first-fit,MaxD,236,200,18.0000
N3C,data/nt,29,area,tre,LM,221,200,10.5000
N3C,data/nt,29,area,tre,RM,221,200,10.5000
N3C,data/nt,29,area,tre,TN,234,200,17.0000
N3C,data/nt,29,area,tre,SN,234,200,17.0000
N3C,data/nt,29,area,tre,MinD,218,200,9.0000
N3C,data/nt,29,area,tre,MaxD,218,200,9.0000
N3D,data/nt,29,width,widest-fit,LM,234,200,17.0000
N3D,data/nt,29,width,widest-fit,RM,234,200,17.0000
N3D,data/nt,29,width,widest-fit,TN,232,200,16.0000
N3D,data/nt,29,width,widest-fit,SN,227,200,13.5000
N3D,data/nt,29,width,widest-fit,MinD,232,200,16.0000
N3D,data/nt,29,width,widest-fit,MaxD,236,200,18.0000
N3D,data/nt,29,width,first-fit,LM,234,200,17.0000
N3D,data/nt,29,width,first-fit,RM,234,200,17.0000
N3D,data/nt,29,width,first-fit,TN,232,200,16.0000
N3D,data/nt,29,width,first-fit,SN,227,200,13.5000
N3D,data/nt,29,width,first-fit,MinD,232,200,16.0000
N3D,data/nt,29,width,first-fit,MaxD,236,200,18.0000
N3D,data/nt,29,width,tre,LM,234,200,17.0000
N3D,data/nt,29,width,tre,RM,234,200,17.0000
N3D,data/nt,29,width,tre,TN,232,200,16.0000
N3D,data/nt,29,width,tre,SN,227,200,13.5000
N3D,data/nt,29,width,tre,MinD,232,200,16.0000
N3D,data/nt,29,width,tre,MaxD,236,200,18.0000
N3D,data/nt,29,height,widest-fit,LM,234,200,17.0000
N3D,data/nt,29,height,widest-fit,RM,234,200,17.0000
N3D,data/nt,29,height,widest-fit,TN,232,200,16.0000
N3D,data/nt,29,height,widest-fit,SN,227,200,13.5000
N3D,data/nt,29,height,widest-fit,MinD,232,200,16.0000
N3D,data/nt,29,height,widest-fit,MaxD,236,200,18.0000
N3D,data/nt,29,height,first-fit,LM,233,200,16.5000
N3D,data/nt,29,height,first-fit,RM,233,200,16.5000
N3D,data/nt,29,height,first-fit,TN,233,200,16.5000
N3D,data/nt,29,height,first-fit,SN,233,200,16.5000
N3D,data/nt,29,height,first-fit,MinD,233,200,16.5000
N3D,data/nt,29,height,first-fit,MaxD,233,200,16.5000
N3D,data/nt,29,height,tre,LM,246,200,23.0000
N3D,data/nt,29,height,tre,RM,246,200,23.0000
N3D,data/nt,29,height,tre,TN,270,200,35.0000
N3D,data/nt,29,height,tre,SN,246,200,23.0000
N3D,data/nt,29,height,tre,MinD,246,200,23.0000
N3D,data/nt,29,height,tre,MaxD,246,200,23.0000
N3D,data/nt,29,area,widest-fit,LM,234,200,17.0000
N3D,data/nt,29,area,widest-fit,RM,234,200,17.0000
N3D,data/nt,29,area,widest-fit,TN,232,200,16.0000
N3D,data/nt,29,area,widest-fit,SN,227,200,13.5000
N3D,data/nt,29,area,widest-fit,MinD,232,200,16.0000
N3D,data/nt,29,area,widest-fit,MaxD,236,200,18.0000
N3D,data/nt,29,area,first-fit,LM,219,200,9.5000
N3D,data/nt,29,area,first-fit,RM,218,200,9.0000
N3D,data/nt,29,area,first-fit,TN,220,200,10.0000
N3D,data/nt,29,area,first-fit,SN,218,200,9.0000
N3D,data/nt,29,area,first-fit,MinD,219,200,9.5000
N3D,data/nt,29,area,first-fit,MaxD,229,200,14.5000
N3D,data/nt,29,area,tre,LM,220,200,10.0000
N3D,data/nt,29,area,tre,RM,220,200,10.0000
N3D,data/nt,29,area,tre,TN,219,200,9.5000
N3D,data/nt,29,area,tre,SN,215,200,7.5000
N3D,data/nt,29,area,tre,MinD,223,200,11.5000
N3D,data/nt,29,area,tre,MaxD,217,200,8.5000
N3E,data/nt,29,width,widest-fit,LM,214,200,7.0000
N3E,data/nt,29,width,widest-fit,RM,214,200,7.0000
N3E,data/nt,29,width,widest-fit,TN,214,200,7.0000
N3E,data/nt,29,width,widest-fit,SN,219,200,9.5000
N3E,data/nt,29,width,widest-fit,MinD,222,200,11.0000
N3E,data/nt,29,width,widest-fit,MaxD,219,200,9.5000
N3E,data/nt,29,width,first-fit,LM,214,200,7.0000
N3E,data/nt,29,width,first-fit,RM,214,200,7.0000
N3E,data/nt,29,width,first-fit,TN,214,200,7.0000
N3E,data/nt,29,width,first-fit,SN,219,200,9.5000
N3E,data/nt,29,width,first-fit,MinD,222,200,11.0000
N3E,data/nt,29,width,first-fit,MaxD,219,200,9.5000
N3E,data/nt,29,width,tre,LM,214,200,7.0000
N3E,data/nt,29,width,tre,RM,214,200,7.0000
N3E,data/nt,29,width,tre,TN,214,200,7.0000
N3E,data/nt,29,width,tre,SN,219,200,9.5000
N3E,data/nt,29,width,tre,MinD,222,200,11.0000
N3E,data/nt,29,width,tre,MaxD,219,200,9.5000
N3E,data/nt,29,height,widest-fit,LM,214,200,7.0000
N3E,data/nt,29,height,widest-fit,RM,214,200,7.0000
N3E,data/nt,29,height,widest-fit,TN,214,200,7.0000
N3E,data/nt,29,height,widest-fit,SN,219,200,9.5000
N3E,data/nt,29,height,widest-fit,MinD,222,200,11.0000
N3E,data/nt,29,height,widest-fit,MaxD,219,200,9.5000
N3E,data/nt,29,height,first-fit,LM,263,200,31.5000
N3E,data/nt,29,height,first-fit,RM,263,200,31.5000
N3E,data/nt,29,height,first-fit,TN,259,200,29.5000
N3E,data/nt,29,height,first-fit,SN,262,200,31.0000
N3E,data/nt,29,height,first-fit,MinD,262,200,31.0000
N3E,data/nt,29,height,first-fit,MaxD,251,200,25.5000
N3E,data/nt,29,height,tre,LM,262,200,31.0000
N3E,data/nt,29,height,tre,RM,262,200,31.0000
N3E,data/nt,29,height,tre,TN,251,200,25.5000
N3E,data/nt,29,height,tre,SN,262,200,31.0000
N3E,data/nt,29,height,tre,MinD,262,200,31.0000
N3E,data/nt,29,height,tre,MaxD,262,200,31.0000
N3E,data/nt,29,area,widest-fit,LM,214,200,7.0000
N3E,data/nt,29,area,widest-fit,RM,214,200,7.0000
N3E,data/nt,29,area,widest-fit,TN,214,200,7.0000
N3E,data/nt,29,area,widest-fit,SN,219,200,9.5000
N3E,data/nt,29,area,widest-fit,MinD,222,200,11.0000
N3E,data/nt,29,area,widest-fit,MaxD,219,200,9.5000
N3E,data/nt,29,area,first-fit,LM,246,200,23.0000
N3E,data/nt,29,area,first-fit,RM,246,200,23.0000
N3E,data/nt,29,area,first-fit,TN,215,200,7.5000
N3E,data/nt,29,area,first-fit,SN,246,200,23.0000
N3E,data/nt,29,area,first-fit,MinD,246,200,23.0000
N3E,data/nt,29,area,first-fit,MaxD,224,200,12.0000
N3E,data/nt,29,area,tre,LM,246,200,23.0000
N3E,data/nt,29,area,tre,RM,246,200,23.0000
N3E,data/nt,29,area,tre,TN,225,200,12.5000
N3E,data/nt,29,area,tre,SN,246,200,23.0000
N3E,data/nt,29,area,tre,MinD,246,200,23.0000
N3E,data/nt,29,area,tre,MaxD,229,200,14.5000
N4A,data/nt,49,width,widest-fit,LM,246,200,23.0000
N4A,data/nt,49,width,widest-fit,RM,221,200,10.5000
N4A,data/nt,49,width,widest-fit,TN,219,200,9.5000
N4A,data/nt,49,width,widest-fit,SN,217,200,8.5000
N4A,data/nt,49,width,widest-fit,MinD,224,200,12.0000
N4A,data/nt,49,width,widest-fit,MaxD,214,200,7.0000
N4A,data/nt,49,width,first-fit,LM,246,200,23.0000
N4A,data/nt,49,width,first-fit,RM,221,200,10.5000
N4A,data/nt,49,width,first-fit,TN,219,200,9.5000
N4A,data/nt,49,width,first-fit,SN,217,200,8.5000
N4A,data/nt,49,width,first-fit,MinD,224,200,12.0000
N4A,data/nt,49,width,first-fit,MaxD,214,200,7.0000
N4A,data/nt,49,width,tre,LM,246,200,23.0000
N4A,data/nt,49,width,tre,RM,221,200,10.5000
N4A,data/nt,49,width,tre,TN,219,200,9.5000
N4A,data/nt,49,width,tre,SN,217,200,8.5000
N4A,data/nt,49,width,tre,MinD,224,200,12.0000
N4A,data/nt,49,width,tre,MaxD,214,200,7.0000
N4A,data/nt,49,height,widest-fit,LM,246,200,23.0000
N4A,data/nt,49,height,widest-fit,RM,221,200,10.5000
N4A,data/nt,49,height,widest-fit,TN,219,200,9.5000
N4A,data/nt,49,height,widest-fit,SN,217,200,8.5000
N4A,data/nt,49,height,widest-fit,MinD,224,200,12.0000
N4A,data/nt,49,height,widest-fit,MaxD,214,200,7.0000
N4A,data/nt,49,height,first-fit,LM,242,200,21.0000
N4A,data/nt,49,height,first-fit,RM,242,200,21.0000
N4A,data/nt,49,height,first-fit,TN,238,200,19.0000
N4A,data/nt,49,height,first-fit,SN,239,200,19.5000
N4A,data/nt,49,height,first-fit,MinD,241,200,20.5000
N4A,data/nt,49,height,first-fit,MaxD,248,200,24.0000
N4A,data/nt,49,height,tre,LM,237,200,18.5000
N4A,data/nt,49,height,tre,RM,237,200,18.5000
N4A,data/nt,49,height,tre,TN,244,200,22.0000
N4A,data/nt,49,height,tre,SN,237,200,18.5000
N4A,data/nt,49,height,tre,MinD,237,200,18.5000
N4A,data/nt,49,height,tre,MaxD,249,200,24.5000
N4A,data/nt,49,area,widest-fit,LM,246,200,23.0000
N4A,data/nt,49,area,widest-fit,RM,221,200,10.5000
N4A,data/nt,49,area,widest-fit,TN,219,200,9.5000
N4A,data/nt,49,area,widest-fit,SN,217,200,8.5000
N4A,data/nt,49,area,widest-fit,MinD,224,200,12.0000
N4A,data/nt,49,area,widest-fit,MaxD,214,200,7.0000
N4A,data/nt,49,area,first-fit,LM,214,200,7.0000
N4A,data/nt,49,area,first-fit,RM,214,200,7.0000
N4A,data/nt,49,area,first-fit,TN,213,200,6.5000
N4A,data/nt,49,area,first-fit,SN,221,200,10.5000
N4A,data/nt,49,area,first-fit,MinD,216,200,8.0000
N4A,data/nt,49,area,first-fit,MaxD,217,200,8.5000
N4A,data/nt,49,area,tre,LM,219,200,9.5000
N4A,data/nt,49,area,tre,RM,238,200,19.0000
N4A,data/nt,49,area,tre,TN,215,200,7.5000
N4A,data/nt,49,area,tre,SN,231,200,15.5000
N4A,data/nt,49,area,tre,MinD,238,200,19.0000
N4A,data/nt,49,area,tre,MaxD,219,200,9.5000
N4B,data/nt,49,width,widest-fit,LM,213,200,6.5000
N4B,data/nt,49,width,widest-fit,RM,218,200,9.0000
N4B,data/nt,49,width,widest-fit,TN,213,200,6.5000
N4B,data/nt,49,width,widest-fit,SN,217,200,8.5000
N4B,data/nt,49,width,widest-fit,MinD,219,200,9.5000
N4B,data/nt,49,width,widest-fit,MaxD,213,200,6.5000
N4B,data/nt,49,width,first-fit,LM,213,200,6.5000
N4B,data/nt,49,width,first-fit,RM,218,200,9.0000
N4B,data/nt,49,width,first-fit,TN,213,200,6.5000
N4B,data/nt,49,width,first-fit,SN,217,200,8.5000
N4B,data/nt,49,width,first-fit,MinD,219,200,9.5000
N4B,data/nt,49,width,first-fit,MaxD,213,200,6.5000
N4B,data/nt,49,width,tre,LM,213,200,6.5000
N4B,data/nt,49,width,tre,RM,218,200,9.0000
N4B,data/nt,49,width,tre,TN,213,200,6.5000
N4B,data/nt,49,width,tre,SN,217,200,8.5000
N4B,data/nt,49,width,tre,MinD,219,200,9.5000
N4B,data/nt,49,width,tre,MaxD,213,200,6.5000
N4B,data/nt,49,height,widest-fit,LM,213,200,6.5000
N4B,data/nt,49,height,widest-fit,RM,218,200,9.0000
N4B,data/nt,49,height,widest-fit,TN,213,200,6.5000
N4B,data/nt,49,height,widest-fit,SN,217,200,8.5000
N4B,data/nt,49,height,widest-fit,MinD,219,200,9.5000
N4B,data/nt,49,height,widest-fit,MaxD,213,200,6.5000
N4B,data/nt,49,height,first-fit,LM,264,200,32.0000
N4B,data/nt,49,height,first-fit,RM,257,200,28.5000
N4B,data/nt,49,height,first-fit,TN,251,200,25.5000
N4B,data/nt,49,height,first-fit,SN,283,200,41.5000
N4B,data/nt,49,height,first-fit,MinD,249,200,24.5000
N4B,data/nt,49,height,first-fit,MaxD,279,200,39.5000
N4B,data/nt,49,height,tre,LM,239,200,19.5000
N4B,data/nt,49,height,tre,RM,239,200,19.5000
N4B,data/nt,49,height,tre,TN,264,200,32.0000
N4B,data/nt,49,height,tre,SN,244,200,22.0000
N4B,data/nt,49,height,tre,MinD,257,200,28.5000
N4B,data/nt,49,height,tre,MaxD,253,200,26.5000
N4B,data/nt,49,area,widest-fit,LM,213,200,6.5000
N4B,data/nt,49,area,widest-fit,RM,218,200,9.0000
N4B,data/nt,49,area,widest-fit,TN,213,200,6.5000
N4B,data/nt,49,area,widest-fit,SN,217,200,8.5000
N4B,data/nt,49,area,widest-fit,MinD,219,200,9.5000
N4B,data/nt,49,area,widest-fit,MaxD,213,200,6.5000
N4B,data/nt,49,area,first-fit,LM,214,200,7.0000
N4B,data/nt,49,area,first-fit,RM,214,200,7.0000
N4B,data/nt,49,area,first-fit,TN,218,200,9.0000
N4B,data/nt,49,area,first-fit,SN,214,200,7.0000
N4B,data/nt,49,area,first-fit,MinD,218,200,9.0000
N4B,data/nt,49,area,first-fit,MaxD,218,200,9.0000
N4B,data/nt,49,area,tre,LM,213,200,6.5000
N4B,data/nt,49,area,tre,RM,213,200,6.5000
N4B,data/nt,49,area,tre,TN,218,200,9.0000
N4B,data/nt,49,area,tre,SN,213,200,6.5000
N4B,data/nt,49,area,tre,MinD,213,200,6.5000
N4B,data/nt,49,area,tre,MaxD,213,200,6.5000
N4C,data/nt,49,width,widest-fit,LM,224,200,12.0000
N4C,data/nt,49,width,widest-fit,RM,233,200,16.5000
N4C,data/nt,49,width,widest-fit,TN,211,200,5.5000
N4C,data/nt,49,width,widest-fit,SN,228,200,14.0000
N4C,data/nt,49,width,widest-fit,MinD,226,200,13.0000
N4C,data/nt,49,width,widest-fit,MaxD,220,200,10.0000
N4C,data/nt,49,width,first-fit,LM,224,200,12.0000
N4C,data/nt,49,width,first-fit,RM,233,200,16.5000
N4C,data/nt,49,width,first-fit,TN,211,200,5.5000
N4C,data/nt,49,width,first-fit,SN,228,200,14.0000
N4C,data/nt,49,width,first-fit,MinD,226,200,13.0000
N4C,data/nt,49,width,first-fit,MaxD,220,200,10.0000
N4C,data/nt,49,width,tre,LM,224,200,12.0000
N4C,data/nt,49,width,tre,RM,233,200,16.5000
N4C,data/nt,49,width,tre,TN,211,200,5.5000
N4C,data/nt,49,width,tre,SN,228,200,14.0000
N4C,data/nt,49,width,tre,MinD,226,200,13.0000
N4C,data/nt,49,width,tre,MaxD,220,200,10.0000
N4C,data/nt,49,height,widest-fit,LM,224,200,12.0000
N4C,data/nt,49,height,widest-fit,RM,233,200,16.5000
N4C,data/nt,49,height,widest-fit,TN,211,200,5.5000
N4C,data/nt,49,height,widest-fit,SN,228,200,14.0000
N4C,data/nt,49,height,widest-fit,MinD,226,200,13.0000
N4C,data/nt,49,height,widest-fit,MaxD,220,200,10.0000
N4C,data/nt,49,height,first-fit,LM,266,200,33.0000
N4C,data/nt,49,height,first-fit,RM,266,200,33.0000
N4C,data/nt,49,height,first-fit,TN,226,200,13.0000
N4C,data/nt,49,height,first-fit,SN,266,200,33.0000
N4C,data/nt,49,height,first-fit,MinD,266,200,33.0000
N4C,data/nt,49,height,first-fit,MaxD,266,200,33.0000
N4C,data/nt,49,height,tre,LM,264,200,32.0000
N4C,data/nt,49,height,tre,RM,264,200,32.0000
N4C,data/nt,49,height,tre,TN,246,200,23.0000
N4C,data/nt,49,height,tre,SN,264,200,32.0000
N4C,data/nt,49,height,tre,MinD,264,200,32.0000
N4C,data/nt,49,height,tre,MaxD,255,200,27.5000
N4C,data/nt,49,area,widest-fit,LM,224,200,12.0000
N4C,data/nt,49,area,widest-fit,RM,233,200,16.5000
N4C,data/nt,49,area,widest-fit,TN,211,200,5.5000
N4C,data/nt,49,area,widest-fit,SN,228,200,14.0000
N4C,data/nt,49,area,widest-fit,MinD,226,200,13.0000
N4C,data/nt,49,area,widest-fit,MaxD,220,200,10.0000
N4C,data/nt,49,area,first-fit,LM,223,200,11.5000
N4C,data/nt,49,area,first-fit,RM,223,200,11.5000
N4C,data/nt,49,area,first-fit,TN,217,200,8.5000
N4C,data/nt,49,area,first-fit,SN,225,200,12.5000
N4C,data/nt,49,area,first-fit,MinD,215,200,7.5000
N4C,data/nt,49,area,first-fit,MaxD,237,200,18.5000
N4C,data/nt,49,area,tre,LM,220,200,10.0000
N4C,data/nt,49,area,tre,RM,217,200,8.5000
N4C,data/nt,49,area,tre,TN,219,200,9.5000
N4C,data/nt,49,area,tre,SN,220,200,10.0000
N4C,data/nt,49,area,tre,MinD,225,200,12.5000
N4C,data/nt,49,area,tre,MaxD,228,200,14.0000
N4D,data/nt,49,width,widest-fit,LM,212,200,6.0000
N4D,data/nt,49,width,widest-fit,RM,212,200,6.0000
N4D,data/nt,49,width,widest-fit,TN,210,200,5.0000
N4D,data/nt,49,width,widest-fit,SN,220,200,10.0000
N4D,data/nt,49,width,widest-fit,MinD,208,200,4.0000
N4D,data/nt,49,width,widest-fit,MaxD,207,200,3.5000
N4D,data/nt,49,width,first-fit,LM,212,200,6.0000
N4D,data/nt,49,width,first-fit,RM,212,200,6.0000
N4D,data/nt,49,width,first-fit,TN,210,200,5.0000
N4D,data/nt,49,width,first-fit,SN,220,200,10.0000
N4D,data/nt,49,width,first-fit,MinD,208,200,4.0000
N4D,data/nt,49,width,first-fit,MaxD,207,200,3.5000
N4D,data/nt,49,width,tre,LM,212,200,6.0000
N4D,data/nt,49,width,tre,RM,212,200,6.0000
N4D,data/nt,49,width,tre,TN,210,200,5.0000
N4D,data/nt,49,width,tre,SN,220,200,10.0000
N4D,data/nt,49,width,tre,MinD,208,200,4.0000
N4D,data/nt,49,width,tre,MaxD,207,200,3.5000
N4D,data/nt,49,height,widest-fit,LM,212,200,6.0000
N4D,data/nt,49,height,widest-fit,RM,212,200,6.0000
N4D,data/nt,49,height,widest-fit,TN,210,200,5.0000
N4D,data/nt,49,height,widest-fit,SN,220,200,10.0000
N4D,data/nt,49,height,widest-fit,MinD,208,200,4.0000
N4D,data/nt,49,height,widest-fit,MaxD,207,200,3.5000
N4D,data/nt,49,height,first-fit,LM,236,200,18.0000
N4D,data/nt,49,height,first-fit,RM,222,200,11.0000
N4D,data/nt,49,height,first-fit,TN,235,200,17.5000
N4D,data/nt,49,height,first-fit,SN,232,200,16.0000
N4D,data/nt,49,height,first-fit,MinD,226,200,13.0000
N4D,data/nt,49,height,first-fit,MaxD,233,200,16.5000
N4D,data/nt,49,height,tre,LM,236,200,18.0000
N4D,data/nt,49,height,tre,RM,236,200,18.0000
N4D,data/nt,49,height,tre,TN,222,200,11.0000
N4D,data/nt,49,height,tre,SN,232,200,16.0000
N4D,data/nt,49,height,tre,MinD,232,200,16.0000
N4D,data/nt,49,height,tre,MaxD,228,200,14.0000
N4D,data/nt,49,area,widest-fit,LM,212,200,6.0000
N4D,data/nt,49,area,widest-fit,RM,212,200,6.0000
N4D,data/nt,49,area,widest-fit,TN,210,200,5.0000
N4D,data/nt,49,area,widest-fit,SN,220,200,10.0000
N4D,data/nt,49,area,widest-fit,MinD,208,200,4.0000
N4D,data/nt,49,area,widest-fit,MaxD,207,200,3.5000
N4D,data/nt,49,area,first-fit,LM,225,200,12.5000
N4D,data/nt,49,area,first-fit,RM,225,200,12.5000
N4D,data/nt,49,area,first-fit,TN,210,200,5.0000
N4D,data/nt,49,area,first-fit,SN,219,200,9.5000
N4D,data/nt,49,area,first-fit,MinD,215,200,7.5000
N4D,data/nt,49,area,first-fit,MaxD,217,200,8.5000
N4D,data/nt,49,area,tre,LM,216,200,8.0000
N4D,data/nt,49,area,tre,RM,216,200,8.0000
N4D,data/nt,49,area,tre,TN,223,200,11.5000
N4D,data/nt,49,area,tre,SN,216,200,8.0000
N4D,data/nt,49,area,tre,MinD,216,200,8.0000
N4D,data/nt,49,area,tre,MaxD,223,200,11.5000
N4E,data/nt,49,width,widest-fit,LM,216,200,8.0000
N4E,data/nt,49,width,widest-fit,RM,216,200,8.0000
N4E,data/nt,49,width,widest-fit,TN,211,200,5.5000
N4E,data/nt,49,width,widest-fit,SN,221,200,10.5000
N4E,data/nt,49,width,widest-fit,MinD,221,200,10.5000
N4E,data/nt,49,width,widest-fit,MaxD,215,200,7.5000
N4E,data/nt,49,width,first-fit,LM,216,200,8.0000
N4E,data/nt,49,width,first-fit,RM,216,200,8.0000
N4E,data/nt,49,width,first-fit,TN,211,200,5.5000
N4E,data/nt,49,width,first-fit,SN,221,200,10.5000
N4E,data/nt,49,width,first-fit,MinD,221,200,10.5000
N4E,data/nt,49,width,first-fit,MaxD,215,200,7.5000
N4E,data/nt,49,width,tre,LM,216,200,8.0000
N4E,data/nt,49,width,tre,RM,216,200,8.0000
N4E,data/nt,49,width,tre,TN,211,200,5.5000
N4E,data/nt,49,width,tre,SN,221,200,10.5000
N4E,data/nt,49,width,tre,MinD,221,200,10.5000
N4E,data/nt,49,width,tre,MaxD,215,200,7.5000
N4E,data/nt,49,height,widest-fit,LM,216,200,8.0000
N4E,data/nt,49,height,widest-fit,RM,216,200,8.0000
N4E,data/nt,49,height,widest-fit,TN,211,200,5.5000
N4E,data/nt,49,height,widest-fit,SN,221,200,10.5000
N4E,data/nt,49,height,widest-fit,MinD,221,200,10.5000
N4E,data/nt,49,height,widest-fit,MaxD,215,200,7.5000
N4E,data/nt,49,height,first-fit,LM,279,200,39.5000
N4E,data/nt,49,height,first-fit,RM,279,200,39.5000
N4E,data/nt,49,height,first-fit,TN,279,200,39.5000
N4E,data/nt,49,height,first-fit,SN,279,200,39.5000
N4E,data/nt,49,height,first-fit,MinD,271,200,35.5000
N4E,data/nt,49,height,first-fit,MaxD,279,200,39.5000
N4E,data/nt,49,height,tre,LM,285,200,42.5000
N4E,data/nt,49,height,tre,RM,285,200,42.5000
N4E,data/nt,49,height,tre,TN,289,200,44.5000
N4E,data/nt,49,height,tre,SN,289,200,44.5000
N4E,data/nt,49,height,tre,MinD,291,200,45.5000
N4E,data/nt,49,height,tre,MaxD,279,200,39.5000
N4E,data/nt,49,area,widest-fit,LM,216,200,8.0000
N4E,data/nt,49,area,widest-fit,RM,216,200,8.0000
N4E,data/nt,49,area,widest-fit,TN,211,200,5.5000
N4E,data/nt,49,area,widest-fit,SN,221,200,10.5000
N4E,data/nt,49,area,widest-fit,MinD,221,200,10.5000
N4E,data/nt,49,area,widest-fit,MaxD,215,200,7.5000
N4E,data/nt,49,area,first-fit,LM,210,200,5.0000
N4E,data/nt,49,area,first-fit,RM,210,200,5.0000
N4E,data/nt,49,area,first-fit,TN,213,200,6.5000
N4E,data/nt,49,area,first-fit,SN,216,200,8.0000
N4E,data/nt,49,area,first-fit,MinD,223,200,11.5000
N4E,data/nt,49,area,first-fit,MaxD,219,200,9.5000
N4E,data/nt,49,area,tre,LM,221,200,10.5000
N4E,data/nt,49,area,tre,RM,221,200,10.5000
N4E,data/nt,49,area,tre,TN,228,200,14.0000
N4E,data/nt,49,area,tre,SN,226,200,13.0000
N4E,data/nt,49,area,tre,MinD,230,200,15.0000
N4E,data/nt,49,area,tre,MaxD,228,200,14.0000
N5A,data/nt,73,width,widest-fit,LM,213,200,6.5000
N5A,data/nt,73,width,widest-fit,RM,213,200,6.5000
N5A,data/nt,73,width,widest-fit,TN,213,200,6.5000
N5A,data/nt,73,width,widest-fit,SN,218,200,9.0000
N5A,data/nt,73,width,widest-fit,MinD,222,200,11.0000
N5A,data/nt,73,width,widest-fit,MaxD,228,200,14.0000
N5A,data/nt,73,width,first-fit,LM,213,200,6.5000
N5A,data/nt,73,width,first-fit,RM,213,200,6.5000
N5A,data/nt,73,width,first-fit,TN,213,200,6.5000
N5A,data/nt,73,width,first-fit,SN,218,200,9.0000
N5A,data/nt,73,width,first-fit,MinD,222,200,11.0000
N5A,data/nt,73,width,first-fit,MaxD,228,200,14.0000
N5A,data/nt,73,width,tre,LM,213,200,6.5000
N5A,data/nt,73,width,tre,RM,213,200,6.5000
N5A,data/nt,73,width,tre,TN,213,200,6.5000
N5A,data/nt,73,width,tre,SN,218,200,9.0000
N5A,data/nt,73,width,tre,MinD,222,200,11.0000
N5A,data/nt,73,width,tre,MaxD,228,200,14.0000
N5A,data/nt,73,height,widest-fit,LM,213,200,6.5000
N5A,data/nt,73,height,widest-fit,RM,213,200,6.5000
N5A,data/nt,73,height,widest-fit,TN,213,200,6.5000
N5A,data/nt,73,height,widest-fit,SN,218,200,9.0000
N5A,data/nt,73,height,widest-fit,MinD,222,200,11.0000
N5A,data/nt,73,height,widest-fit,MaxD,228,200,14.0000
N5A,data/nt,73,height,first-fit,LM,224,200,12.0000
N5A,data/nt,73,height,first-fit,RM,225,200,12.5000
N5A,data/nt,73,height,first-fit,TN,221,200,10.5000
N5A,data/nt,73,height,first-fit,SN,226,200,13.0000
N5A,data/nt,73,height,first-fit,MinD,226,200,13.0000
N5A,data/nt,73,height,first-fit,MaxD,222,200,11.0000
N5A,data/nt,73,height,tre,LM,234,200,17.0000
N5A,data/nt,73,height,tre,RM,234,200,17.0000
N5A,data/nt,73,height,tre,TN,244,200,22.0000
N5A,data/nt,73,height,tre,SN,244,200,22.0000
N5A,data/nt,73,height,tre,MinD,244,200,22.0000
N5A,data/nt,73,height,tre,MaxD,240,200,20.0000
N5A,data/nt,73,area,widest-fit,LM,213,200,6.5000
N5A,data/nt,73,area,widest-fit,RM,213,200,6.5000
N5A,data/nt,73,area,widest-fit,TN,213,200,6.5000
N5A,data/nt,73,area,widest-fit,SN,218,200,9.0000
N5A,data/nt,73,area,widest-fit,MinD,222,200,11.0000
N5A,data/nt,73,area,widest-fit,MaxD,228,200,14.0000
N5A,data/nt,73,area,first-fit,LM,215,200,7.5000
N5A,data/nt,73,area,first-fit,RM,218,200,9.0000
N5A,data/nt,73,area,first-fit,TN,217,200,8.5000
N5A,data/nt,73,area,first-fit,SN,218,200,9.0000
N5A,data/nt,73,area,first-fit,MinD,215,200,7.5000
N5A,data/nt,73,area,first-fit,MaxD,219,200,9.5000
N5A,data/nt,73,area,tre,LM,220,200,10.0000
N5A,data/nt,73,area,tre,RM,229,200,14.5000
N5A,data/nt,73,area,tre,TN,217,200,8.5000
N5A,data/nt,73,area,tre,SN,219,200,9.5000
N5A,data/nt,73,area,tre,MinD,225,200,12.5000
N5A,data/nt,73,area,tre,MaxD,215,200,7.5000
N5B,data/nt,73,width,widest-fit,LM,215,200,7.5000
N5B,data/nt,73,width,widest-fit,RM,215,200,7.5000
N5B,data/nt,73,width,widest-fit,TN,207,200,3.5000
N5B,data/nt,73,width,widest-fit,SN,212,200,6.0000
N5B,data/nt,73,width,widest-fit,MinD,215,200,7.5000
N5B,data/nt,73,width,widest-fit,MaxD,208,200,4.0000
N5B,data/nt,73,width,first-fit,LM,215,200,7.5000
N5B,data/nt,73,width,first-fit,RM,215,200,7.5000
N5B,data/nt,73,width,first-fit,TN,207,200,3.5000
N5B,data/nt,73,width,first-fit,SN,212,200,6.0000
N5B,data/nt,73,width,first-fit,MinD,215,200,7.5000
N5B,data/nt,73,width,first-fit,MaxD,208,200,4.0000
N5B,data/nt,73,width,tre,LM,215,200,7.5000
N5B,data/nt,73,width,tre,RM,215,200,7.5000
N5B,data/nt,73,width,tre,TN,207,200,3.5000
N5B,data/nt,73,width,tre,SN,212,200,6.0000
N5B,data/nt,73,width,tre,MinD,215,200,7.5000
N5B,data/nt,73,width,tre,MaxD,208,200,4.0000
N5B,data/nt,73,height,widest-fit,LM,215,200,7.5000
N5B,data/nt,73,height,widest-fit,RM,215,200,7.5000
N5B,data/nt,73,height,widest-fit,TN,207,200,3.5000
N5B,data/nt,73,height,widest-fit,SN,212,200,6.0000
N5B,data/nt,73,height,widest-fit,MinD,215,200,7.5000
N5B,data/nt,73,height,widest-fit,MaxD,208,200,4.0000
N5B,data/nt,73,height,first-fit,LM,226,200,13.0000
N5B,data/nt,73,height,first-fit,RM,228,200,14.0000
N5B,data/nt,73,height,first-fit,TN,224,200,12.0000
N5B,data/nt,73,height,first-fit,SN,241,200,20.5000
N5B,data/nt,73,height,first-fit,MinD,237,200,18.5000
N5B,data/nt,73,height,first-fit,MaxD,238,200,19.0000
N5B,data/nt,73,height,tre,LM,229,200,14.5000
N5B,data/nt,73,height,tre,RM,229,200,14.5000
N5B,data/nt,73,height,tre,TN,227,200,13.5000
N5B,data/nt,73,height,tre,SN,236,200,18.0000
N5B,data/nt,73,height,tre,MinD,236,200,18.0000
N5B,data/nt,73,height,tre,MaxD,234,200,17.0000
N5B,data/nt,73,area,widest-fit,LM,215,200,7.5000
N5B,data/nt,73,area,widest-fit,RM,215,200,7.5000
N5B,data/nt,73,area,widest-fit,TN,207,200,3.5000
N5B,data/nt,73,area,widest-fit,SN,212,200,6.0000
N5B,data/nt,73,area,widest-fit,MinD,215,200,7.5000
N5B,data/nt,73,area,widest-fit,MaxD,208,200,4.0000
N5B,data/nt,73,area,first-fit,LM,213,200,6.5000
N5B,data/nt,73,area,first-fit,RM,215,200,7.5000
N5B,data/nt,73,area,first-fit,TN,212,200,6.0000
N5B,data/nt,73,area,first-fit,SN,214,200,7.0000
N5B,data/nt,73,area,first-fit,MinD,210,200,5.0000
N5B,data/nt,73,area,first-fit,MaxD,211,200,5.5000
N5B,data/nt,73,area,tre,LM,211,200,5.5000
N5B,data/nt,73,area,tre,RM,211,200,5.5000
N5B,data/nt,73,area,tre,TN,212,200,6.0000
N5B,data/nt,73,area,tre,SN,212,200,6.0000
N5B,data/nt,73,area,tre,MinD,214,200,7.0000
N5B,data/nt,73,area,tre,MaxD,209,200,4.5000
N5C,data/nt,73,width,widest-fit,LM,218,200,9.0000
N5C,data/nt,73,width,widest-fit,RM,217,200,8.5000
N5C,data/nt,73,width,widest-fit,TN,218,200,9.0000
N5C,data/nt,73,width,widest-fit,SN,224,200,12.0000
N5C,data/nt,73,width,widest-fit,MinD,220,200,10.0000
N5C,data/nt,73,width,widest-fit,MaxD,209,200,4.5000
N5C,data/nt,73,width,first-fit,LM,218,200,9.0000
N5C,data/nt,73,width,first-fit,RM,217,200,8.5000
N5C,data/nt,73,width,first-fit,TN,218,200,9.0000
N5C,data/nt,73,width,first-fit,SN,224,200,12.0000
N5C,data/nt,73,width,first-fit,MinD,220,200,10.0000
N5C,data/nt,73,width,first-fit,MaxD,209,200,4.5000
N5C,data/nt,73,width,tre,LM,218,200,9.0000
N5C,data/nt,73,width,tre,RM,217,200,8.5000
N5C,data/nt,73,width,tre,TN,218,200,9.0000
N5C,data/nt,73,width,tre,SN,224,200,12.0000
N5C,data/nt,73,width,tre,MinD,220,200,10.0000
N5C,data/nt,73,width,tre,MaxD,209,200,4.5000
N5C,data/nt,73,height,widest-fit,LM,218,200,9.0000
N5C,data/nt,73,height,widest-fit,RM,217,200,8.5000
N5C,data/nt,73,height,widest-fit,TN,218,200,9.0000
N5C,data/nt,73,height,widest-fit,SN,224,200,12.0000
N5C,data/nt,73,height,widest-fit,MinD,220,200,10.0000
N5C,data/nt,73,height,widest-fit,MaxD,209,200,4.5000
N5C,data/nt,73,height,first-fit,LM,239,200,19.5000
N5C,data/nt,73,height,first-fit,RM,239,200,19.5000
N5C,data/nt,73,height,first-fit,TN,239,200,19.5000
N5C,data/nt,73,height,first-fit,SN,239,200,19.5000
N5C,data/nt,73,height,first-fit,MinD,238,200,19.0000
N5C,data/nt,73,height,first-fit,MaxD,239,200,19.5000
N5C,data/nt,73,height,tre,LM,241,200,20.5000
N5C,data/nt,73,height,tre,RM,241,200,20.5000
N5C,data/nt,73,height,tre,TN,247,200,23.5000
N5C,data/nt,73,height,tre,SN,239,200,19.5000
N5C,data/nt,73,height,tre,MinD,241,200,20.5000
N5C,data/nt,73,height,tre,MaxD,239,200,19.5000
N5C,data/nt,73,area,widest-fit,LM,218,200,9.0000
N5C,data/nt,73,area,widest-fit,RM,217,200,8.5000
N5C,data/nt,73,area,widest-fit,TN,218,200,9.0000
N5C,data/nt,73,area,widest-fit,SN,224,200,12.0000
N5C,data/nt,73,area,widest-fit,MinD,220,200,10.0000
N5C,data/nt,73,area,widest-fit,MaxD,209,200,4.5000
N5C,data/nt,73,area,first-fit,LM,218,200,9.0000
N5C,data/nt,73,area,first-fit,RM,218,200,9.0000
N5C,data/nt,73,area,first-fit,TN,214,200,7.0000
N5C,data/nt,73,area,first-fit,SN,214,200,7.0000
N5C,data/nt,73,area,first-fit,MinD,212,200,6.0000
N5C,data/nt,73,area,first-fit,MaxD,211,200,5.5000
N5C,data/nt,73,area,tre,LM,224,200,12.0000
N5C,data/nt,73,area,tre,RM,214,200,7.0000
N5C,data/nt,73,area,tre,TN,222,200,11.0000
N5C,data/nt,73,area,tre,SN,220,200,10.0000
N5C,data/nt,73,area,tre,MinD,220,200,10.0000
N5C,data/nt,73,area,tre,MaxD,213,200,6.5000
N5D,data/nt,73,width,widest-fit,LM,217,200,8.5000
N5D,data/nt,73,width,widest-fit,RM,217,200,8.5000
N5D,data/nt,73,width,widest-fit,TN,218,200,9.0000
N5D,data/nt,73,width,widest-fit,SN,222,200,11.0000
N5D,data/nt,73,width,widest-fit,MinD,218,200,9.0000
N5D,data/nt,73,width,widest-fit,MaxD,224,200,12.0000
N5D,data/nt,73,width,first-fit,LM,217,200,8.5000
N5D,data/nt,73,width,first-fit,RM,217,200,8.5000
N5D,data/nt,73,width,first-fit,TN,218,200,9.0000
N5D,data/nt,73,width,first-fit,SN,222,200,11.0000
N5D,data/nt,73,width,first-fit,MinD,218,200,9.0000
N5D,data/nt,73,width,first-fit,MaxD,224,200,12.0000
N5D,data/nt,73,width,tre,LM,217,200,8.5000
N5D,data/nt,73,width,tre,RM,217,200,8.5000
N5D,data/nt,73,width,tre,TN,218,200,9.0000
N5D,data/nt,73,width,tre,SN,222,200,11.0000
N5D,data/nt,73,width,tre,MinD,218,200,9.0000
N5D,data/nt,73,width,tre,MaxD,224,200,12.0000
N5D,data/nt,73,height,widest-fit,LM,217,200,8.5000
N5D,data/nt,73,height,widest-fit,RM,217,200,8.5000
N5D,data/nt,73,height,widest-fit,TN,218,200,9.0000
N5D,data/nt,73,height,widest-fit,SN,222,200,11.0000
N5D,data/nt,73,height,widest-fit,MinD,218,200,9.0000
N5D,data/nt,73,height,widest-fit,MaxD,224,200,12.0000
N5D,data/nt,73,height,first-fit,LM,231,200,15.5000
N5D,data/nt,73,height,first-fit,RM,231,200,15.5000
N5D,data/nt,73,height,first-fit,TN,234,200,17.0000
N5D,data/nt,73,height,first-fit,SN,240,200,20.0000
N5D,data/nt,73,height,first-fit,MinD,231,200,15.5000
N5D,data/nt,73,height,first-fit,MaxD,240,200,20.0000
N5D,data/nt,73,height,tre,LM,232,200,16.0000
N5D,data/nt,73,height,tre,RM,221,200,10.5000
N5D,data/nt,73,height,tre,TN,234,200,17.0000
N5D,data/nt,73,height,tre,SN,247,200,23.5000
N5D,data/nt,73,height,tre,MinD,232,200,16.0000
N5D,data/nt,73,height,tre,MaxD,241,200,20.5000
N5D,data/nt,73,area,widest-fit,LM,217,200,8.5000
N5D,data/nt,73,area,widest-fit,RM,217,200,8.5000
N5D,data/nt,73,area,widest-fit,TN,218,200,9.0000
N5D,data/nt,73,area,widest-fit,SN,222,200,11.0000
N5D,data/nt,73,area,widest-fit,MinD,218,200,9.0000
N5D,data/nt,73,area,widest-fit,MaxD,224,200,12.0000
N5D,data/nt,73,area,first-fit,LM,214,200,7.0000
N5D,data/nt,73,area,first-fit,RM,214,200,7.0000
N5D,data/nt,73,area,first-fit,TN,215,200,7.5000
N5D,data/nt,73,area,first-fit,SN,221,200,10.5000
N5D,data/nt,73,area,first-fit,MinD,216,200,8.0000
N5D,data/nt,73,area,first-fit,MaxD,218,200,9.0000
N5D,data/nt,73,area,tre,LM,216,200,8.0000
N5D,data/nt,73,area,tre,RM,213,200,6.5000
N5D,data/nt,73,area,tre,TN,215,200,7.5000
N5D,data/nt,73,area,tre,SN,221,200,10.5000
N5D,data/nt,73,area,tre,MinD,222,200,11.0000
N5D,data/nt,73,area,tre,MaxD,225,200,12.5000
N5E,data/nt,73,width,widest-fit,LM,224,200,12.0000
N5E,data/nt,73,width,widest-fit,RM,211,200,5.5000
N5E,data/nt,73,width,widest-fit,TN,217,200,8.5000
N5E,data/nt,73,width,widest-fit,SN,218,200,9.0000
N5E,data/nt,73,width,widest-fit,MinD,219,200,9.5000
N5E,data/nt,73,width,widest-fit,MaxD,214,200,7.0000
N5E,data/nt,73,width,first-fit,LM,224,200,12.0000
N5E,data/nt,73,width,first-fit,RM,211,200,5.5000
N5E,data/nt,73,width,first-fit,TN,217,200,8.5000
N5E,data/nt,73,width,first-fit,SN,218,200,9.0000
N5E,data/nt,73,width,first-fit,MinD,219,200,9.5000
N5E,data/nt,73,width,first-fit,MaxD,214,200,7.0000
N5E,data/nt,73,width,tre,LM,224,200,12.0000
N5E,data/nt,73,width,tre,RM,211,200,5.5000
N5E,data/nt,73,width,tre,TN,217,200,8.5000
N5E,data/nt,73,width,tre,SN,218,200,9.0000
N5E,data/nt,73,width,tre,MinD,219,200,9.5000
N5E,data/nt,73,width,tre,MaxD,214,200,7.0000
N5E,data/nt,73,height,widest-fit,LM,224,200,12.0000
N5E,data/nt,73,height,widest-fit,RM,211,200,5.5000
N5E,data/nt,73,height,widest-fit,TN,217,200,8.5000
N5E,data/nt,73,height,widest-fit,SN,218,200,9.0000
N5E,data/nt,73,height,widest-fit,MinD,219,200,9.5000
N5E,data/nt,73,height,widest-fit,MaxD,214,200,7.0000
N5E,data/nt,73,height,first-fit,LM,226,200,13.0000
N5E,data/nt,73,height,first-fit,RM,226,200,13.0000
N5E,data/nt,73,height,first-fit,TN,216,200,8.0000
N5E,data/nt,73,height,first-fit,SN,222,200,11.0000
N5E,data/nt,73,height,first-fit,MinD,223,200,11.5000
N5E,data/nt,73,height,first-fit,MaxD,226,200,13.0000
N5E,data/nt,73,height,tre,LM,226,200,13.0000
N5E,data/nt,73,height,tre,RM,226,200,13.0000
N5E,data/nt,73,height,tre,TN,233,200,16.5000
N5E,data/nt,73,height,tre,SN,226,200,13.0000
N5E,data/nt,73,height,tre,MinD,222,200,11.0000
N5E,data/nt,73,height,tre,MaxD,220,200,10.0000
N5E,data/nt,73,area,widest-fit,LM,224,200,12.0000
N5E,data/nt,73,area,widest-fit,RM,211,200,5.5000
N5E,data/nt,73,area,widest-fit,TN,217,200,8.5000
N5E,data/nt,73,area,widest-fit,SN,218,200,9.0000
N5E,data/nt,73,area,widest-fit,MinD,219,200,9.5000
N5E,data/nt,73,area,widest-fit,MaxD,214,200,7.0000
N5E,data/nt,73,area,first-fit,LM,218,200,9.0000
N5E,data/nt,73,area,first-fit,RM,215,200,7.5000
N5E,data/nt,73,area,first-fit,TN,229,200,14.5000
N5E,data/nt,73,area,first-fit,SN,231,200,15.5000
N5E,data/nt,73,area,first-fit,MinD,231,200,15.5000
N5E,data/nt,73,area,first-fit,MaxD,219,200,9.5000
N5E,data/nt,73,area,tre,LM,216,200,8.0000
N5E,data/nt,73,area,tre,RM,213,200,6.5000
N5E,data/nt,73,area,tre,TN,219,200,9.5000
N5E,data/nt,73,area,tre,SN,228,200,14.0000
N5E,data/nt,73,area,tre,MinD,228,200,14.0000
N5E,data/nt,73,area,tre,MaxD,215,200,7.5000
N6A,data/nt,97,width,widest-fit,LM,215,200,7.5000
N6A,data/nt,97,width,widest-fit,RM,214,200,7.0000
N6A,data/nt,97,width,widest-fit,TN,211,200,5.5000
N6A,data/nt,97,width,widest-fit,SN,210,200,5.0000
N6A,data/nt,97,width,widest-fit,MinD,222,200,11.0000
N6A,data/nt,97,width,widest-fit,MaxD,222,200,11.0000
N6A,data/nt,97,width,first-fit,LM,215,200,7.5000
N6A,data/nt,97,width,first-fit,RM,214,200,7.0000
N6A,data/nt,97,width,first-fit,TN,211,200,5.5000
N6A,data/nt,97,width,first-fit,SN,210,200,5.0000
N6A,data/nt,97,width,first-fit,MinD,222,200,11.0000
N6A,data/nt,97,width,first-fit,MaxD,222,200,11.0000
N6A,data/nt,97,width,tre,LM,215,200,7.5000
N6A,data/nt,97,width,tre,RM,214,200,7.0000
N6A,data/nt,97,width,tre,TN,211,200,5.5000
N6A,data/nt,97,width,tre,SN,210,200,5.0000
N6A,data/nt,97,width,tre,MinD,222,200,11.0000
N6A,data/nt,97,width,tre,MaxD,222,200,11.0000
N6A,data/nt,97,height,widest-fit,LM,215,200,7.5000
N6A,data/nt,97,height,widest-fit,RM,214,200,7.0000
N6A,data/nt,97,height,widest-fit,TN,211,200,5.5000
N6A,data/nt,97,height,widest-fit,SN,210,200,5.0000
N6A,data/nt,97,height,widest-fit,MinD,222,200,11.0000
N6A,data/nt,97,height,widest-fit,MaxD,222,200,11.0000
N6A,data/nt,97,height,first-fit,LM,239,200,19.5000
N6A,data/nt,97,height,first-fit,RM,237,200,18.5000
N6A,data/nt,97,height,first-fit,TN,230,200,15.0000
N6A,data/nt,97,height,first-fit,SN,231,200,15.5000
N6A,data/nt,97,height,first-fit,MinD,226,200,13.0000
N6A,data/nt,97,height,first-fit,MaxD,215,200,7.5000
N6A,data/nt,97,height,tre,LM,228,200,14.0000
N6A,data/nt,97,height,tre,RM,247,200,23.5000
N6A,data/nt,97,height,tre,TN,241,200,20.5000
N6A,data/nt,97,height,tre,SN,250,200,25.0000
N6A,data/nt,97,height,tre,MinD,243,200,21.5000
N6A,data/nt,97,height,tre,MaxD,248,200,24.0000
N6A,data/nt,97,area,widest-fit,LM,215,200,7.5000
N6A,data/nt,97,area,widest-fit,RM,214,200,7.0000
N6A,data/nt,97,area,widest-fit,TN,211,200,5.5000
N6A,data/nt,97,area,widest-fit,SN,210,200,5.0000
N6A,data/nt,97,area,widest-fit,MinD,222,200,11.0000
N6A,data/nt,97,area,widest-fit,MaxD,222,200,11.0000
N6A,data/nt,97,area,first-fit,LM,223,200,11.5000
N6A,data/nt,97,area,first-fit,RM,225,200,12.5000
N6A,data/nt,97,area,first-fit,TN,208,200,4.0000
N6A,data/nt,97,area,first-fit,SN,215,200,7.5000
N6A,data/nt,97,area,first-fit,MinD,210,200,5.0000
N6A,data/nt,97,area,first-fit,MaxD,212,200,6.0000
N6A,data/nt,97,area,tre,LM,210,200,5.0000
N6A,data/nt,97,area,tre,RM,207,200,3.5000
N6A,data/nt,97,area,tre,TN,215,200,7.5000
N6A,data/nt,97,area,tre,SN,232,200,16.0000
N6A,data/nt,97,area,tre,MinD,206,200,3.0000
N6A,data/nt,97,area,tre,MaxD,222,200,11.0000
N6B,data/nt,97,width,widest-fit,LM,215,200,7.5000
N6B,data/nt,97,width,widest-fit,RM,210,200,5.0000
N6B,data/nt,97,width,widest-fit,TN,213,200,6.5000
N6B,data/nt,97,width,widest-fit,SN,211,200,5.5000
N6B,data/nt,97,width,widest-fit,MinD,214,200,7.0000
N6B,data/nt,97,width,widest-fit,MaxD,217,200,8.5000
N6B,data/nt,97,width,first-fit,LM,215,200,7.5000
N6B,data/nt,97,width,first-fit,RM,210,200,5.0000
N6B,data/nt,97,width,first-fit,TN,213,200,6.5000
N6B,data/nt,97,width,first-fit,SN,211,200,5.5000
N6B,data/nt,97,width,first-fit,MinD,214,200,7.0000
N6B,data/nt,97,width,first-fit,MaxD,217,200,8.5000
N6B,data/nt,97,width,tre,LM,215,200,7.5000
N6B,data/nt,97,width,tre,RM,210,200,5.0000
N6B,data/nt,97,width,tre,TN,213,200,6.5000
N6B,data/nt,97,width,tre,SN,211,200,5.5000
N6B,data/nt,97,width,tre,MinD,214,200,7.0000
N6B,data/nt,97,width,tre,MaxD,217,200,8.5000
N6B,data/nt,97,height,widest-fit,LM,215,200,7.5000
N6B,data/nt,97,height,widest-fit,RM,210,200,5.0000
N6B,data/nt,97,height,widest-fit,TN,213,200,6.5000
N6B,data/nt,97,height,widest-fit,SN,211,200,5.5000
N6B,data/nt,97,height,widest-fit,MinD,214,200,7.0000
N6B,data/nt,97,height,widest-fit,MaxD,217,200,8.5000
N6B,data/nt,97,height,first-fit,LM,226,200,13.0000
N6B,data/nt,97,height,first-fit,RM,226,200,13.0000
N6B,data/nt,97,height,first-fit,TN,223,200,11.5000
N6B,data/nt,97,height,first-fit,SN,226,200,13.0000
N6B,data/nt,97,height,first-fit,MinD,226,200,13.0000
N6B,data/nt,97,height,first-fit,MaxD,225,200,12.5000
N6B,data/nt,97,height,tre,LM,241,200,20.5000
N6B,data/nt,97,height,tre,RM,245,200,22.5000
N6B,data/nt,97,height,tre,TN,245,200,22.5000
N6B,data/nt,97,height,tre,SN,253,200,26.5000
N6B,data/nt,97,height,tre,MinD,245,200,22.5000
N6B,data/nt,97,height,tre,MaxD,248,200,24.0000
N6B,data/nt,97,area,widest-fit,LM,215,200,7.5000
N6B,data/nt,97,area,widest-fit,RM,210,200,5.0000
N6B,data/nt,97,area,widest-fit,TN,213,200,6.5000
N6B,data/nt,97,area,widest-fit,SN,211,200,5.5000
N6B,data/nt,97,area,widest-fit,MinD,214,200,7.0000
N6B,data/nt,97,area,widest-fit,MaxD,217,200,8.5000
N6B,data/nt,97,area,first-fit,LM,211,200,5.5000
N6B,data/nt,97,area,first-fit,RM,218,200,9.0000
N6B,data/nt,97,area,first-fit,TN,210,200,5.0000
N6B,data/nt,97,area,first-fit,SN,213,200,6.5000
N6B,data/nt,97,area,first-fit,MinD,221,200,10.5000
N6B,data/nt,97,area,first-fit,MaxD,211,200,5.5000
N6B,data/nt,97,area,tre,LM,214,200,7.0000
N6B,data/nt,97,area,tre,RM,220,200,10.0000
N6B,data/nt,97,area,tre,TN,208,200,4.0000
N6B,data/nt,97,area,tre,SN,213,200,6.5000
N6B,data/nt,97,area,tre,MinD,216,200,8.0000
N6B,data/nt,97,area,tre,MaxD,220,200,10.0000
N6C,data/nt,97,width,widest-fit,LM,220,200,10.0000
N6C,data/nt,97,width,widest-fit,RM,219,200,9.5000
N6C,data/nt,97,width,widest-fit,TN,213,200,6.5000
N6C,data/nt,97,width,widest-fit,SN,215,200,7.5000
N6C,data/nt,97,width,widest-fit,MinD,214,200,7.0000
N6C,data/nt,97,width,widest-fit,MaxD,209,200,4.5000
N6C,data/nt,97,width,first-fit,LM,220,200,10.0000
N6C,data/nt,97,width,first-fit,RM,219,200,9.5000
N6C,data/nt,97,width,first-fit,TN,213,200,6.5000
N6C,data/nt,97,width,first-fit,SN,215,200,7.5000
N6C,data/nt,97,width,first-fit,MinD,214,200,7.0000
N6C,data/nt,97,width,first-fit,MaxD,209,200,4.5000
N6C,data/nt,97,width,tre,LM,220,200,10.0000
N6C,data/nt,97,width,tre,RM,219,200,9.5000
N6C,data/nt,97,width,tre,TN,213,200,6.5000
N6C,data/nt,97,width,tre,SN,215,200,7.5000
N6C,data/nt,97,width,tre,MinD,214,200,7.0000
N6C,data/nt,97,width,tre,MaxD,209,200,4.5000
N6C,data/nt,97,height,widest-fit,LM,220,200,10.0000
N6C,data/nt,97,height,widest-fit,RM,219,200,9.5000
N6C,data/nt,97,height,widest-fit,TN,213,200,6.5000
N6C,data/nt,97,height,widest-fit,SN,215,200,7.5000
N6C,data/nt,97,height,widest-fit,MinD,214,200,7.0000
N6C,data/nt,97,height,widest-fit,MaxD,209,200,4.5000
N6C,data/nt,97,height,first-fit,LM,217,200,8.5000
N6C,data/nt,97,height,first-fit,RM,216,200,8.0000
N6C,data/nt,97,height,first-fit,TN,225,200,12.5000
N6C,data/nt,97,height,first-fit,SN,220,200,10.0000
N6C,data/nt,97,height,first-fit,MinD,219,200,9.5000
N6C,data/nt,97,height,first-fit,MaxD,216,200,8.0000
N6C,data/nt,97,height,tre,LM,232,200,16.0000
N6C,data/nt,97,height,tre,RM,232,200,16.0000
N6C,data/nt,97,height,tre,TN,238,200,19.0000
N6C,data/nt,97,height,tre,SN,223,200,11.5000
N6C,data/nt,97,height,tre,MinD,232,200,16.0000
N6C,data/nt,97,height,tre,MaxD,243,200,21.5000
N6C,data/nt,97,area,widest-fit,LM,220,200,10.0000
N6C,data/nt,97,area,widest-fit,RM,219,200,9.5000
N6C,data/nt,97,area,widest-fit,TN,213,200,6.5000
N6C,data/nt,97,area,widest-fit,SN,215,200,7.5000
N6C,data/nt,97,area,widest-fit,MinD,214,200,7.0000
N6C,data/nt,97,area,widest-fit,MaxD,209,200,4.5000
N6C,data/nt,97,area,first-fit,LM,210,200,5.0000
N6C,data/nt,97,area,first-fit,RM,210,200,5.0000
N6C,data/nt,97,area,first-fit,TN,210,200,5.0000
N6C,data/nt,97,area,first-fit,SN,214,200,7.0000
N6C,data/nt,97,area,first-fit,MinD,212,200,6.0000
N6C,data/nt,97,area,first-fit,MaxD,214,200,7.0000
N6C,data/nt,97,area,tre,LM,220,200,10.0000
N6C,data/nt,97,area,tre,RM,227,200,13.5000
N6C,data/nt,97,area,tre,TN,222,200,11.0000
N6C,data/nt,97,area,tre,SN,219,200,9.5000
N6C,data/nt,97,area,tre,MinD,212,200,6.0000
N6C,data/nt,97,area,tre,MaxD,209,200,4.5000
N6D,data/nt,97,width,widest-fit,LM,207,200,3.5000
N6D,data/nt,97,width,widest-fit,RM,210,200,5.0000
N6D,data/nt,97,width,widest-fit,TN,206,200,3.0000
N6D,data/nt,97,width,widest-fit,SN,207,200,3.5000
N6D,data/nt,97,width,widest-fit,MinD,210,200,5.0000
N6D,data/nt,97,width,widest-fit,MaxD,209,200,4.5000
N6D,data/nt,97,width,first-fit,LM,207,200,3.5000
N6D,data/nt,97,width,first-fit,RM,210,200,5.0000
N6D,data/nt,97,width,first-fit,TN,206,200,3.0000
N6D,data/nt,97,width,first-fit,SN,207,200,3.5000
N6D,data/nt,97,width,first-fit,MinD,210,200,5.0000
N6D,data/nt,97,width,first-fit,MaxD,209,200,4.5000
N6D,data/nt,97,width,tre,LM,207,200,3.5000
N6D,data/nt,97,width,tre,RM,210,200,5.0000
N6D,data/nt,97,width,tre,TN,206,200,3.0000
N6D,data/nt,97,width,tre,SN,207,200,3.5000
N6D,data/nt,97,width,tre,MinD,210,200,5.0000
N6D,data/nt,97,width,tre,MaxD,209,200,4.5000
N6D,data/nt,97,height,widest-fit,LM,207,200,3.5000
N6D,data/nt,97,height,widest-fit,RM,210,200,5.0000
N6D,data/nt,97,height,widest-fit,TN,206,200,3.0000
N6D,data/nt,97,height,widest-fit,SN,207,200,3.5000
N6D,data/nt,97,height,widest-fit,MinD,210,200,5.0000
N6D,data/nt,97,height,widest-fit,MaxD,209,200,4.5000
N6D,data/nt,97,height,first-fit,LM,218,200,9.0000
N6D,data/nt,97,height,first-fit,RM,216,200,8.0000
N6D,data/nt,97,height,first-fit,TN,225,200,12.5000
N6D,data/nt,97,height,first-fit,SN,244,200,22.0000
N6D,data/nt,97,height,first-fit,MinD,222,200,11.0000
N6D,data/nt,97,height,first-fit,MaxD,239,200,19.5000
N6D,data/nt,97,height,tre,LM,248,200,24.0000
N6D,data/nt,97,height,tre,RM,249,200,24.5000
N6D,data/nt,97,height,tre,TN,220,200,10.0000
N6D,data/nt,97,height,tre,SN,226,200,13.0000
N6D,data/nt,97,height,tre,MinD,236,200,18.0000
N6D,data/nt,97,height,tre,MaxD,242,200,21.0000
N6D,data/nt,97,area,widest-fit,LM,207,200,3.5000
N6D,data/nt,97,area,widest-fit,RM,210,200,5.0000
N6D,data/nt,97,area,widest-fit,TN,206,200,3.0000
N6D,data/nt,97,area,widest-fit,SN,207,200,3.5000
N6D,data/nt,97,area,widest-fit,MinD,210,200,5.0000
N6D,data/nt,97,area,widest-fit,MaxD,209,200,4.5000
N6D,data/nt,97,area,first-fit,LM,212,200,6.0000
N6D,data/nt,97,area,first-fit,RM,215,200,7.5000
N6D,data/nt,97,area,first-fit,TN,217,200,8.5000
N6D,data/nt,97,area,first-fit,SN,211,200,5.5000
N6D,data/nt,97,area,first-fit,MinD,216,200,8.0000
N6D,data/nt,97,area,first-fit,MaxD,211,200,5.5000
N6D,data/nt,97,area,tre,LM,211,200,5.5000
N6D,data/nt,97,area,tre,RM,221,200,10.5000
N6D,data/nt,97,area,tre,TN,214,200,7.0000
N6D,data/nt,97,area,tre,SN,231,200,15.5000
N6D,data/nt,97,area,tre,MinD,220,200,10.0000
N6D,data/nt,97,area,tre,MaxD,211,200,5.5000
N6E,data/nt,97,width,widest-fit,LM,217,200,8.5000
N6E,data/nt,97,width,widest-fit,RM,217,200,8.5000
N6E,data/nt,97,width,widest-fit,TN,212,200,6.0000
N6E,data/nt,97,width,widest-fit,SN,213,200,6.5000
N6E,data/nt,97,width,widest-fit,MinD,217,200,8.5000
N6E,data/nt,97,width,widest-fit,MaxD,217,200,8.5000
N6E,data/nt,97,width,first-fit,LM,217,200,8.5000
N6E,data/nt,97,width,first-fit,RM,217,200,8.5000
N6E,data/nt,97,width,first-fit,TN,212,200,6.0000
N6E,data/nt,97,width,first-fit,SN,213,200,6.5000
N6E,data/nt,97,width,first-fit,MinD,217,200,8.5000
N6E,data/nt,97,width,first-fit,MaxD,217,200,8.5000
N6E,data/nt,97,width,tre,LM,217,200,8.5000
N6E,data/nt,97,width,tre,RM,217,200,8.5000
N6E,data/nt,97,width,tre,TN,212,200,6.0000
N6E,data/nt,97,width,tre,SN,213,200,6.5000
N6E,data/nt,97,width,tre,MinD,217,200,8.5000
N6E,data/nt,97,width,tre,MaxD,217,200,8.5000
N6E,data/nt,97,height,widest-fit,LM,217,200,8.5000
N6E,data/nt,97,height,widest-fit,RM,217,200,8.5000
N6E,data/nt,97,height,widest-fit,TN,212,200,6.0000
N6E,data/nt,97,height,widest-fit,SN,213,200,6.5000
N6E,data/nt,97,height,widest-fit,MinD,217,200,8.5000
N6E,data/nt,97,height,widest-fit,MaxD,217,200,8.5000
N6E,data/nt,97,height,first-fit,LM,235,200,17.5000
N6E,data/nt,97,height,first-fit,RM,236,200,18.0000
N6E,data/nt,97,height,first-fit,TN,224,200,12.0000
N6E,data/nt,97,height,first-fit,SN,236,200,18.0000
N6E,data/nt,97,height,first-fit,MinD,236,200,18.0000
N6E,data/nt,97,height,first-fit,MaxD,224,200,12.0000
N6E,data/nt,97,height,tre,LM,216,200,8.0000
N6E,data/nt,97,height,tre,RM,238,200,19.0000
N6E,data/nt,97,height,tre,TN,226,200,13.0000
N6E,data/nt,97,height,tre,SN,222,200,11.0000
N6E,data/nt,97,height,tre,MinD,228,200,14.0000
N6E,data/nt,97,height,tre,MaxD,230,200,15.0000
N6E,data/nt,97,area,widest-fit,LM,217,200,8.5000
N6E,data/nt,97,area,widest-fit,RM,217,200,8.5000
N6E,data/nt,97,area,widest-fit,TN,212,200,6.0000
N6E,data/nt,97,area,widest-fit,SN,213,200,6.5000
N6E,data/nt,97,area,widest-fit,MinD,217,200,8.5000
N6E,data/nt,97,area,widest-fit,MaxD,217,200,8.5000
N6E,data/nt,97,area,first-fit,LM,224,200,12.0000
N6E,data/nt,97,area,first-fit,RM,223,200,11.5000
N6E,data/nt,97,area,first-fit,TN,218,200,9.0000
N6E,data/nt,97,area,first-fit,SN,220,200,10.0000
N6E,data/nt,97,area,first-fit,MinD,223,200,11.5000
N6E,data/nt,97,area,first-fit,MaxD,218,200,9.0000
N6E,data/nt,97,area,tre,LM,212,200,6.0000
N6E,data/nt,97,area,tre,RM,220,200,10.0000
N6E,data/nt,97,area,tre,TN,216,200,8.0000
N6E,data/nt,97,area,tre,SN,211,200,5.5000
N6E,data/nt,97,area,tre,MinD,216,200,8.0000
N6E,data/nt,97,area,tre,MaxD,211,200,5.5000
N7A,data/nt,197,width,widest-fit,LM,205,200,2.5000
N7A,data/nt,197,width,widest-fit,RM,208,200,4.0000
N7A,data/nt,197,width,widest-fit,TN,207,200,3.5000
N7A,data/nt,197,width,widest-fit,SN,203,200,1.5000
N7A,data/nt,197,width,widest-fit,MinD,206,200,3.0000
N7A,data/nt,197,width,widest-fit,MaxD,207,200,3.5000
N7A,data/nt,197,width,first-fit,LM,205,200,2.5000
N7A,data/nt,197,width,first-fit,RM,208,200,4.0000
N7A,data/nt,197,width,first-fit,TN,207,200,3.5000
N7A,data/nt,197,width,first-fit,SN,203,200,1.5000
N7A,data/nt,197,width,first-fit,MinD,206,200,3.0000
N7A,data/nt,197,width,first-fit,MaxD,207,200,3.5000
N7A,data/nt,197,width,tre,LM,205,200,2.5000
N7A,data/nt,197,width,tre,RM,208,200,4.0000
N7A,data/nt,197,width,tre,TN,207,200,3.5000
N7A,data/nt,197,width,tre,SN,203,200,1.5000
N7A,data/nt,197,width,tre,MinD,206,200,3.0000
N7A,data/nt,197,width,tre,MaxD,207,200,3.5000
N7A,data/nt,197,height,widest-fit,LM,205,200,2.5000
N7A,data/nt,197,height,widest-fit,RM,208,200,4.0000
N7A,data/nt,197,height,widest-fit,TN,207,200,3.5000
N7A,data/nt,197,height,widest-fit,SN,203,200,1.5000
N7A,data/nt,197,height,widest-fit,MinD,206,200,3.0000
N7A,data/nt,197,height,widest-fit,MaxD,207,200,3.5000
N7A,data/nt,197,height,first-fit,LM,224,200,12.0000
N7A,data/nt,197,height,first-fit,RM,208,200,4.0000
N7A,data/nt,197,height,first-fit,TN,210,200,5.0000
N7A,data/nt,197,height,first-fit,SN,214,200,7.0000
N7A,data/nt,197,height,first-fit,MinD,210,200,5.0000
N7A,data/nt,197,height,first-fit,MaxD,210,200,5.0000
N7A,data/nt,197,height,tre,LM,219,200,9.5000
N7A,data/nt,197,height,tre,RM,227,200,13.5000
N7A,data/nt,197,height,tre,TN,228,200,14.0000
N7A,data/nt,197,height,tre,SN,231,200,15.5000
N7A,data/nt,197,height,tre,MinD,234,200,17.0000
N7A,data/nt,197,height,tre,MaxD,222,200,11.0000
N7A,data/nt,197,area,widest-fit,LM,205,200,2.5000
N7A,data/nt,197,area,widest-fit,RM,208,200,4.0000
N7A,data/nt,197,area,widest-fit,TN,207,200,3.5000
N7A,data/nt,197,area,widest-fit,SN,203,200,1.5000
N7A,data/nt,197,area,widest-fit,MinD,206,200,3.0000
N7A,data/nt,197,area,widest-fit,MaxD,207,200,3.5000
N7A,data/nt,197,area,first-fit,LM,206,200,3.0000
N7A,data/nt,197,area,first-fit,RM,204,200,2.0000
N7A,data/nt,197,area,first-fit,TN,206,200,3.0000
N7A,data/nt,197,area,first-fit,SN,208,200,4.0000
N7A,data/nt,197,area,first-fit,MinD,206,200,3.0000
N7A,data/nt,197,area,first-fit,MaxD,207,200,3.5000
N7A,data/nt,197,area,tre,LM,214,200,7.0000
N7A,data/nt,197,area,tre,RM,212,200,6.0000
N7A,data/nt,197,area,tre,TN,213,200,6.5000
N7A,data/nt,197,area,tre,SN,212,200,6.0000
N7A,data/nt,197,area,tre,MinD,214,200,7.0000
N7A,data/nt,197,area,tre,MaxD,209,200,4.5000
N7B,data/nt,197,width,widest-fit,LM,205,200,2.5000
N7B,data/nt,197,width,widest-fit,RM,205,200,2.5000
N7B,data/nt,197,width,widest-fit,TN,205,200,2.5000
N7B,data/nt,197,width,widest-fit,SN,204,200,2.0000
N7B,data/nt,197,width,widest-fit,MinD,203,200,1.5000
N7B,data/nt,197,width,widest-fit,MaxD,203,200,1.5000
N7B,data/nt,197,width,first-fit,LM,205,200,2.5000
N7B,data/nt,197,width,first-fit,RM,205,200,2.5000
N7B,data/nt,197,width,first-fit,TN,205,200,2.5000
N7B,data/nt,197,width,first-fit,SN,204,200,2.0000
N7B,data/nt,197,width,first-fit,MinD,203,200,1.5000
N7B,data/nt,197,width,first-fit,MaxD,203,200,1.5000
N7B,data/nt,197,width,tre,LM,205,200,2.5000
N7B,data/nt,197,width,tre,RM,205,200,2.5000
N7B,data/nt,197,width,tre,TN,205,200,2.5000
N7B,data/nt,197,width,tre,SN,204,200,2.0000
N7B,data/nt,197,width,tre,MinD,203,200,1.5000
N7B,data/nt,197,width,tre,MaxD,203,200,1.5000
N7B,data/nt,197,height,widest-fit,LM,205,200,2.5000
N7B,data/nt,197,height,widest-fit,RM,205,200,2.5000
N7B,data/nt,197,height,widest-fit,TN,205,200,2.5000
N7B,data/nt,197,height,widest-fit,SN,204,200,2.0000
N7B,data/nt,197,height,widest-fit,MinD,203,200,1.5000
N7B,data/nt,197,height,widest-fit,MaxD,203,200,1.5000
N7B,data/nt,197,height,first-fit,LM,215,200,7.5000
N7B,data/nt,197,height,first-fit,RM,215,200,7.5000
N7B,data/nt,197,height,first-fit,TN,215,200,7.5000
N7B,data/nt,197,height,first-fit,SN,218,200,9.0000
N7B,data/nt,197,height,first-fit,MinD,213,200,6.5000
N7B,data/nt,197,height,first-fit,MaxD,217,200,8.5000
N7B,data/nt,197,height,tre,LM,216,200,8.0000
N7B,data/nt,197,height,tre,RM,217,200,8.5000
N7B,data/nt,197,height,tre,TN,223,200,11.5000
N7B,data/nt,197,height,tre,SN,213,200,6.5000
N7B,data/nt,197,height,tre,MinD,214,200,7.0000
N7B,data/nt,197,height,tre,MaxD,229,200,14.5000
N7B,data/nt,197,area,widest-fit,LM,205,200,2.5000
N7B,data/nt,197,area,widest-fit,RM,205,200,2.5000
N7B,data/nt,197,area,widest-fit,TN,205,200,2.5000
N7B,data/nt,197,area,widest-fit,SN,204,200,2.0000
N7B,data/nt,197,area,widest-fit,MinD,203,200,1.5000
N7B,data/nt,197,area,widest-fit,MaxD,203,200,1.5000
N7B,data/nt,197,area,first-fit,LM,225,200,12.5000
N7B,data/nt,197,area,first-fit,RM,211,200,5.5000
N7B,data/nt,197,area,first-fit,TN,208,200,4.0000
N7B,data/nt,197,area,first-fit,SN,208,200,4.0000
N7B,data/nt,197,area,first-fit,MinD,210,200,5.0000
N7B,data/nt,197,area,first-fit,MaxD,208,200,4.0000
N7B,data/nt,197,area,tre,LM,216,200,8.0000
N7B,data/nt,197,area,tre,RM,216,200,8.0000
N7B,data/nt,197,area,tre,TN,217,200,8.5000
N7B,data/nt,197,area,tre,SN,212,200,6.0000
N7B,data/nt,197,area,tre,MinD,211,200,5.5000
N7B,data/nt,197,area,tre,MaxD,209,200,4.5000
N7C,data/nt,197,width,widest-fit,LM,209,200,4.5000
N7C,data/nt,197,width,widest-fit,RM,205,200,2.5000
N7C,data/nt,197,width,widest-fit,TN,211,200,5.5000
N7C,data/nt,197,width,widest-fit,SN,207,200,3.5000
N7C,data/nt,197,width,widest-fit,MinD,209,200,4.5000
N7C,data/nt,197,width,widest-fit,MaxD,210,200,5.0000
N7C,data/nt,197,width,first-fit,LM,209,200,4.5000
N7C,data/nt,197,width,first-fit,RM,205,200,2.5000
N7C,data/nt,197,width,first-fit,TN,211,200,5.5000
N7C,data/nt,197,width,first-fit,SN,207,200,3.5000
N7C,data/nt,197,width,first-fit,MinD,209,200,4.5000
N7C,data/nt,197,width,first-fit,MaxD,210,200,5.0000
N7C,data/nt,197,width,tre,LM,209,200,4.5000
N7C,data/nt,197,width,tre,RM,205,200,2.5000
N7C,data/nt,197,width,tre,TN,211,200,5.5000
N7C,data/nt,197,width,tre,SN,207,200,3.5000
N7C,data/nt,197,width,tre,MinD,209,200,4.5000
N7C,data/nt,197,width,tre,MaxD,210,200,5.0000
N7C,data/nt,197,height,widest-fit,LM,209,200,4.5000
N7C,data/nt,197,height,widest-fit,RM,205,200,2.5000
N7C,data/nt,197,height,widest-fit,TN,211,200,5.5000
N7C,data/nt,197,height,widest-fit,SN,207,200,3.5000
N7C,data/nt,197,height,widest-fit,MinD,209,200,4.5000
N7C,data/nt,197,height,widest-fit,MaxD,210,200,5.0000
N7C,data/nt,197,height,first-fit,LM,215,200,7.5000
N7C,data/nt,197,height,first-fit,RM,215,200,7.5000
N7C,data/nt,197,height,first-fit,TN,215,200,7.5000
N7C,data/nt,197,height,first-fit,SN,232,200,16.0000
N7C,data/nt,197,height,first-fit,MinD,232,200,16.0000
N7C,data/nt,197,height,first-fit,MaxD,220,200,10.0000
N7C,data/nt,197,height,tre,LM,220,200,10.0000
N7C,data/nt,197,height,tre,RM,212,200,6.0000
N7C,data/nt,197,height,tre,TN,230,200,15.0000
N7C,data/nt,197,height,tre,SN,217,200,8.5000
N7C,data/nt,197,height,tre,MinD,223,200,11.5000
N7C,data/nt,197,height,tre,MaxD,221,200,10.5000
N7C,data/nt,197,area,widest-fit,LM,209,200,4.5000
N7C,data/nt,197,area,widest-fit,RM,205,200,2.5000
N7C,data/nt,197,area,widest-fit,TN,211,200,5.5000
N7C,data/nt,197,area,widest-fit,SN,207,200,3.5000
N7C,data/nt,197,area,widest-fit,MinD,209,200,4.5000
N7C,data/nt,197,area,widest-fit,MaxD,210,200,5.0000
N7C,data/nt,197,area,first-fit,LM,208,200,4.0000
N7C,data/nt,197,area,first-fit,RM,206,200,3.0000
N7C,data/nt,197,area,first-fit,TN,207,200,3.5000
N7C,data/nt,197,area,first-fit,SN,224,200,12.0000
N7C,data/nt,197,area,first-fit,MinD,221,200,10.5000
N7C,data/nt,197,area,first-fit,MaxD,219,200,9.5000
N7C,data/nt,197,area,tre,LM,214,200,7.0000
N7C,data/nt,197,area,tre,RM,216,200,8.0000
N7C,data/nt,197,area,tre,TN,206,200,3.0000
N7C,data/nt,197,area,tre,SN,206,200,3.0000
N7C,data/nt,197,area,tre,MinD,206,200,3.0000
N7C,data/nt,197,area,tre,MaxD,204,200,2.0000
N7D,data/nt,197,width,widest-fit,LM,206,200,3.0000
N7D,data/nt,197,width,widest-fit,RM,210,200,5.0000
N7D,data/nt,197,width,widest-fit,TN,206,200,3.0000
N7D,data/nt,197,width,widest-fit,SN,207,200,3.5000
N7D,data/nt,197,width,widest-fit,MinD,210,200,5.0000
N7D,data/nt,197,width,widest-fit,MaxD,206,200,3.0000
N7D,data/nt,197,width,first-fit,LM,206,200,3.0000
N7D,data/nt,197,width,first-fit,RM,210,200,5.0000
N7D,data/nt,197,width,first-fit,TN,206,200,3.0000
N7D,data/nt,197,width,first-fit,SN,207,200,3.5000
N7D,data/nt,197,width,first-fit,MinD,210,200,5.0000
N7D,data/nt,197,width,first-fit,MaxD,206,200,3.0000
N7D,data/nt,197,width,tre,LM,206,200,3.0000
N7D,data/nt,197,width,tre,RM,210,200,5.0000
N7D,data/nt,197,width,tre,TN,206,200,3.0000
N7D,data/nt,197,width,tre,SN,207,200,3.5000
N7D,data/nt,197,width,tre,MinD,210,200,5.0000
N7D,data/nt,197,width,tre,MaxD,206,200,3.0000
N7D,data/nt,197,height,widest-fit,LM,206,200,3.0000
N7D,data/nt,197,height,widest-fit,RM,210,200,5.0000
N7D,data/nt,197,height,widest-fit,TN,206,200,3.0000
N7D,data/nt,197,height,widest-fit,SN,207,200,3.5000
N7D,data/nt,197,height,widest-fit,MinD,210,200,5.0000
N7D,data/nt,197,height,widest-fit,MaxD,206,200,3.0000
N7D,data/nt,197,height,first-fit,LM,210,200,5.0000
N7D,data/nt,197,height,first-fit,RM,211,200,5.5000
N7D,data/nt,197,height,first-fit,TN,214,200,7.0000
N7D,data/nt,197,height,first-fit,SN,216,200,8.0000
N7D,data/nt,197,height,first-fit,MinD,218,200,9.0000
N7D,data/nt,197,height,first-fit,MaxD,227,200,13.5000
N7D,data/nt,197,height,tre,LM,215,200,7.5000
N7D,data/nt,197,height,tre,RM,215,200,7.5000
N7D,data/nt,197,height,tre,TN,214,200,7.0000
N7D,data/nt,197,height,tre,SN,221,200,10.5000
N7D,data/nt,197,height,tre,MinD,222,200,11.0000
N7D,data/nt,197,height,tre,MaxD,226,200,13.0000
N7D,data/nt,197,area,widest-fit,LM,206,200,3.0000
N7D,data/nt,197,area,widest-fit,RM,210,200,5.0000
N7D,data/nt,197,area,widest-fit,TN,206,200,3.0000
N7D,data/nt,197,area,widest-fit,SN,207,200,3.5000
N7D,data/nt,197,area,widest-fit,MinD,210,200,5.0000
N7D,data/nt,197,area,widest-fit,MaxD,206,200,3.0000
N7D,data/nt,197,area,first-fit,LM,215,200,7.5000
N7D,data/nt,197,area,first-fit,RM,210,200,5.0000
N7D,data/nt,197,area,first-fit,TN,214,200,7.0000
N7D,data/nt,197,area,first-fit,SN,210,200,5.0000
N7D,data/nt,197,area,first-fit,MinD,207,200,3.5000
N7D,data/nt,197,area,first-fit,MaxD,227,200,13.5000
N7D,data/nt,197,area,tre,LM,220,200,10.0000
N7D,data/nt,197,area,tre,RM,216,200,8.0000
N7D,data/nt,197,area,tre,TN,211,200,5.5000
N7D,data/nt,197,area,tre,SN,211,200,5.5000
N7D,data/nt,197,area,tre,MinD,210,200,5.0000
N7D,data/nt,197,area,tre,MaxD,208,200,4.0000
N7E,data/nt,197,width,widest-fit,LM,206,200,3.0000
N7E,data/nt,197,width,widest-fit,RM,207,200,3.5000
N7E,data/nt,197,width,widest-fit,TN,206,200,3.0000
N7E,data/nt,197,width,widest-fit,SN,209,200,4.5000
N7E,data/nt,197,width,widest-fit,MinD,205,200,2.5000
N7E,data/nt,197,width,widest-fit,MaxD,208,200,4.0000
N7E,data/nt,197,width,first-fit,LM,206,200,3.0000
N7E,data/nt,197,width,first-fit,RM,207,200,3.5000
N7E,data/nt,197,width,first-fit,TN,206,200,3.0000
N7E,data/nt,197,width,first-fit,SN,209,200,4.5000
N7E,data/nt,197,width,first-fit,MinD,205,200,2.5000
N7E,data/nt,197,width,first-fit,MaxD,208,200,4.0000
N7E,data/nt,197,width,tre,LM,206,200,3.0000
N7E,data/nt,197,width,tre,RM,207,200,3.5000
N7E,data/nt,197,width,tre,TN,206,200,3.0000
N7E,data/nt,197,width,tre,SN,209,200,4.5000
N7E,data/nt,197,width,tre,MinD,205,200,2.5000
N7E,data/nt,197,width,tre,MaxD,208,200,4.0000
N7E,data/nt,197,height,widest-fit,LM,206,200,3.0000
N7E,data/nt,197,height,widest-fit,RM,207,200,3.5000
N7E,data/nt,197,height,widest-fit,TN,206,200,3.0000
N7E,data/nt,197,height,widest-fit,SN,209,200,4.5000
N7E,data/nt,197,height,widest-fit,MinD,205,200,2.5000
N7E,data/nt,197,height,widest-fit,MaxD,208,200,4.0000
N7E,data/nt,197,height,first-fit,LM,218,200,9.0000
N7E,data/nt,197,height,first-fit,RM,216,200,8.0000
N7E,data/nt,197,height,first-fit,TN,211,200,5.5000
N7E,data/nt,197,height,first-fit,SN,215,200,7.5000
N7E,data/nt,197,height,first-fit,MinD,209,200,4.5000
N7E,data/nt,197,height,first-fit,MaxD,223,200,11.5000
N7E,data/nt,197,height,tre,LM,215,200,7.5000
N7E,data/nt,197,height,tre,RM,218,200,9.0000
N7E,data/nt,197,height,tre,TN,226,200,13.0000
N7E,data/nt,197,height,tre,SN,224,200,12.0000
N7E,data/nt,197,height,tre,MinD,228,200,14.0000
N7E,data/nt,197,height,tre,MaxD,234,200,17.0000
N7E,data/nt,197,area,widest-fit,LM,206,200,3.0000
N7E,data/nt,197,area,widest-fit,RM,207,200,3.5000
N7E,data/nt,197,area,widest-fit,TN,206,200,3.0000
N7E,data/nt,197,area,widest-fit,SN,209,200,4.5000
N7E,data/nt,197,area,widest-fit,MinD,205,200,2.5000
N7E,data/nt,197,area,widest-fit,MaxD,208,200,4.0000
N7E,data/nt,197,area,first-fit,LM,212,200,6.0000
N7E,data/nt,197,area,first-fit,RM,209,200,4.5000
N7E,data/nt,197,area,first-fit,TN,209,200,4.5000
N7E,data/nt,197,area,first-fit,SN,208,200,4.0000
N7E,data/nt,197,area,first-fit,MinD,208,200,4.0000
N7E,data/nt,197,area,first-fit,MaxD,212,200,6.0000
N7E,data/nt,197,area,tre,LM,210,200,5.0000
N7E,data/nt,197,area,tre,RM,209,200,4.5000
N7E,data/nt,197,area,tre,TN,209,200,4.5000
N7E,data/nt,197,area,tre,SN,208,200,4.0000
N7E,data/nt,197,area,tre,MinD,207,200,3.5000
N7E,data/nt,197,area,tre,MaxD,207,200,3.5000
T1A,data/nt,17,width,widest-fit,LM,243,200,21.5000
T1A,data/nt,17,width,widest-fit,RM,243,200,21.5000
T1A,data/nt,17,width,widest-fit,TN,257,200,28.5000
T1A,data/nt,17,width,widest-fit,SN,231,200,15.5000
T1A,data/nt,17,width,widest-fit,MinD,237,200,18.5000
T1A,data/nt,17,width,widest-fit,MaxD,257,200,28.5000
T1A,data/nt,17,width,first-fit,LM,243,200,21.5000
T1A,data/nt,17,width,first-fit,RM,243,200,21.5000
T1A,data/nt,17,width,first-fit,TN,257,200,28.5000
T1A,data/nt,17,width,first-fit,SN,231,200,15.5000
T1A,data/nt,17,width,first-fit,MinD,237,200,18.5000
T1A,data/nt,17,width,first-fit,MaxD,257,200,28.5000
T1A,data/nt,17,width,tre,LM,243,200,21.5000
T1A,data/nt,17,width,tre,RM,243,200,21.5000
T1A,data/nt,17,width,tre,TN,257,200,28.5000
T1A,data/nt,17,width,tre,SN,231,200,15.5000
T1A,data/nt,17,width,tre,MinD,237,200,18.5000
T1A,data/nt,17,width,tre,MaxD,257,200,28.5000
T1A,data/nt,17,height,widest-fit,LM,243,200,21.5000
T1A,data/nt,17,height,widest-fit,RM,243,200,21.5000
T1A,data/nt,17,height,widest-fit,TN,257,200,28.5000
T1A,data/nt,17,height,widest-fit,SN,231,200,15.5000
T1A,data/nt,17,height,widest-fit,MinD,237,200,18.5000
T1A,data/nt,17,height,widest-fit,MaxD,257,200,28.5000
T1A,data/nt,17,height,first-fit,LM,260,200,30.0000
T1A,data/nt,17,height,first-fit,RM,260,200,30.0000
T1A,data/nt,17,height,first-fit,TN,260,200,30.0000
T1A,data/nt,17,height,first-fit,SN,238,200,19.0000
T1A,data/nt,17,height,first-fit,MinD,238,200,19.0000
T1A,data/nt,17,height,first-fit,MaxD,238,200,19.0000
T1A,data/nt,17,height,tre,LM,260,200,30.0000
T1A,data/nt,17,height,tre,RM,260,200,30.0000
T1A,data/nt,17,height,tre,TN,260,200,30.0000
T1A,data/nt,17,height,tre,SN,238,200,19.0000
T1A,data/nt,17,height,tre,MinD,238,200,19.0000
T1A,data/nt,17,height,tre,MaxD,238,200,19.0000
T1A,data/nt,17,area,widest-fit,LM,243,200,21.5000
T1A,data/nt,17,area,widest-fit,RM,243,200,21.5000
T1A,data/nt,17,area,widest-fit,TN,257,200,28.5000
T1A,data/nt,17,area,widest-fit,SN,231,200,15.5000
T1A,data/nt,17,area,widest-fit,MinD,237,200,18.5000
T1A,data/nt,17,area,widest-fit,MaxD,257,200,28.5000
T1A,data/nt,17,area,first-fit,LM,236,200,18.0000
T1A,data/nt,17,area,first-fit,RM,236,200,18.0000
T1A,data/nt,17,area,first-fit,TN,222,200,11.0000
T1A,data/nt,17,area,first-fit,SN,235,200,17.5000
T1A,data/nt,17,area,first-fit,MinD,237,200,18.5000
T1A,data/nt,17,area,first-fit,MaxD,222,200,11.0000
T1A,data/nt,17,area,tre,LM,260,200,30.0000
T1A,data/nt,17,area,tre,RM,260,200,30.0000
T1A,data/nt,17,area,tre,TN,260,200,30.0000
T1A,data/nt,17,area,tre,SN,235,200,17.5000
T1A,data/nt,17,area,tre,MinD,235,200,17.5000
T1A,data/nt,17,area,tre,MaxD,235,200,17.5000
T1B,data/nt,17,width,widest-fit,LM,241,200,20.5000
T1B,data/nt,17,width,widest-fit,RM,241,200,20.5000
T1B,data/nt,17,width,widest-fit,TN,241,200,20.5000
T1B,data/nt,17,width,widest-fit,SN,238,200,19.0000
T1B,data/nt,17,width,widest-fit,MinD,231,200,15.5000
T1B,data/nt,17,width,widest-fit,MaxD,241,200,20.5000
T1B,data/nt,17,width,first-fit,LM,241,200,20.5000
T1B,data/nt,17,width,first-fit,RM,241,200,20.5000
T1B,data/nt,17,width,first-fit,TN,241,200,20.5000
T1B,data/nt,17,width,first-fit,SN,238,200,19.0000
T1B,data/nt,17,width,first-fit,MinD,231,200,15.5000
T1B,data/nt,17,width,first-fit,MaxD,241,200,20.5000
T1B,data/nt,17,width,tre,LM,241,200,20.5000
T1B,data/nt,17,width,tre,RM,241,200,20.5000
T1B,data/nt,17,width,tre,TN,241,200,20.5000
T1B,data/nt,17,width,tre,SN,238,200,19.0000
T1B,data/nt,17,width,tre,MinD,231,200,15.5000
T1B,data/nt,17,width,tre,MaxD,241,200,20.5000
T1B,data/nt,17,height,widest-fit,LM,241,200,20.5000
T1B,data/nt,17,height,widest-fit,RM,241,200,20.5000
T1B,data/nt,17,height,widest-fit,TN,241,200,20.5000
T1B,data/nt,17,height,widest-fit,SN,238,200,19.0000
T1B,data/nt,17,height,widest-fit,MinD,231,200,15.5000
T1B,data/nt,17,height,widest-fit,MaxD,241,200,20.5000
T1B,data/nt,17,height,first-fit,LM,261,200,30.5000
T1B,data/nt,17,height,first-fit,RM,261,200,30.5000
T1B,data/nt,17,height,first-fit,TN,261,200,30.5000
T1B,data/nt,17,height,first-fit,SN,275,200,37.5000
T1B,data/nt,17,height,first-fit,MinD,261,200,30.5000
T1B,data/nt,17,height,first-fit,MaxD,275,200,37.5000
T1B,data/nt,17,height,tre,LM,275,200,37.5000
T1B,data/nt,17,height,tre,RM,275,200,37.5000
T1B,data/nt,17,height,tre,TN,275,200,37.5000
T1B,data/nt,17,height,tre,SN,275,200,37.5000
T1B,data/nt,17,height,tre,MinD,275,200,37.5000
T1B,data/nt,17,height,tre,MaxD,275,200,37.5000
T1B,data/nt,17,area,widest-fit,LM,241,200,20.5000
T1B,data/nt,17,area,widest-fit,RM,241,200,20.5000
T1B,data/nt,17,area,widest-fit,TN,241,200,20.5000
T1B,data/nt,17,area,widest-fit,SN,238,200,19.0000
T1B,data/nt,17,area,widest-fit,MinD,231,200,15.5000
T1B,data/nt,17,area,widest-fit,MaxD,241,200,20.5000
T1B,data/nt,17,area,first-fit,LM,233,200,16.5000
T1B,data/nt,17,area,first-fit,RM,233,200,16.5000
T1B,data/nt,17,area,first-fit,TN,233,200,16.5000
T1B,data/nt,17,area,first-fit,SN,233,200,16.5000
T1B,data/nt,17,area,first-fit,MinD,233,200,16.5000
T1B,data/nt,17,area,first-fit,MaxD,233,200,16.5000
T1B,data/nt,17,area,tre,LM,233,200,16.5000
T1B,data/nt,17,area,tre,RM,233,200,16.5000
T1B,data/nt,17,area,tre,TN,233,200,16.5000
T1B,data/nt,17,area,tre,SN,233,200,16.5000
T1B,data/nt,17,area,tre,MinD,233,200,16.5000
T1B,data/nt,17,area,tre,MaxD,233,200,16.5000
T1C,data/nt,17,width,widest-fit,LM,259,200,29.5000
T1C,data/nt,17,width,widest-fit,RM,259,200,29.5000
T1C,data/nt,17,width,widest-fit,TN,241,200,20.5000
T1C,data/nt,17,width,widest-fit,SN,245,200,22.5000
T1C,data/nt,17,width,widest-fit,MinD,251,200,25.5000
T1C,data/nt,17,width,widest-fit,MaxD,259,200,29.5000
T1C,data/nt,17,width,first-fit,LM,259,200,29.5000
T1C,data/nt,17,width,first-fit,RM,259,200,29.5000
T1C,data/nt,17,width,first-fit,TN,241,200,20.5000
T1C,data/nt,17,width,first-fit,SN,245,200,22.5000
T1C,data/nt,17,width,first-fit,MinD,251,200,25.5000
T1C,data/nt,17,width,first-fit,MaxD,259,200,29.5000
T1C,data/nt,17,width,tre,LM,259,200,29.5000
T1C,data/nt,17,width,tre,RM,259,200,29.5000
T1C,data/nt,17,width,tre,TN,241,200,20.5000
T1C,data/nt,17,width,tre,SN,245,200,22.5000
T1C,data/nt,17,width,tre,MinD,251,200,25.5000
T1C,data/nt,17,width,tre,MaxD,259,200,29.5000
T1C,data/nt,17,height,widest-fit,LM,259,200,29.5000
T1C,data/nt,17,height,widest-fit,RM,259,200,29.5000
T1C,data/nt,17,height,widest-fit,TN,241,200,20.5000
T1C,data/nt,17,height,widest-fit,SN,245,200,22.5000
T1C,data/nt,17,height,widest-fit,MinD,251,200,25.5000
T1C,data/nt,17,height,widest-fit,MaxD,259,200,29.5000
T1C,data/nt,17,height,first-fit,LM,251,200,25.5000
T1C,data/nt,17,height,first-fit,RM,251,200,25.5000
T1C,data/nt,17,height,first-fit,TN,251,200,25.5000
T1C,data/nt,17,height,first-fit,SN,251,200,25.5000
T1C,data/nt,17,height,first-fit,MinD,251,200,25.5000
T1C,data/nt,17,height,first-fit,MaxD,251,200,25.5000
T1C,data/nt,17,height,tre,LM,251,200,25.5000
T1C,data/nt,17,height,tre,RM,251,200,25.5000
T1C,data/nt,17,height,tre,TN,251,200,25.5000
T1C,data/nt,17,height,tre,SN,251,200,25.5000
T1C,data/nt,17,height,tre,MinD,251,200,25.5000
T1C,data/nt,17,height,tre,MaxD,251,200,25.5000
T1C,data/nt,17,area,widest-fit,LM,259,200,29.5000
T1C,data/nt,17,area,widest-fit,RM,259,200,29.5000
T1C,data/nt,17,area,widest-fit,TN,241,200,20.5000
T1C,data/nt,17,area,widest-fit,SN,245,200,22.5000
T1C,data/nt,17,area,widest-fit,MinD,251,200,25.5000
T1C,data/nt,17,area,widest-fit,MaxD,259,200,29.5000
T1C,data/nt,17,area,first-fit,LM,251,200,25.5000
T1C,data/nt,17,area,first-fit,RM,251,200,25.5000
T1C,data/nt,17,area,first-fit,TN,251,200,25.5000
T1C,data/nt,17,area,first-fit,SN,251,200,25.5000
T1C,data/nt,17,area,first-fit,MinD,251,200,25.5000
T1C,data/nt,17,area,first-fit,MaxD,251,200,25.5000
T1C,data/nt,17,area,tre,LM,251,200,25.5000
T1C,data/nt,17,area,tre,RM,251,200,25.5000
T1C,data/nt,17,area,tre,TN,251,200,25.5000
T1C,data/nt,17,area,tre,SN,251,200,25.5000
T1C,data/nt,17,area,tre,MinD,251,200,25.5000
T1C,data/nt,17,area,tre,MaxD,251,200,25.5000
T1D,data/nt,17,width,widest-fit,LM,218,200,9.0000
T1D,data/nt,17,width,widest-fit,RM,218,200,9.0000
T1D,data/nt,17,width,widest-fit,TN,222,200,11.0000
T1D,data/nt,17,width,widest-fit,SN,220,200,10.0000
T1D,data/nt,17,width,widest-fit,MinD,226,200,13.0000
T1D,data/nt,17,width,widest-fit,MaxD,220,200,10.0000
T1D,data/nt,17,width,first-fit,LM,218,200,9.0000
T1D,data/nt,17,width,first-fit,RM,218,200,9.0000
T1D,data/nt,17,width,first-fit,TN,222,200,11.0000
T1D,data/nt,17,width,first-fit,SN,220,200,10.0000
T1D,data/nt,17,width,first-fit,MinD,226,200,13.0000
T1D,data/nt,17,width,first-fit,MaxD,220,200,10.0000
T1D,data/nt,17,width,tre,LM,218,200,9.0000
T1D,data/nt,17,width,tre,RM,218,200,9.0000
T1D,data/nt,17,width,tre,TN,222,200,11.0000
T1D,data/nt,17,width,tre,SN,220,200,10.0000
T1D,data/nt,17,width,tre,MinD,226,200,13.0000
T1D,data/nt,17,width,tre,MaxD,220,200,10.0000
T1D,data/nt,17,height,widest-fit,LM,218,200,9.0000
T1D,data/nt,17,height,widest-fit,RM,218,200,9.0000
T1D,data/nt,17,height,widest-fit,TN,222,200,11.0000
T1D,data/nt,17,height,widest-fit,SN,220,200,10.0000
T1D,data/nt,17,height,widest-fit,MinD,226,200,13.0000
T1D,data/nt,17,height,widest-fit,MaxD,220,200,10.0000
T1D,data/nt,17,height,first-fit,LM,227,200,13.5000
T1D,data/nt,17,height,first-fit,RM,230,200,15.0000
T1D,data/nt,17,height,first-fit,TN,227,200,13.5000
T1D,data/nt,17,height,first-fit,SN,227,200,13.5000
T1D,data/nt,17,height,first-fit,MinD,227,200,13.5000
T1D,data/nt,17,height,first-fit,MaxD,227,200,13.5000
T1D,data/nt,17,height,tre,LM,227,200,13.5000
T1D,data/nt,17,height,tre,RM,227,200,13.5000
T1D,data/nt,17,height,tre,TN,227,200,13.5000
T1D,data/nt,17,height,tre,SN,227,200,13.5000
T1D,data/nt,17,height,tre,MinD,227,200,13.5000
T1D,data/nt,17,height,tre,MaxD,232,200,16.0000
T1D,data/nt,17,area,widest-fit,LM,218,200,9.0000
T1D,data/nt,17,area,widest-fit,RM,218,200,9.0000
T1D,data/nt,17,area,widest-fit,TN,222,200,11.0000
T1D,data/nt,17,area,widest-fit,SN,220,200,10.0000
T1D,data/nt,17,area,widest-fit,MinD,226,200,13.0000
T1D,data/nt,17,area,widest-fit,MaxD,220,200,10.0000
T1D,data/nt,17,area,first-fit,LM,214,200,7.0000
T1D,data/nt,17,area,first-fit,RM,214,200,7.0000
T1D,data/nt,17,area,first-fit,TN,213,200,6.5000
T1D,data/nt,17,area,first-fit,SN,219,200,9.5000
T1D,data/nt,17,area,first-fit,MinD,219,200,9.5000
T1D,data/nt,17,area,first-fit,MaxD,215,200,7.5000
T1D,data/nt,17,area,tre,LM,214,200,7.0000
T1D,data/nt,17,area,tre,RM,214,200,7.0000
T1D,data/nt,17,area,tre,TN,211,200,5.5000
T1D,data/nt,17,area,tre,SN,216,200,8.0000
T1D,data/nt,17,area,tre,MinD,219,200,9.5000
T1D,data/nt,17,area,tre,MaxD,215,200,7.5000
T1E,data/nt,17,width,widest-fit,LM,252,200,26.0000
T1E,data/nt,17,width,widest-fit,RM,252,200,26.0000
T1E,data/nt,17,width,widest-fit,TN,253,200,26.5000
T1E,data/nt,17,width,widest-fit,SN,242,200,21.0000
T1E,data/nt,17,width,widest-fit,MinD,242,200,21.0000
T1E,data/nt,17,width,widest-fit,MaxD,241,200,20.5000
T1E,data/nt,17,width,first-fit,LM,252,200,26.0000
T1E,data/nt,17,width,first-fit,RM,252,200,26.0000
T1E,data/nt,17,width,first-fit,TN,253,200,26.5000
T1E,data/nt,17,width,first-fit,SN,242,200,21.0000
T1E,data/nt,17,width,first-fit,MinD,242,200,21.0000
T1E,data/nt,17,width,first-fit,MaxD,241,200,20.5000
T1E,data/nt,17,width,tre,LM,252,200,26.0000
T1E,data/nt,17,width,tre,RM,252,200,26.0000
T1E,data/nt,17,width,tre,TN,253,200,26.5000
T1E,data/nt,17,width,tre,SN,242,200,21.0000
T1E,data/nt,17,width,tre,MinD,242,200,21.0000
T1E,data/nt,17,width,tre,MaxD,241,200,20.5000
T1E,data/nt,17,height,widest-fit,LM,252,200,26.0000
T1E,data/nt,17,height,widest-fit,RM,252,200,26.0000
T1E,data/nt,17,height,widest-fit,TN,253,200,26.5000
T1E,data/nt,17,height,widest-fit,SN,242,200,21.0000
T1E,data/nt,17,height,widest-fit,MinD,242,200,21.0000
T1E,data/nt,17,height,widest-fit,MaxD,241,200,20.5000
T1E,data/nt,17,height,first-fit,LM,274,200,37.0000
T1E,data/nt,17,height,first-fit,RM,274,200,37.0000
T1E,data/nt,17,height,first-fit,TN,258,200,29.0000
T1E,data/nt,17,height,first-fit,SN,274,200,37.0000
T1E,data/nt,17,height,first-fit,MinD,274,200,37.0000
T1E,data/nt,17,height,first-fit,MaxD,258,200,29.0000
T1E,data/nt,17,height,tre,LM,290,200,45.0000
T1E,data/nt,17,height,tre,RM,290,200,45.0000
T1E,data/nt,17,height,tre,TN,258,200,29.0000
T1E,data/nt,17,height,tre,SN,290,200,45.0000
T1E,data/nt,17,height,tre,MinD,290,200,45.0000
T1E,data/nt,17,height,tre,MaxD,258,200,29.0000
T1E,data/nt,17,area,widest-fit,LM,252,200,26.0000
T1E,data/nt,17,area,widest-fit,RM,252,200,26.0000
T1E,data/nt,17,area,widest-fit,TN,253,200,26.5000
T1E,data/nt,17,area,widest-fit,SN,242,200,21.0000
T1E,data/nt,17,area,widest-fit,MinD,242,200,21.0000
T1E,data/nt,17,area,widest-fit,MaxD,241,200,20.5000
T1E,data/nt,17,area,first-fit,LM,266,200,33.0000
T1E,data/nt,17,area,first-fit,RM,266,200,33.0000
T1E,data/nt,17,area,first-fit,TN,266,200,33.0000
T1E,data/nt,17,area,first-fit,SN,266,200,33.0000
T1E,data/nt,17,area,first-fit,MinD,266,200,33.0000
T1E,data/nt,17,area,first-fit,MaxD,266,200,33.0000
T1E,data/nt,17,area,tre,LM,279,200,39.5000
T1E,data/nt,17,area,tre,RM,279,200,39.5000
T1E,data/nt,17,area,tre,TN,253,200,26.5000
T1E,data/nt,17,area,tre,SN,279,200,39.5000
T1E,data/nt,17,area,tre,MinD,279,200,39.5000
T1E,data/nt,17,area,tre,MaxD,279,200,39.5000
T2A,data/nt,25,width,widest-fit,LM,230,200,15.0000
T2A,data/nt,25,width,widest-fit,RM,230,200,15.0000
T2A,data/nt,25,width,widest-fit,TN,229,200,14.5000
T2A,data/nt,25,width,widest-fit,SN,233,200,16.5000
T2A,data/nt,25,width,widest-fit,MinD,231,200,15.5000
T2A,data/nt,25,width,widest-fit,MaxD,231,200,15.5000
T2A,data/nt,25,width,first-fit,LM,230,200,15.0000
T2A,data/nt,25,width,first-fit,RM,230,200,15.0000
T2A,data/nt,25,width,first-fit,TN,229,200,14.5000
T2A,data/nt,25,width,first-fit,SN,233,200,16.5000
T2A,data/nt,25,width,first-fit,MinD,231,200,15.5000
T2A,data/nt,25,width,first-fit,MaxD,231,200,15.5000
T2A,data/nt,25,width,tre,LM,230,200,15.0000
T2A,data/nt,25,width,tre,RM,230,200,15.0000
T2A,data/nt,25,width,tre,TN,229,200,14.5000
T2A,data/nt,25,width,tre,SN,233,200,16.5000
T2A,data/nt,25,width,tre,MinD,231,200,15.5000
T2A,data/nt,25,width,tre,MaxD,231,200,15.5000
T2A,data/nt,25,height,widest-fit,LM,230,200,15.0000
T2A,data/nt,25,height,widest-fit,RM,230,200,15.0000
T2A,data/nt,25,height,widest-fit,TN,229,200,14.5000
T2A,data/nt,25,height,widest-fit,SN,233,200,16.5000
T2A,data/nt,25,height,widest-fit,MinD,231,200,15.5000
T2A,data/nt,25,height,widest-fit,MaxD,231,200,15.5000
T2A,data/nt,25,height,first-fit,LM,260,200,30.0000
T2A,data/nt,25,height,first-fit,RM,260,200,30.0000
T2A,data/nt,25,height,first-fit,TN,260,200,30.0000
T2A,data/nt,25,height,first-fit,SN,260,200,30.0000
T2A,data/nt,25,height,first-fit,MinD,260,200,30.0000
T2A,data/nt,25,height,first-fit,MaxD,260,200,30.0000
T2A,data/nt,25,height,tre,LM,262,200,31.0000
T2A,data/nt,25,height,tre,RM,262,200,31.0000
T2A,data/nt,25,height,tre,TN,260,200,30.0000
T2A,data/nt,25,height,tre,SN,260,200,30.0000
T2A,data/nt,25,height,tre,MinD,260,200,30.0000
T2A,data/nt,25,height,tre,MaxD,260,200,30.0000
T2A,data/nt,25,area,widest-fit,LM,230,200,15.0000
T2A,data/nt,25,area,widest-fit,RM,230,200,15.0000
T2A,data/nt,25,area,widest-fit,TN,229,200,14.5000
T2A,data/nt,25,area,widest-fit,SN,233,200,16.5000
T2A,data/nt,25,area,widest-fit,MinD,231,200,15.5000
T2A,data/nt,25,area,widest-fit,MaxD,231,200,15.5000
T2A,data/nt,25,area,first-fit,LM,230,200,15.0000
T2A,data/nt,25,area,first-fit,RM,230,200,15.0000
T2A,data/nt,25,area,first-fit,TN,230,200,15.0000
T2A,data/nt,25,area,first-fit,SN,236,200,18.0000
T2A,data/nt,25,area,first-fit,MinD,230,200,15.0000
T2A,data/nt,25,area,first-fit,MaxD,230,200,15.0000
T2A,data/nt,25,area,tre,LM,235,200,17.5000
T2A,data/nt,25,area,tre,RM,235,200,17.5000
T2A,data/nt,25,area,tre,TN,230,200,15.0000
T2A,data/nt,25,area,tre,SN,243,200,21.5000
T2A,data/nt,25,area,tre,MinD,243,200,21.5000
T2A,data/nt,25,area,tre,MaxD,230,200,15.0000
T2B,data/nt,25,width,widest-fit,LM,226,200,13.0000
T2B,data/nt,25,width,widest-fit,RM,226,200,13.0000
T2B,data/nt,25,width,widest-fit,TN,252,200,26.0000
T2B,data/nt,25,width,widest-fit,SN,253,200,26.5000
T2B,data/nt,25,width,widest-fit,MinD,222,200,11.0000
T2B,data/nt,25,width,widest-fit,MaxD,217,200,8.5000
T2B,data/nt,25,width,first-fit,LM,226,200,13.0000
T2B,data/nt,25,width,first-fit,RM,226,200,13.0000
T2B,data/nt,25,width,first-fit,TN,252,200,26.0000
T2B,data/nt,25,width,first-fit,SN,253,200,26.5000
T2B,data/nt,25,width,first-fit,MinD,222,200,11.0000
T2B,data/nt,25,width,first-fit,MaxD,217,200,8.5000
T2B,data/nt,25,width,tre,LM,226,200,13.0000
T2B,data/nt,25,width,tre,RM,226,200,13.0000
T2B,data/nt,25,width,tre,TN,252,200,26.0000
T2B,data/nt,25,width,tre,SN,253,200,26.5000
T2B,data/nt,25,width,tre,MinD,222,200,11.0000
T2B,data/nt,25,width,tre,MaxD,217,200,8.5000
T2B,data/nt,25,height,widest-fit,LM,226,200,13.0000
T2B,data/nt,25,height,widest-fit,RM,226,200,13.0000
T2B,data/nt,25,height,widest-fit,TN,252,200,26.0000
T2B,data/nt,25,height,widest-fit,SN,253,200,26.5000
T2B,data/nt,25,height,widest-fit,MinD,222,200,11.0000
T2B,data/nt,25,height,widest-fit,MaxD,217,200,8.5000
T2B,data/nt,25,height,first-fit,LM,234,200,17.0000
T2B,data/nt,25,height,first-fit,RM,234,200,17.0000
T2B,data/nt,25,height,first-fit,TN,231,200,15.5000
T2B,data/nt,25,height,first-fit,SN,245,200,22.5000
T2B,data/nt,25,height,first-fit,MinD,234,200,17.0000
T2B,data/nt,25,height,first-fit,MaxD,234,200,17.0000
T2B,data/nt,25,height,tre,LM,249,200,24.5000
T2B,data/nt,25,height,tre,RM,249,200,24.5000
T2B,data/nt,25,height,tre,TN,234,200,17.0000
T2B,data/nt,25,height,tre,SN,249,200,24.5000
T2B,data/nt,25,height,tre,MinD,249,200,24.5000
T2B,data/nt,25,height,tre,MaxD,234,200,17.0000
T2B,data/nt,25,area,widest-fit,LM,226,200,13.0000
T2B,data/nt,25,area,widest-fit,RM,226,200,13.0000
T2B,data/nt,25,area,widest-fit,TN,252,200,26.0000
T2B,data/nt,25,area,widest-fit,SN,253,200,26.5000
T2B,data/nt,25,area,widest-fit,MinD,222,200,11.0000
T2B,data/nt,25,area,widest-fit,MaxD,217,200,8.5000
T2B,data/nt,25,area,first-fit,LM,222,200,11.0000
T2B,data/nt,25,area,first-fit,RM,222,200,11.0000
T2B,data/nt,25,area,first-fit,TN,227,200,13.5000
T2B,data/nt,25,area,first-fit,SN,222,200,11.0000
T2B,data/nt,25,area,first-fit,MinD,222,200,11.0000
T2B,data/nt,25,area,first-fit,MaxD,222,200,11.0000
T2B,data/nt,25,area,tre,LM,233,200,16.5000
T2B,data/nt,25,area,tre,RM,233,200,16.5000
T2B,data/nt,25,area,tre,TN,216,200,8.0000
T2B,data/nt,25,area,tre,SN,233,200,16.5000
T2B,data/nt,25,area,tre,MinD,216,200,8.0000
T2B,data/nt,25,area,tre,MaxD,229,200,14.5000
T2C,data/nt,25,width,widest-fit,LM,220,200,10.0000
T2C,data/nt,25,width,widest-fit,RM,220,200,10.0000
T2C,data/nt,25,width,widest-fit,TN,243,200,21.5000
T2C,data/nt,25,width,widest-fit,SN,223,200,11.5000
T2C,data/nt,25,width,widest-fit,MinD,220,200,10.0000
T2C,data/nt,25,width,widest-fit,MaxD,243,200,21.5000
T2C,data/nt,25,width,first-fit,LM,220,200,10.0000
T2C,data/nt,25,width,first-fit,RM,220,200,10.0000
T2C,data/nt,25,width,first-fit,TN,243,200,21.5000
T2C,data/nt,25,width,first-fit,SN,223,200,11.5000
T2C,data/nt,25,width,first-fit,MinD,220,200,10.0000
T2C,data/nt,25,width,first-fit,MaxD,243,200,21.5000
T2C,data/nt,25,width,tre,LM,220,200,10.0000
T2C,data/nt,25,width,tre,RM,220,200,10.0000
T2C,data/nt,25,width,tre,TN,243,200,21.5000
T2C,data/nt,25,width,tre,SN,223,200,11.5000
T2C,data/nt,25,width,tre,MinD,220,200,10.0000
T2C,data/nt,25,width,tre,MaxD,243,200,21.5000
T2C,data/nt,25,height,widest-fit,LM,220,200,10.0000
T2C,data/nt,25,height,widest-fit,RM,220,200,10.0000
T2C,data/nt,25,height,widest-fit,TN,243,200,21.5000
T2C,data/nt,25,height,widest-fit,SN,223,200,11.5000
T2C,data/nt,25,height,widest-fit,MinD,220,200,10.0000
T2C,data/nt,25,height,widest-fit,MaxD,243,200,21.5000
T2C,data/nt,25,height,first-fit,LM,259,200,29.5000
T2C,data/nt,25,height,first-fit,RM,259,200,29.5000
T2C,data/nt,25,height,first-fit,TN,244,200,22.0000
T2C,data/nt,25,height,first-fit,SN,257,200,28.5000
T2C,data/nt,25,height,first-fit,MinD,259,200,29.5000
T2C,data/nt,25,height,first-fit,MaxD,263,200,31.5000
T2C,data/nt,25,height,tre,LM,256,200,28.0000
T2C,data/nt,25,height,tre,RM,256,200,28.0000
T2C,data/nt,25,height,tre,TN,243,200,21.5000
T2C,data/nt,25,height,tre,SN,233,200,16.5000
T2C,data/nt,25,height,tre,MinD,233,200,16.5000
T2C,data/nt,25,height,tre,MaxD,235,200,17.5000
T2C,data/nt,25,area,widest-fit,LM,220,200,10.0000
T2C,data/nt,25,area,widest-fit,RM,220,200,10.0000
T2C,data/nt,25,area,widest-fit,TN,243,200,21.5000
T2C,data/nt,25,area,widest-fit,SN,223,200,11.5000
T2C,data/nt,25,area,widest-fit,MinD,220,200,10.0000
T2C,data/nt,25,area,widest-fit,MaxD,243,200,21.5000
T2C,data/nt,25,area,first-fit,LM,254,200,27.0000
T2C,data/nt,25,area,first-fit,RM,254,200,27.0000
T2C,data/nt,25,area,first-fit,TN,226,200,13.0000
T2C,data/nt,25,area,first-fit,SN,240,200,20.0000
T2C,data/nt,25,area,first-fit,MinD,240,200,20.0000
T2C,data/nt,25,area,first-fit,MaxD,223,200,11.5000
T2C,data/nt,25,area,tre,LM,256,200,28.0000
T2C,data/nt,25,area,tre,RM,256,200,28.0000
T2C,data/nt,25,area,tre,TN,231,200,15.5000
T2C,data/nt,25,area,tre,SN,245,200,22.5000
T2C,data/nt,25,area,tre,MinD,256,200,28.0000
T2C,data/nt,25,area,tre,MaxD,254,200,27.0000
T2D,data/nt,25,width,widest-fit,LM,223,200,11.5000
T2D,data/nt,25,width,widest-fit,RM,223,200,11.5000
T2D,data/nt,25,width,widest-fit,TN,218,200,9.0000
T2D,data/nt,25,width,widest-fit,SN,235,200,17.5000
T2D,data/nt,25,width,widest-fit,MinD,230,200,15.0000
T2D,data/nt,25,width,widest-fit,MaxD,220,200,10.0000
T2D,data/nt,25,width,first-fit,LM,223,200,11.5000
T2D,data/nt,25,width,first-fit,RM,223,200,11.5000
T2D,data/nt,25,width,first-fit,TN,218,200,9.0000
T2D,data/nt,25,width,first-fit,SN,235,200,17.5000
T2D,data/nt,25,width,first-fit,MinD,230,200,15.0000
T2D,data/nt,25,width,first-fit,MaxD,220,200,10.0000
T2D,data/nt,25,width,tre,LM,223,200,11.5000
T2D,data/nt,25,width,tre,RM,223,200,11.5000
T2D,data/nt,25,width,tre,TN,218,200,9.0000
T2D,data/nt,25,width,tre,SN,235,200,17.5000
T2D,data/nt,25,width,tre,MinD,230,200,15.0000
T2D,data/nt,25,width,tre,MaxD,220,200,10.0000
T2D,data/nt,25,height,widest-fit,LM,223,200,11.5000
T2D,data/nt,25,height,widest-fit,RM,223,200,11.5000
T2D,data/nt,25,height,widest-fit,TN,218,200,9.0000
T2D,data/nt,25,height,widest-fit,SN,235,200,17.5000
T2D,data/nt,25,height,widest-fit,MinD,230,200,15.0000
T2D,data/nt,25,height,widest-fit,MaxD,220,200,10.0000
T2D,data/nt,25,height,first-fit,LM,248,200,24.0000
T2D,data/nt,25,height,first-fit,RM,248,200,24.0000
T2D,data/nt,25,height,first-fit,TN,248,200,24.0000
T2D,data/nt,25,height,first-fit,SN,248,200,24.0000
T2D,data/nt,25,height,first-fit,MinD,237,200,18.5000
T2D,data/nt,25,height,first-fit,MaxD,248,200,24.0000
T2D,data/nt,25,height,tre,LM,252,200,26.0000
T2D,data/nt,25,height,tre,RM,252,200,26.0000
T2D,data/nt,25,height,tre,TN,269,200,34.5000
T2D,data/nt,25,height,tre,SN,248,200,24.0000
T2D,data/nt,25,height,tre,MinD,222,200,11.0000
T2D,data/nt,25,height,tre,MaxD,252,200,26.0000
T2D,data/nt,25,area,widest-fit,LM,223,200,11.5000
T2D,data/nt,25,area,widest-fit,RM,223,200,11.5000
T2D,data/nt,25,area,widest-fit,TN,218,200,9.0000
T2D,data/nt,25,area,widest-fit,SN,235,200,17.5000
T2D,data/nt,25,area,widest-fit,MinD,230,200,15.0000
T2D,data/nt,25,area,widest-fit,MaxD,220,200,10.0000
T2D,data/nt,25,area,first-fit,LM,225,200,12.5000
T2D,data/nt,25,area,first-fit,RM,225,200,12.5000
T2D,data/nt,25,area,first-fit,TN,229,200,14.5000
T2D,data/nt,25,area,first-fit,SN,236,200,18.0000
T2D,data/nt,25,area,first-fit,MinD,228,200,14.0000
T2D,data/nt,25,area,first-fit,MaxD,235,200,17.5000
T2D,data/nt,25,area,tre,LM,222,200,11.0000
T2D,data/nt,25,area,tre,RM,222,200,11.0000
T2D,data/nt,25,area,tre,TN,225,200,12.5000
T2D,data/nt,25,area,tre,SN,236,200,18.0000
T2D,data/nt,25,area,tre,MinD,222,200,11.0000
T2D,data/nt,25,area,tre,MaxD,225,200,12.5000
T2E,data/nt,25,width,widest-fit,LM,246,200,23.0000
T2E,data/nt,25,width,widest-fit,RM,246,200,23.0000
T2E,data/nt,25,width,widest-fit,TN,223,200,11.5000
T2E,data/nt,25,width,widest-fit,SN,232,200,16.0000
T2E,data/nt,25,width,widest-fit,MinD,232,200,16.0000
T2E,data/nt,25,width,widest-fit,MaxD,227,200,13.5000
T2E,data/nt,25,width,first-fit,LM,246,200,23.0000
T2E,data/nt,25,width,first-fit,RM,246,200,23.0000
T2E,data/nt,25,width,first-fit,TN,223,200,11.5000
T2E,data/nt,25,width,first-fit,SN,232,200,16.0000
T2E,data/nt,25,width,first-fit,MinD,232,200,16.0000
T2E,data/nt,25,width,first-fit,MaxD,227,200,13.5000
T2E,data/nt,25,width,tre,LM,246,200,23.0000
T2E,data/nt,25,width,tre,RM,246,200,23.0000
T2E,data/nt,25,width,tre,TN,223,200,11.5000
T2E,data/nt,25,width,tre,SN,232,200,16.0000
T2E,data/nt,25,width,tre,MinD,232,200,16.0000
T2E,data/nt,25,width,tre,MaxD,227,200,13.5000
T2E,data/nt,25,height,widest-fit,LM,246,200,23.0000
T2E,data/nt,25,height,widest-fit,RM,246,200,23.0000
T2E,data/nt,25,height,widest-fit,TN,223,200,11.5000
T2E,data/nt,25,height,widest-fit,SN,232,200,16.0000
T2E,data/nt,25,height,widest-fit,MinD,232,200,16.0000
T2E,data/nt,25,height,widest-fit,MaxD,227,200,13.5000
T2E,data/nt,25,height,first-fit,LM,242,200,21.0000
T2E,data/nt,25,height,first-fit,RM,242,200,21.0000
T2E,data/nt,25,height,first-fit,TN,228,200,14.0000
T2E,data/nt,25,height,first-fit,SN,291,200,45.5000
T2E,data/nt,25,height,first-fit,MinD,269,200,34.5000
T2E,data/nt,25,height,first-fit,MaxD,286,200,43.0000
T2E,data/nt,25,height,tre,LM,274,200,37.0000
T2E,data/nt,25,height,tre,RM,274,200,37.0000
T2E,data/nt,25,height,tre,TN,258,200,29.0000
T2E,data/nt,25,height,tre,SN,277,200,38.5000
T2E,data/nt,25,height,tre,MinD,274,200,37.0000
T2E,data/nt,25,height,tre,MaxD,239,200,19.5000
T2E,data/nt,25,area,widest-fit,LM,246,200,23.0000
T2E,data/nt,25,area,widest-fit,RM,246,200,23.0000
T2E,data/nt,25,area,widest-fit,TN,223,200,11.5000
T2E,data/nt,25,area,widest-fit,SN,232,200,16.0000
T2E,data/nt,25,area,widest-fit,MinD,232,200,16.0000
T2E,data/nt,25,area,widest-fit,MaxD,227,200,13.5000
T2E,data/nt,25,area,first-fit,LM,221,200,10.5000
T2E,data/nt,25,area,first-fit,RM,221,200,10.5000
T2E,data/nt,25,area,first-fit,TN,221,200,10.5000
T2E,data/nt,25,area,first-fit,SN,218,200,9.0000
T2E,data/nt,25,area,first-fit,MinD,217,200,8.5000
T2E,data/nt,25,area,first-fit,MaxD,215,200,7.5000
T2E,data/nt,25,area,tre,LM,226,200,13.0000
T2E,data/nt,25,area,tre,RM,226,200,13.0000
T2E,data/nt,25,area,tre,TN,226,200,13.0000
T2E,data/nt,25,area,tre,SN,226,200,13.0000
T2E,data/nt,25,area,tre,MinD,236,200,18.0000
T2E,data/nt,25,area,tre,MaxD,252,200,26.0000
T3A,data/nt,29,width,widest-fit,LM,234,200,17.0000
T3A,data/nt,29,width,widest-fit,RM,234,200,17.0000
T3A,data/nt,29,width,widest-fit,TN,232,200,16.0000
T3A,data/nt,29,width,widest-fit,SN,227,200,13.5000
T3A,data/nt,29,width,widest-fit,MinD,232,200,16.0000
T3A,data/nt,29,width,widest-fit,MaxD,236,200,18.0000
T3A,data/nt,29,width,first-fit,LM,234,200,17.0000
T3A,data/nt,29,width,first-fit,RM,234,200,17.0000
T3A,data/nt,29,width,first-fit,TN,232,200,16.0000
T3A,data/nt,29,width,first-fit,SN,227,200,13.5000
T3A,data/nt,29,width,first-fit,MinD,232,200,16.0000
T3A,data/nt,29,width,first-fit,MaxD,236,200,18.0000
T3A,data/nt,29,width,tre,LM,234,200,17.0000
T3A,data/nt,29,width,tre,RM,234,200,17.0000
T3A,data/nt,29,width,tre,TN,232,200,16.0000
T3A,data/nt,29,width,tre,SN,227,200,13.5000
T3A,data/nt,29,width,tre,MinD,232,200,16.0000
T3A,data/nt,29,width,tre,MaxD,236,200,18.0000
T3A,data/nt,29,height,widest-fit,LM,234,200,17.0000
T3A,data/nt,29,height,widest-fit,RM,234,200,17.0000
T3A,data/nt,29,height,widest-fit,TN,232,200,16.0000
T3A,data/nt,29,height,widest-fit,SN,227,200,13.5000
T3A,data/nt,29,height,widest-fit,MinD,232,200,16.0000
T3A,data/nt,29,height,widest-fit,MaxD,236,200,18.0000
T3A,data/nt,29,height,first-fit,LM,233,200,16.5000
T3A,data/nt,29,height,first-fit,RM,233,200,16.5000
T3A,data/nt,29,height,first-fit,TN,233,200,16.5000
T3A,data/nt,29,height,first-fit,SN,233,200,16.5000
T3A,data/nt,29,height,first-fit,MinD,233,200,16.5000
T3A,data/nt,29,height,first-fit,MaxD,233,200,16.5000
T3A,data/nt,29,height,tre,LM,246,200,23.0000
T3A,data/nt,29,height,tre,RM,246,200,23.0000
T3A,data/nt,29,height,tre,TN,270,200,35.0000
T3A,data/nt,29,height,tre,SN,246,200,23.0000
T3A,data/nt,29,height,tre,MinD,246,200,23.0000
T3A,data/nt,29,height,tre,MaxD,246,200,23.0000
T3A,data/nt,29,area,widest-fit,LM,234,200,17.0000
T3A,data/nt,29,area,widest-fit,RM,234,200,17.0000
T3A,data/nt,29,area,widest-fit,TN,232,200,16.0000
T3A,data/nt,29,area,widest-fit,SN,227,200,13.5000
T3A,data/nt,29,area,widest-fit,MinD,232,200,16.0000
T3A,data/nt,29,area,widest-fit,MaxD,236,200,18.0000
T3A,data/nt,29,area,first-fit,LM,219,200,9.5000
T3A,data/nt,29,area,first-fit,RM,218,200,9.0000
T3A,data/nt,29,area,first-fit,TN,220,200,10.0000
T3A,data/nt,29,area,first-fit,SN,218,200,9.0000
T3A,data/nt,29,area,first-fit,MinD,219,200,9.5000
T3A,data/nt,29,area,first-fit,MaxD,229,200,14.5000
T3A,data/nt,29,area,tre,LM,220,200,10.0000
T3A,data/nt,29,area,tre,RM,220,200,10.0000
T3A,data/nt,29,area,tre,TN,219,200,9.5000
T3A,data/nt,29,area,tre,SN,215,200,7.5000
T3A,data/nt,29,area,tre,MinD,223,200,11.5000
T3A,data/nt,29,area,tre,MaxD,217,200,8.5000
T3B,data/nt,29,width,widest-fit,LM,228,200,14.0000
T3B,data/nt,29,width,widest-fit,RM,228,200,14.0000
T3B,data/nt,29,width,widest-fit,TN,235,200,17.5000
T3B,data/nt,29,width,widest-fit,SN,223,200,11.5000
T3B,data/nt,29,width,widest-fit,MinD,251,200,25.5000
T3B,data/nt,29,width,widest-fit,MaxD,230,200,15.0000
T3B,data/nt,29,width,first-fit,LM,228,200,14.0000
T3B,data/nt,29,width,first-fit,RM,228,200,14.0000
T3B,data/nt,29,width,first-fit,TN,235,200,17.5000
T3B,data/nt,29,width,first-fit,SN,223,200,11.5000
T3B,data/nt,29,width,first-fit,MinD,251,200,25.5000
T3B,data/nt,29,width,first-fit,MaxD,230,200,15.0000
T3B,data/nt,29,width,tre,LM,228,200,14.0000
T3B,data/nt,29,width,tre,RM,228,200,14.0000
T3B,data/nt,29,width,tre,TN,235,200,17.5000
T3B,data/nt,29,width,tre,SN,223,200,11.5000
T3B,data/nt,29,width,tre,MinD,251,200,25.5000
T3B,data/nt,29,width,tre,MaxD,230,200,15.0000
T3B,data/nt,29,height,widest-fit,LM,228,200,14.0000
T3B,data/nt,29,height,widest-fit,RM,228,200,14.0000
T3B,data/nt,29,height,widest-fit,TN,235,200,17.5000
T3B,data/nt,29,height,widest-fit,SN,223,200,11.5000
T3B,data/nt,29,height,widest-fit,MinD,251,200,25.5000
T3B,data/nt,29,height,widest-fit,MaxD,230,200,15.0000
T3B,data/nt,29,height,first-fit,LM,232,200,16.0000
T3B,data/nt,29,height,first-fit,RM,232,200,16.0000
T3B,data/nt,29,height,first-fit,TN,237,200,18.5000
T3B,data/nt,29,height,first-fit,SN,232,200,16.0000
T3B,data/nt,29,height,first-fit,MinD,254,200,27.0000
T3B,data/nt,29,height,first-fit,MaxD,237,200,18.5000
T3B,data/nt,29,height,tre,LM,251,200,25.5000
T3B,data/nt,29,height,tre,RM,251,200,25.5000
T3B,data/nt,29,height,tre,TN,237,200,18.5000
T3B,data/nt,29,height,tre,SN,251,200,25.5000
T3B,data/nt,29,height,tre,MinD,251,200,25.5000
T3B,data/nt,29,height,tre,MaxD,237,200,18.5000
T3B,data/nt,29,area,widest-fit,LM,228,200,14.0000
T3B,data/nt,29,area,widest-fit,RM,228,200,14.0000
T3B,data/nt,29,area,widest-fit,TN,235,200,17.5000
T3B,data/nt,29,area,widest-fit,SN,223,200,11.5000
T3B,data/nt,29,area,widest-fit,MinD,251,200,25.5000
T3B,data/nt,29,area,widest-fit,MaxD,230,200,15.0000
T3B,data/nt,29,area,first-fit,LM,223,200,11.5000
T3B,data/nt,29,area,first-fit,RM,223,200,11.5000
T3B,data/nt,29,area,first-fit,TN,216,200,8.0000
T3B,data/nt,29,area,first-fit,SN,221,200,10.5000
T3B,data/nt,29,area,first-fit,MinD,221,200,10.5000
T3B,data/nt,29,area,first-fit,MaxD,220,200,10.0000
T3B,data/nt,29,area,tre,LM,232,200,16.0000
T3B,data/nt,29,area,tre,RM,232,200,16.0000
T3B,data/nt,29,area,tre,TN,215,200,7.5000
T3B,data/nt,29,area,tre,SN,235,200,17.5000
T3B,data/nt,29,area,tre,MinD,235,200,17.5000
T3B,data/nt,29,area,tre,MaxD,233,200,16.5000
T3C,data/nt,29,width,widest-fit,LM,220,200,10.0000
T3C,data/nt,29,width,widest-fit,RM,220,200,10.0000
T3C,data/nt,29,width,widest-fit,TN,231,200,15.5000
T3C,data/nt,29,width,widest-fit,SN,230,200,15.0000
T3C,data/nt,29,width,widest-fit,MinD,212,200,6.0000
T3C,data/nt,29,width,widest-fit,MaxD,231,200,15.5000
T3C,data/nt,29,width,first-fit,LM,220,200,10.0000
T3C,data/nt,29,width,first-fit,RM,220,200,10.0000
T3C,data/nt,29,width,first-fit,TN,231,200,15.5000
T3C,data/nt,29,width,first-fit,SN,230,200,15.0000
T3C,data/nt,29,width,first-fit,MinD,212,200,6.0000
T3C,data/nt,29,width,first-fit,MaxD,231,200,15.5000
T3C,data/nt,29,width,tre,LM,220,200,10.0000
T3C,data/nt,29,width,tre,RM,220,200,10.0000
T3C,data/nt,29,width,tre,TN,231,200,15.5000
T3C,data/nt,29,width,tre,SN,230,200,15.0000
T3C,data/nt,29,width,tre,MinD,212,200,6.0000
T3C,data/nt,29,width,tre,MaxD,231,200,15.5000
T3C,data/nt,29,height,widest-fit,LM,220,200,10.0000
T3C,data/nt,29,height,widest-fit,RM,220,200,10.0000
T3C,data/nt,29,height,widest-fit,TN,231,200,15.5000
T3C,data/nt,29,height,widest-fit,SN,230,200,15.0000
T3C,data/nt,29,height,widest-fit,MinD,212,200,6.0000
T3C,data/nt,29,height,widest-fit,MaxD,231,200,15.5000
T3C,data/nt,29,height,first-fit,LM,269,200,34.5000
T3C,data/nt,29,height,first-fit,RM,269,200,34.5000
T3C,data/nt,29,height,first-fit,TN,269,200,34.5000
T3C,data/nt,29,height,first-fit,SN,269,200,34.5000
T3C,data/nt,29,height,first-fit,MinD,269,200,34.5000
T3C,data/nt,29,height,first-fit,MaxD,269,200,34.5000
T3C,data/nt,29,height,tre,LM,266,200,33.0000
T3C,data/nt,29,height,tre,RM,266,200,33.0000
T3C,data/nt,29,height,tre,TN,263,200,31.5000
T3C,data/nt,29,height,tre,SN,273,200,36.5000
T3C,data/nt,29,height,tre,MinD,266,200,33.0000
T3C,data/nt,29,height,tre,MaxD,261,200,30.5000
T3C,data/nt,29,area,widest-fit,LM,220,200,10.0000
T3C,data/nt,29,area,widest-fit,RM,220,200,10.0000
T3C,data/nt,29,area,widest-fit,TN,231,200,15.5000
T3C,data/nt,29,area,widest-fit,SN,230,200,15.0000
T3C,data/nt,29,area,widest-fit,MinD,212,200,6.0000
T3C,data/nt,29,area,widest-fit,MaxD,231,200,15.5000
T3C,data/nt,29,area,first-fit,LM,234,200,17.0000
T3C,data/nt,29,area,first-fit,RM,230,200,15.0000
T3C,data/nt,29,area,first-fit,TN,221,200,10.5000
T3C,data/nt,29,area,first-fit,SN,228,200,14.0000
T3C,data/nt,29,area,first-fit,MinD,228,200,14.0000
T3C,data/nt,29,area,first-fit,MaxD,226,200,13.0000
T3C,data/nt,29,area,tre,LM,224,200,12.0000
T3C,data/nt,29,area,tre,RM,224,200,12.0000
T3C,data/nt,29,area,tre,TN,217,200,8.5000
T3C,data/nt,29,area,tre,SN,224,200,12.0000
T3C,data/nt,29,area,tre,MinD,231,200,15.5000
T3C,data/nt,29,area,tre,MaxD,220,200,10.0000
T3D,data/nt,29,width,widest-fit,LM,230,200,15.0000
T3D,data/nt,29,width,widest-fit,RM,230,200,15.0000
T3D,data/nt,29,width,widest-fit,TN,215,200,7.5000
T3D,data/nt,29,width,widest-fit,SN,232,200,16.0000
T3D,data/nt,29,width,widest-fit,MinD,232,200,16.0000
T3D,data/nt,29,width,widest-fit,MaxD,232,200,16.0000
T3D,data/nt,29,width,first-fit,LM,230,200,15.0000
T3D,data/nt,29,width,first-fit,RM,230,200,15.0000
T3D,data/nt,29,width,first-fit,TN,215,200,7.5000
T3D,data/nt,29,width,first-fit,SN,232,200,16.0000
T3D,data/nt,29,width,first-fit,MinD,232,200,16.0000
T3D,data/nt,29,width,first-fit,MaxD,232,200,16.0000
T3D,data/nt,29,width,tre,LM,230,200,15.0000
T3D,data/nt,29,width,tre,RM,230,200,15.0000
T3D,data/nt,29,width,tre,TN,215,200,7.5000
T3D,data/nt,29,width,tre,SN,232,200,16.0000
T3D,data/nt,29,width,tre,MinD,232,200,16.0000
T3D,data/nt,29,width,tre,MaxD,232,200,16.0000
T3D,data/nt,29,height,widest-fit,LM,230,200,15.0000
T3D,data/nt,29,height,widest-fit,RM,230,200,15.0000
T3D,data/nt,29,height,widest-fit,TN,215,200,7.5000
T3D,data/nt,29,height,widest-fit,SN,232,200,16.0000
T3D,data/nt,29,height,widest-fit,MinD,232,200,16.0000
T3D,data/nt,29,height,widest-fit,MaxD,232,200,16.0000
T3D,data/nt,29,height,first-fit,LM,261,200,30.5000
T3D,data/nt,29,height,first-fit,RM,261,200,30.5000
T3D,data/nt,29,height,first-fit,TN,301,200,50.5000
T3D,data/nt,29,height,first-fit,SN,301,200,50.5000
T3D,data/nt,29,height,first-fit,MinD,261,200,30.5000
T3D,data/nt,29,height,first-fit,MaxD,300,200,50.0000
T3D,data/nt,29,height,tre,LM,239,200,19.5000
T3D,data/nt,29,height,tre,RM,239,200,19.5000
T3D,data/nt,29,height,tre,TN,248,200,24.0000
T3D,data/nt,29,height,tre,SN,242,200,21.0000
T3D,data/nt,29,height,tre,MinD,281,200,40.5000
T3D,data/nt,29,height,tre,MaxD,242,200,21.0000
T3D,data/nt,29,area,widest-fit,LM,230,200,15.0000
T3D,data/nt,29,area,widest-fit,RM,230,200,15.0000
T3D,data/nt,29,area,widest-fit,TN,215,200,7.5000
T3D,data/nt,29,area,widest-fit,SN,232,200,16.0000
T3D,data/nt,29,area,widest-fit,MinD,232,200,16.0000
T3D,data/nt,29,area,widest-fit,MaxD,232,200,16.0000
T3D,data/nt,29,area,first-fit,LM,223,200,11.5000
T3D,data/nt,29,area,first-fit,RM,223,200,11.5000
T3D,data/nt,29,area,first-fit,TN,221,200,10.5000
T3D,data/nt,29,area,first-fit,SN,224,200,12.0000
T3D,data/nt,29,area,first-fit,MinD,220,200,10.0000
T3D,data/nt,29,area,first-fit,MaxD,215,200,7.5000
T3D,data/nt,29,area,tre,LM,237,200,18.5000
T3D,data/nt,29,area,tre,RM,237,200,18.5000
T3D,data/nt,29,area,tre,TN,231,200,15.5000
T3D,data/nt,29,area,tre,SN,236,200,18.0000
T3D,data/nt,29,area,tre,MinD,236,200,18.0000
T3D,data/nt,29,area,tre,MaxD,252,200,26.0000
T3E,data/nt,29,width,widest-fit,LM,218,200,9.0000
T3E,data/nt,29,width,widest-fit,RM,218,200,9.0000
T3E,data/nt,29,width,widest-fit,TN,241,200,20.5000
T3E,data/nt,29,width,widest-fit,SN,217,200,8.5000
T3E,data/nt,29,width,widest-fit,MinD,244,200,22.0000
T3E,data/nt,29,width,widest-fit,MaxD,219,200,9.5000
T3E,data/nt,29,width,first-fit,LM,218,200,9.0000
T3E,data/nt,29,width,first-fit,RM,218,200,9.0000
T3E,data/nt,29,width,first-fit,TN,241,200,20.5000
T3E,data/nt,29,width,first-fit,SN,217,200,8.5000
T3E,data/nt,29,width,first-fit,MinD,244,200,22.0000
T3E,data/nt,29,width,first-fit,MaxD,219,200,9.5000
T3E,data/nt,29,width,tre,LM,218,200,9.0000
T3E,data/nt,29,width,tre,RM,218,200,9.0000
T3E,data/nt,29,width,tre,TN,241,200,20.5000
T3E,data/nt,29,width,tre,SN,217,200,8.5000
T3E,data/nt,29,width,tre,MinD,244,200,22.0000
T3E,data/nt,29,width,tre,MaxD,219,200,9.5000
T3E,data/nt,29,height,widest-fit,LM,218,200,9.0000
T3E,data/nt,29,height,widest-fit,RM,218,200,9.0000
T3E,data/nt,29,height,widest-fit,TN,241,200,20.5000
T3E,data/nt,29,height,widest-fit,SN,217,200,8.5000
T3E,data/nt,29,height,widest-fit,MinD,244,200,22.0000
T3E,data/nt,29,height,widest-fit,MaxD,219,200,9.5000
T3E,data/nt,29,height,first-fit,LM,252,200,26.0000
T3E,data/nt,29,height,first-fit,RM,252,200,26.0000
T3E,data/nt,29,height,first-fit,TN,260,200,30.0000
T3E,data/nt,29,height,first-fit,SN,254,200,27.0000
T3E,data/nt,29,height,first-fit,MinD,237,200,18.5000
T3E,data/nt,29,height,first-fit,MaxD,252,200,26.0000
T3E,data/nt,29,height,tre,LM,245,200,22.5000
T3E,data/nt,29,height,tre,RM,253,200,26.5000
T3E,data/nt,29,height,tre,TN,253,200,26.5000
T3E,data/nt,29,height,tre,SN,253,200,26.5000
T3E,data/nt,29,height,tre,MinD,253,200,26.5000
T3E,data/nt,29,height,tre,MaxD,244,200,22.0000
T3E,data/nt,29,area,widest-fit,LM,218,200,9.0000
T3E,data/nt,29,area,widest-fit,RM,218,200,9.0000
T3E,data/nt,29,area,widest-fit,TN,241,200,20.5000
T3E,data/nt,29,area,widest-fit,SN,217,200,8.5000
T3E,data/nt,29,area,widest-fit,MinD,244,200,22.0000
T3E,data/nt,29,area,widest-fit,MaxD,219,200,9.5000
T3E,data/nt,29,area,first-fit,LM,234,200,17.0000
T3E,data/nt,29,area,first-fit,RM,234,200,17.0000
T3E,data/nt,29,area,first-fit,TN,233,200,16.5000
T3E,data/nt,29,area,first-fit,SN,234,200,17.0000
T3E,data/nt,29,area,first-fit,MinD,234,200,17.0000
T3E,data/nt,29,area,first-fit,MaxD,233,200,16.5000
T3E,data/nt,29,area,tre,LM,243,200,21.5000
T3E,data/nt,29,area,tre,RM,243,200,21.5000
T3E,data/nt,29,area,tre,TN,243,200,21.5000
T3E,data/nt,29,area,tre,SN,244,200,22.0000
T3E,data/nt,29,area,tre,MinD,252,200,26.0000
T3E,data/nt,29,area,tre,MaxD,243,200,21.5000
T4A,data/nt,49,width,widest-fit,LM,212,200,6.0000
T4A,data/nt,49,width,widest-fit,RM,218,200,9.0000
T4A,data/nt,49,width,widest-fit,TN,220,200,10.0000
T4A,data/nt,49,width,widest-fit,SN,220,200,10.0000
T4A,data/nt,49,width,widest-fit,MinD,224,200,12.0000
T4A,data/nt,49,width,widest-fit,MaxD,222,200,11.0000
T4A,data/nt,49,width,first-fit,LM,212,200,6.0000
T4A,data/nt,49,width,first-fit,RM,218,200,9.0000
T4A,data/nt,49,width,first-fit,TN,220,200,10.0000
T4A,data/nt,49,width,first-fit,SN,220,200,10.0000
T4A,data/nt,49,width,first-fit,MinD,224,200,12.0000
T4A,data/nt,49,width,first-fit,MaxD,222,200,11.0000
T4A,data/nt,49,width,tre,LM,212,200,6.0000
T4A,data/nt,49,width,tre,RM,218,200,9.0000
T4A,data/nt,49,width,tre,TN,220,200,10.0000
T4A,data/nt,49,width,tre,SN,220,200,10.0000
T4A,data/nt,49,width,tre,MinD,224,200,12.0000
T4A,data/nt,49,width,tre,MaxD,222,200,11.0000
T4A,data/nt,49,height,widest-fit,LM,212,200,6.0000
T4A,data/nt,49,height,widest-fit,RM,218,200,9.0000
T4A,data/nt,49,height,widest-fit,TN,220,200,10.0000
T4A,data/nt,49,height,widest-fit,SN,220,200,10.0000
T4A,data/nt,49,height,widest-fit,MinD,224,200,12.0000
T4A,data/nt,49,height,widest-fit,MaxD,222,200,11.0000
T4A,data/nt,49,height,first-fit,LM,236,200,18.0000
T4A,data/nt,49,height,first-fit,RM,246,200,23.0000
T4A,data/nt,49,height,first-fit,TN,250,200,25.0000
T4A,data/nt,49,height,first-fit,SN,232,200,16.0000
T4A,data/nt,49,height,first-fit,MinD,229,200,14.5000
T4A,data/nt,49,height,first-fit,MaxD,236,200,18.0000
T4A,data/nt,49,height,tre,LM,245,200,22.5000
T4A,data/nt,49,height,tre,RM,245,200,22.5000
T4A,data/nt,49,height,tre,TN,265,200,32.5000
T4A,data/nt,49,height,tre,SN,244,200,22.0000
T4A,data/nt,49,height,tre,MinD,265,200,32.5000
T4A,data/nt,49,height,tre,MaxD,244,200,22.0000
T4A,data/nt,49,area,widest-fit,LM,212,200,6.0000
T4A,data/nt,49,area,widest-fit,RM,218,200,9.0000
T4A,data/nt,49,area,widest-fit,TN,220,200,10.0000
T4A,data/nt,49,area,widest-fit,SN,220,200,10.0000
T4A,data/nt,49,area,widest-fit,MinD,224,200,12.0000
T4A,data/nt,49,area,widest-fit,MaxD,222,200,11.0000
T4A,data/nt,49,area,first-fit,LM,214,200,7.0000
T4A,data/nt,49,area,first-fit,RM,214,200,7.0000
T4A,data/nt,49,area,first-fit,TN,216,200,8.0000
T4A,data/nt,49,area,first-fit,SN,223,200,11.5000
T4A,data/nt,49,area,first-fit,MinD,221,200,10.5000
T4A,data/nt,49,area,first-fit,MaxD,225,200,12.5000
T4A,data/nt,49,area,tre,LM,214,200,7.0000
T4A,data/nt,49,area,tre,RM,220,200,10.0000
T4A,data/nt,49,area,tre,TN,218,200,9.0000
T4A,data/nt,49,area,tre,SN,221,200,10.5000
T4A,data/nt,49,area,tre,MinD,220,200,10.0000
T4A,data/nt,49,area,tre,MaxD,217,200,8.5000
T4B,data/nt,49,width,widest-fit,LM,224,200,12.0000
T4B,data/nt,49,width,widest-fit,RM,233,200,16.5000
T4B,data/nt,49,width,widest-fit,TN,211,200,5.5000
T4B,data/nt,49,width,widest-fit,SN,228,200,14.0000
T4B,data/nt,49,width,widest-fit,MinD,226,200,13.0000
T4B,data/nt,49,width,widest-fit,MaxD,220,200,10.0000
T4B,data/nt,49,width,first-fit,LM,224,200,12.0000
T4B,data/nt,49,width,first-fit,RM,233,200,16.5000
T4B,data/nt,49,width,first-fit,TN,211,200,5.5000
T4B,data/nt,49,width,first-fit,SN,228,200,14.0000
T4B,data/nt,49,width,first-fit,MinD,226,200,13.0000
T4B,data/nt,49,width,first-fit,MaxD,220,200,10.0000
T4B,data/nt,49,width,tre,LM,224,200,12.0000
T4B,data/nt,49,width,tre,RM,233,200,16.5000
T4B,data/nt,49,width,tre,TN,211,200,5.5000
T4B,data/nt,49,width,tre,SN,228,200,14.0000
T4B,data/nt,49,width,tre,MinD,226,200,13.0000
T4B,data/nt,49,width,tre,MaxD,220,200,10.0000
T4B,data/nt,49,height,widest-fit,LM,224,200,12.0000
T4B,data/nt,49,height,widest-fit,RM,233,200,16.5000
T4B,data/nt,49,height,widest-fit,TN,211,200,5.5000
T4B,data/nt,49,height,widest-fit,SN,228,200,14.0000
T4B,data/nt,49,height,widest-fit,MinD,226,200,13.0000
T4B,data/nt,49,height,widest-fit,MaxD,220,200,10.0000
T4B,data/nt,49,height,first-fit,LM,266,200,33.0000
T4B,data/nt,49,height,first-fit,RM,266,200,33.0000
T4B,data/nt,49,height,first-fit,TN,226,200,13.0000
T4B,data/nt,49,height,first-fit,SN,266,200,33.0000
T4B,data/nt,49,height,first-fit,MinD,266,200,33.0000
T4B,data/nt,49,height,first-fit,MaxD,266,200,33.0000
T4B,data/nt,49,height,tre,LM,264,200,32.0000
T4B,data/nt,49,height,tre,RM,264,200,32.0000
T4B,data/nt,49,height,tre,TN,246,200,23.0000
T4B,data/nt,49,height,tre,SN,264,200,32.0000
T4B,data/nt,49,height,tre,MinD,264,200,32.0000
T4B,data/nt,49,height,tre,MaxD,255,200,27.5000
T4B,data/nt,49,area,widest-fit,LM,224,200,12.0000
T4B,data/nt,49,area,widest-fit,RM,233,200,16.5000
T4B,data/nt,49,area,widest-fit,TN,211,200,5.5000
T4B,data/nt,49,area,widest-fit,SN,228,200,14.0000
T4B,data/nt,49,area,widest-fit,MinD,226,200,13.0000
T4B,data/nt,49,area,widest-fit,MaxD,220,200,10.0000
T4B,data/nt,49,area,first-fit,LM,223,200,11.5000
T4B,data/nt,49,area,first-fit,RM,223,200,11.5000
T4B,data/nt,49,area,first-fit,TN,217,200,8.5000
T4B,data/nt,49,area,first-fit,SN,225,200,12.5000
T4B,data/nt,49,area,first-fit,MinD,215,200,7.5000
T4B,data/nt,49,area,first-fit,MaxD,237,200,18.5000
T4B,data/nt,49,area,tre,LM,220,200,10.0000
T4B,data/nt,49,area,tre,RM,217,200,8.5000
T4B,data/nt,49,area,tre,TN,219,200,9.5000
T4B,data/nt,49,area,tre,SN,220,200,10.0000
T4B,data/nt,49,area,tre,MinD,225,200,12.5000
T4B,data/nt,49,area,tre,MaxD,228,200,14.0000
T4C,data/nt,49,width,widest-fit,LM,212,200,6.0000
T4C,data/nt,49,width,widest-fit,RM,212,200,6.0000
T4C,data/nt,49,width,widest-fit,TN,210,200,5.0000
T4C,data/nt,49,width,widest-fit,SN,220,200,10.0000
T4C,data/nt,49,width,widest-fit,MinD,208,200,4.0000
T4C,data/nt,49,width,widest-fit,MaxD,207,200,3.5000
T4C,data/nt,49,width,first-fit,LM,212,200,6.0000
T4C,data/nt,49,width,first-fit,RM,212,200,6.0000
T4C,data/nt,49,width,first-fit,TN,210,200,5.0000
T4C,data/nt,49,width,first-fit,SN,220,200,10.0000
T4C,data/nt,49,width,first-fit,MinD,208,200,4.0000
T4C,data/nt,49,width,first-fit,MaxD,207,200,3.5000
T4C,data/nt,49,width,tre,LM,212,200,6.0000
T4C,data/nt,49,width,tre,RM,212,200,6.0000
T4C,data/nt,49,width,tre,TN,210,200,5.0000
T4C,data/nt,49,width,tre,SN,220,200,10.0000
T4C,data/nt,49,width,tre,MinD,208,200,4.0000
T4C,data/nt,49,width,tre,MaxD,207,200,3.5000
T4C,data/nt,49,height,widest-fit,LM,212,200,6.0000
T4C,data/nt,49,height,widest-fit,RM,212,200,6.0000
T4C,data/nt,49,height,widest-fit,TN,210,200,5.0000
T4C,data/nt,49,height,widest-fit,SN,220,200,10.0000
T4C,data/nt,49,height,widest-fit,MinD,208,200,4.0000
T4C,data/nt,49,height,widest-fit,MaxD,207,200,3.5000
T4C,data/nt,49,height,first-fit,LM,236,200,18.0000
T4C,data/nt,49,height,first-fit,RM,222,200,11.0000
T4C,data/nt,49,height,first-fit,TN,235,200,17.5000
T4C,data/nt,49,height,first-fit,SN,232,200,16.0000
T4C,data/nt,49,height,first-fit,MinD,226,200,13.0000
T4C,data/nt,49,height,first-fit,MaxD,233,200,16.5000
T4C,data/nt,49,height,tre,LM,236,200,18.0000
T4C,data/nt,49,height,tre,RM,236,200,18.0000
T4C,data/nt,49,height,tre,TN,222,200,11.0000
T4C,data/nt,49,height,tre,SN,232,200,16.0000
T4C,data/nt,49,height,tre,MinD,232,200,16.0000
T4C,data/nt,49,height,tre,MaxD,228,200,14.0000
T4C,data/nt,49,area,widest-fit,LM,212,200,6.0000
T4C,data/nt,49,area,widest-fit,RM,212,200,6.0000
T4C,data/nt,49,area,widest-fit,TN,210,200,5.0000
T4C,data/nt,49,area,widest-fit,SN,220,200,10.0000
T4C,data/nt,49,area,widest-fit,MinD,208,200,4.0000
T4C,data/nt,49,area,widest-fit,MaxD,207,200,3.5000
T4C,data/nt,49,area,first-fit,LM,225,200,12.5000
T4C,data/nt,49,area,first-fit,RM,225,200,12.5000
T4C,data/nt,49,area,first-fit,TN,210,200,5.0000
T4C,data/nt,49,area,first-fit,SN,219,200,9.5000
T4C,data/nt,49,area,first-fit,MinD,215,200,7.5000
T4C,data/nt,49,area,first-fit,MaxD,217,200,8.5000
T4C,data/nt,49,area,tre,LM,216,200,8.0000
T4C,data/nt,49,area,tre,RM,216,200,8.0000
T4C,data/nt,49,area,tre,TN,223,200,11.5000
T4C,data/nt,49,area,tre,SN,216,200,8.0000
T4C,data/nt,49,area,tre,MinD,216,200,8.0000
T4C,data/nt,49,area,tre,MaxD,223,200,11.5000
T4D,data/nt,49,width,widest-fit,LM,246,200,23.0000
T4D,data/nt,49,width,widest-fit,RM,221,200,10.5000
T4D,data/nt,49,width,widest-fit,TN,219,200,9.5000
T4D,data/nt,49,width,widest-fit,SN,217,200,8.5000
T4D,data/nt,49,width,widest-fit,MinD,224,200,12.0000
T4D,data/nt,49,width,widest-fit,MaxD,214,200,7.0000
T4D,data/nt,49,width,first-fit,LM,246,200,23.0000
T4D,data/nt,49,width,first-fit,RM,221,200,10.5000
T4D,data/nt,49,width,first-fit,TN,219,200,9.5000
T4D,data/nt,49,width,first-fit,SN,217,200,8.5000
T4D,data/nt,49,width,first-fit,MinD,224,200,12.0000
T4D,data/nt,49,width,first-fit,MaxD,214,200,7.0000
T4D,data/nt,49,width,tre,LM,246,200,23.0000
T4D,data/nt,49,width,tre,RM,221,200,10.5000
T4D,data/nt,49,width,tre,TN,219,200,9.5000
T4D,data/nt,49,width,tre,SN,217,200,8.5000
T4D,data/nt,49,width,tre,MinD,224,200,12.0000
T4D,data/nt,49,width,tre,MaxD,214,200,7.0000
T4D,data/nt,49,height,widest-fit,LM,246,200,23.0000
T4D,data/nt,49,height,widest-fit,RM,221,200,10.5000
T4D,data/nt,49,height,widest-fit,TN,219,200,9.5000
T4D,data/nt,49,height,widest-fit,SN,217,200,8.5000
T4D,data/nt,49,height,widest-fit,MinD,224,200,12.0000
T4D,data/nt,49,height,widest-fit,MaxD,214,200,7.0000
T4D,data/nt,49,height,first-fit,LM,242,200,21.0000
T4D,data/nt,49,height,first-fit,RM,242,200,21.0000
T4D,data/nt,49,height,first-fit,TN,238,200,19.0000
T4D,data/nt,49,height,first-fit,SN,239,200,19.5000
T4D,data/nt,49,height,first-fit,MinD,241,200,20.5000
T4D,data/nt,49,height,first-fit,MaxD,248,200,24.0000
T4D,data/nt,49,height,tre,LM,237,200,18.5000
T4D,data/nt,49,height,tre,RM,237,200,18.5000
T4D,data/nt,49,height,tre,TN,244,200,22.0000
T4D,data/nt,49,height,tre,SN,237,200,18.5000
T4D,data/nt,49,height,tre,MinD,237,200,18.5000
T4D,data/nt,49,height,tre,MaxD,249,200,24.5000
T4D,data/nt,49,area,widest-fit,LM,246,200,23.0000
T4D,data/nt,49,area,widest-fit,RM,221,200,10.5000
T4D,data/nt,49,area,widest-fit,TN,219,200,9.5000
T4D,data/nt,49,area,widest-fit,SN,217,200,8.5000
T4D,data/nt,49,area,widest-fit,MinD,224,200,12.0000
T4D,data/nt,49,area,widest-fit,MaxD,214,200,7.0000
T4D,data/nt,49,area,first-fit,LM,214,200,7.0000
T4D,data/nt,49,area,first-fit,RM,214,200,7.0000
T4D,data/nt,49,area,first-fit,TN,213,200,6.5000
T4D,data/nt,49,area,first-fit,SN,221,200,10.5000
T4D,data/nt,49,area,first-fit,MinD,216,200,8.0000
T4D,data/nt,49,area,first-fit,MaxD,217,200,8.5000
T4D,data/nt,49,area,tre,LM,219,200,9.5000
T4D,data/nt,49,area,tre,RM,238,200,19.0000
T4D,data/nt,49,area,tre,TN,215,200,7.5000
T4D,data/nt,49,area,tre,SN,231,200,15.5000
T4D,data/nt,49,area,tre,MinD,238,200,19.0000
T4D,data/nt,49,area,tre,MaxD,219,200,9.5000
T4E,data/nt,49,width,widest-fit,LM,213,200,6.5000
T4E,data/nt,49,width,widest-fit,RM,218,200,9.0000
T4E,data/nt,49,width,widest-fit,TN,213,200,6.5000
T4E,data/nt,49,width,widest-fit,SN,217,200,8.5000
T4E,data/nt,49,width,widest-fit,MinD,219,200,9.5000
T4E,data/nt,49,width,widest-fit,MaxD,213,200,6.5000
T4E,data/nt,49,width,first-fit,LM,213,200,6.5000
T4E,data/nt,49,width,first-fit,RM,218,200,9.0000
T4E,data/nt,49,width,first-fit,TN,213,200,6.5000
T4E,data/nt,49,width,first-fit,SN,217,200,8.5000
T4E,data/nt,49,width,first-fit,MinD,219,200,9.5000
T4E,data/nt,49,width,first-fit,MaxD,213,200,6.5000
T4E,data/nt,49,width,tre,LM,213,200,6.5000
T4E,data/nt,49,width,tre,RM,218,200,9.0000
T4E,data/nt,49,width,tre,TN,213,200,6.5000
T4E,data/nt,49,width,tre,SN,217,200,8.5000
T4E,data/nt,49,width,tre,MinD,219,200,9.5000
T4E,data/nt,49,width,tre,MaxD,213,200,6.5000
T4E,data/nt,49,height,widest-fit,LM,213,200,6.5000
T4E,data/nt,49,height,widest-fit,RM,218,200,9.0000
T4E,data/nt,49,height,widest-fit,TN,213,200,6.5000
T4E,data/nt,49,height,widest-fit,SN,217,200,8.5000
T4E,data/nt,49,height,widest-fit,MinD,219,200,9.5000
T4E,data/nt,49,height,widest-fit,MaxD,213,200,6.5000
T4E,data/nt,49,height,first-fit,LM,264,200,32.0000
T4E,data/nt,49,height,first-fit,RM,257,200,28.5000
T4E,data/nt,49,height,first-fit,TN,251,200,25.5000
T4E,data/nt,49,height,first-fit,SN,283,200,41.5000
T4E,data/nt,49,height,first-fit,MinD,249,200,24.5000
T4E,data/nt,49,height,first-fit,MaxD,279,200,39.5000
T4E,data/nt,49,height,tre,LM,239,200,19.5000
T4E,data/nt,49,height,tre,RM,239,200,19.5000
T4E,data/nt,49,height,tre,TN,264,200,32.0000
T4E,data/nt,49,height,tre,SN,244,200,22.0000
T4E,data/nt,49,height,tre,MinD,257,200,28.5000
T4E,data/nt,49,height,tre,MaxD,253,200,26.5000
T4E,data/nt,49,area,widest-fit,LM,213,200,6.5000
T4E,data/nt,49,area,widest-fit,RM,218,200,9.0000
T4E,data/nt,49,area,widest-fit,TN,213,200,6.5000
T4E,data/nt,49,area,widest-fit,SN,217,200,8.5000
T4E,data/nt,49,area,widest-fit,MinD,219,200,9.5000
T4E,data/nt,49,area,widest-fit,MaxD,213,200,6.5000
T4E,data/nt,49,area,first-fit,LM,214,200,7.0000
T4E,data/nt,49,area,first-fit,RM,214,200,7.0000
T4E,data/nt,49,area,first-fit,TN,218,200,9.0000
T4E,data/nt,49,area,first-fit,SN,214,200,7.0000
T4E,data/nt,49,area,first-fit,MinD,218,200,9.0000
T4E,data/nt,49,area,first-fit,MaxD,218,200,9.0000
T4E,data/nt,49,area,tre,LM,213,200,6.5000
T4E,data/nt,49,area,tre,RM,213,200,6.5000
T4E,data/nt,49,area,tre,TN,218,200,9.0000
T4E,data/nt,49,area,tre,SN,213,200,6.5000
T4E,data/nt,49,area,tre,MinD,213,200,6.5000
T4E,data/nt,49,area,tre,MaxD,213,200,6.5000
T5A,data/nt,73,width,widest-fit,LM,218,200,9.0000
T5A,data/nt,73,width,widest-fit,RM,217,200,8.5000
T5A,data/nt,73,width,widest-fit,TN,218,200,9.0000
T5A,data/nt,73,width,widest-fit,SN,224,200,12.0000
T5A,data/nt,73,width,widest-fit,MinD,220,200,10.0000
T5A,data/nt,73,width,widest-fit,MaxD,209,200,4.5000
T5A,data/nt,73,width,first-fit,LM,218,200,9.0000
T5A,data/nt,73,width,first-fit,RM,217,200,8.5000
T5A,data/nt,73,width,first-fit,TN,218,200,9.0000
T5A,data/nt,73,width,first-fit,SN,224,200,12.0000
T5A,data/nt,73,width,first-fit,MinD,220,200,10.0000
T5A,data/nt,73,width,first-fit,MaxD,209,200,4.5000
T5A,data/nt,73,width,tre,LM,218,200,9.0000
T5A,data/nt,73,width,tre,RM,217,200,8.5000
T5A,data/nt,73,width,tre,TN,218,200,9.0000
T5A,data/nt,73,width,tre,SN,224,200,12.0000
T5A,data/nt,73,width,tre,MinD,220,200,10.0000
T5A,data/nt,73,width,tre,MaxD,209,200,4.5000
T5A,data/nt,73,height,widest-fit,LM,218,200,9.0000
T5A,data/nt,73,height,widest-fit,RM,217,200,8.5000
T5A,data/nt,73,height,widest-fit,TN,218,200,9.0000
T5A,data/nt,73,height,widest-fit,SN,224,200,12.0000
T5A,data/nt,73,height,widest-fit,MinD,220,200,10.0000
T5A,data/nt,73,height,widest-fit,MaxD,209,200,4.5000
T5A,data/nt,73,height,first-fit,LM,239,200,19.5000
T5A,data/nt,73,height,first-fit,RM,239,200,19.5000
T5A,data/nt,73,height,first-fit,TN,239,200,19.5000
T5A,data/nt,73,height,first-fit,SN,239,200,19.5000
T5A,data/nt,73,height,first-fit,MinD,238,200,19.0000
T5A,data/nt,73,height,first-fit,MaxD,239,200,19.5000
T5A,data/nt,73,height,tre,LM,241,200,20.5000
T5A,data/nt,73,height,tre,RM,241,200,20.5000
T5A,data/nt,73,height,tre,TN,247,200,23.5000
T5A,data/nt,73,height,tre,SN,239,200,19.5000
T5A,data/nt,73,height,tre,MinD,241,200,20.5000
T5A,data/nt,73,height,tre,MaxD,239,200,19.5000
T5A,data/nt,73,area,widest-fit,LM,218,200,9.0000
T5A,data/nt,73,area,widest-fit,RM,217,200,8.5000
T5A,data/nt,73,area,widest-fit,TN,218,200,9.0000
T5A,data/nt,73,area,widest-fit,SN,224,200,12.0000
T5A,data/nt,73,area,widest-fit,MinD,220,200,10.0000
T5A,data/nt,73,area,widest-fit,MaxD,209,200,4.5000
T5A,data/nt,73,area,first-fit,LM,218,200,9.0000
T5A,data/nt,73,area,first-fit,RM,218,200,9.0000
T5A,data/nt,73,area,first-fit,TN,214,200,7.0000
T5A,data/nt,73,area,first-fit,SN,214,200,7.0000
T5A,data/nt,73,area,first-fit,MinD,212,200,6.0000
T5A,data/nt,73,area,first-fit,MaxD,211,200,5.5000
T5A,data/nt,73,area,tre,LM,224,200,12.0000
T5A,data/nt,73,area,tre,RM,214,200,7.0000
T5A,data/nt,73,area,tre,TN,222,200,11.0000
T5A,data/nt,73,area,tre,SN,220,200,10.0000
T5A,data/nt,73,area,tre,MinD,220,200,10.0000
T5A,data/nt,73,area,tre,MaxD,213,200,6.5000
T5B,data/nt,73,width,widest-fit,LM,231,200,15.5000
T5B,data/nt,73,width,widest-fit,RM,221,200,10.5000
T5B,data/nt,73,width,widest-fit,TN,210,200,5.0000
T5B,data/nt,73,width,widest-fit,SN,224,200,12.0000
T5B,data/nt,73,width,widest-fit,MinD,212,200,6.0000
T5B,data/nt,73,width,widest-fit,MaxD,218,200,9.0000
T5B,data/nt,73,width,first-fit,LM,231,200,15.5000
T5B,data/nt,73,width,first-fit,RM,221,200,10.5000
T5B,data/nt,73,width,first-fit,TN,210,200,5.0000
T5B,data/nt,73,width,first-fit,SN,224,200,12.0000
T5B,data/nt,73,width,first-fit,MinD,212,200,6.0000
T5B,data/nt,73,width,first-fit,MaxD,218,200,9.0000
T5B,data/nt,73,width,tre,LM,231,200,15.5000
T5B,data/nt,73,width,tre,RM,221,200,10.5000
T5B,data/nt,73,width,tre,TN,210,200,5.0000
T5B,data/nt,73,width,tre,SN,224,200,12.0000
T5B,data/nt,73,width,tre,MinD,212,200,6.0000
T5B,data/nt,73,width,tre,MaxD,218,200,9.0000
T5B,data/nt,73,height,widest-fit,LM,231,200,15.5000
T5B,data/nt,73,height,widest-fit,RM,221,200,10.5000
T5B,data/nt,73,height,widest-fit,TN,210,200,5.0000
T5B,data/nt,73,height,widest-fit,SN,224,200,12.0000
T5B,data/nt,73,height,widest-fit,MinD,212,200,6.0000
T5B,data/nt,73,height,widest-fit,MaxD,218,200,9.0000
T5B,data/nt,73,height,first-fit,LM,242,200,21.0000
T5B,data/nt,73,height,first-fit,RM,236,200,18.0000
T5B,data/nt,73,height,first-fit,TN,221,200,10.5000
T5B,data/nt,73,height,first-fit,SN,242,200,21.0000
T5B,data/nt,73,height,first-fit,MinD,221,200,10.5000
T5B,data/nt,73,height,first-fit,MaxD,245,200,22.5000
T5B,data/nt,73,height,tre,LM,225,200,12.5000
T5B,data/nt,73,height,tre,RM,225,200,12.5000
T5B,data/nt,73,height,tre,TN,226,200,13.0000
T5B,data/nt,73,height,tre,SN,239,200,19.5000
T5B,data/nt,73,height,tre,MinD,231,200,15.5000
T5B,data/nt,73,height,tre,MaxD,232,200,16.0000
T5B,data/nt,73,area,widest-fit,LM,231,200,15.5000
T5B,data/nt,73,area,widest-fit,RM,221,200,10.5000
T5B,data/nt,73,area,widest-fit,TN,210,200,5.0000
T5B,data/nt,73,area,widest-fit,SN,224,200,12.0000
T5B,data/nt,73,area,widest-fit,MinD,212,200,6.0000
T5B,data/nt,73,area,widest-fit,MaxD,218,200,9.0000
T5B,data/nt,73,area,first-fit,LM,212,200,6.0000
T5B,data/nt,73,area,first-fit,RM,217,200,8.5000
T5B,data/nt,73,area,first-fit,TN,214,200,7.0000
T5B,data/nt,73,area,first-fit,SN,221,200,10.5000
T5B,data/nt,73,area,first-fit,MinD,223,200,11.5000
T5B,data/nt,73,area,first-fit,MaxD,223,200,11.5000
T5B,data/nt,73,area,tre,LM,219,200,9.5000
T5B,data/nt,73,area,tre,RM,219,200,9.5000
T5B,data/nt,73,area,tre,TN,216,200,8.0000
T5B,data/nt,73,area,tre,SN,231,200,15.5000
T5B,data/nt,73,area,tre,MinD,220,200,10.0000
T5B,data/nt,73,area,tre,MaxD,220,200,10.0000
T5C,data/nt,73,width,widest-fit,LM,213,200,6.5000
T5C,data/nt,73,width,widest-fit,RM,213,200,6.5000
T5C,data/nt,73,width,widest-fit,TN,213,200,6.5000
T5C,data/nt,73,width,widest-fit,SN,218,200,9.0000
T5C,data/nt,73,width,widest-fit,MinD,222,200,11.0000
T5C,data/nt,73,width,widest-fit,MaxD,228,200,14.0000
T5C,data/nt,73,width,first-fit,LM,213,200,6.5000
T5C,data/nt,73,width,first-fit,RM,213,200,6.5000
T5C,data/nt,73,width,first-fit,TN,213,200,6.5000
T5C,data/nt,73,width,first-fit,SN,218,200,9.0000
T5C,data/nt,73,width,first-fit,MinD,222,200,11.0000
T5C,data/nt,73,width,first-fit,MaxD,228,200,14.0000
T5C,data/nt,73,width,tre,LM,213,200,6.5000
T5C,data/nt,73,width,tre,RM,213,200,6.5000
T5C,data/nt,73,width,tre,TN,213,200,6.5000
T5C,data/nt,73,width,tre,SN,218,200,9.0000
T5C,data/nt,73,width,tre,MinD,222,200,11.0000
T5C,data/nt,73,width,tre,MaxD,228,200,14.0000
T5C,data/nt,73,height,widest-fit,LM,213,200,6.5000
T5C,data/nt,73,height,widest-fit,RM,213,200,6.5000
T5C,data/nt,73,height,widest-fit,TN,213,200,6.5000
T5C,data/nt,73,height,widest-fit,SN,218,200,9.0000
T5C,data/nt,73,height,widest-fit,MinD,222,200,11.0000
T5C,data/nt,73,height,widest-fit,MaxD,228,200,14.0000
T5C,data/nt,73,height,first-fit,LM,224,200,12.0000
T5C,data/nt,73,height,first-fit,RM,225,200,12.5000
T5C,data/nt,73,height,first-fit,TN,221,200,10.5000
T5C,data/nt,73,height,first-fit,SN,226,200,13.0000
T5C,data/nt,73,height,first-fit,MinD,226,200,13.0000
T5C,data/nt,73,height,first-fit,MaxD,222,200,11.0000
T5C,data/nt,73,height,tre,LM,234,200,17.0000
T5C,data/nt,73,height,tre,RM,234,200,17.0000
T5C,data/nt,73,height,tre,TN,244,200,22.0000
T5C,data/nt,73,height,tre,SN,244,200,22.0000
T5C,data/nt,73,height,tre,MinD,244,200,22.0000
T5C,data/nt,73,height,tre,MaxD,240,200,20.0000
T5C,data/nt,73,area,widest-fit,LM,213,200,6.5000
T5C,data/nt,73,area,widest-fit,RM,213,200,6.5000
T5C,data/nt,73,area,widest-fit,TN,213,200,6.5000
T5C,data/nt,73,area,widest-fit,SN,218,200,9.0000
T5C,data/nt,73,area,widest-fit,MinD,222,200,11.0000
T5C,data/nt,73,area,widest-fit,MaxD,228,200,14.0000
T5C,data/nt,73,area,first-fit,LM,215,200,7.5000
T5C,data/nt,73,area,first-fit,RM,218,200,9.0000
T5C,data/nt,73,area,first-fit,TN,217,200,8.5000
T5C,data/nt,73,area,first-fit,SN,218,200,9.0000
T5C,data/nt,73,area,first-fit,MinD,215,200,7.5000
T5C,data/nt,73,area,first-fit,MaxD,219,200,9.5000
T5C,data/nt,73,area,tre,LM,220,200,10.0000
T5C,data/nt,73,area,tre,RM,229,200,14.5000
T5C,data/nt,73,area,tre,TN,217,200,8.5000
T5C,data/nt,73,area,tre,SN,219,200,9.5000
T5C,data/nt,73,area,tre,MinD,225,200,12.5000
T5C,data/nt,73,area,tre,MaxD,215,200,7.5000
T5D,data/nt,73,width,widest-fit,LM,217,200,8.5000
T5D,data/nt,73,width,widest-fit,RM,217,200,8.5000
T5D,data/nt,73,width,widest-fit,TN,218,200,9.0000
T5D,data/nt,73,width,widest-fit,SN,222,200,11.0000
T5D,data/nt,73,width,widest-fit,MinD,218,200,9.0000
T5D,data/nt,73,width,widest-fit,MaxD,224,200,12.0000
T5D,data/nt,73,width,first-fit,LM,217,200,8.5000
T5D,data/nt,73,width,first-fit,RM,217,200,8.5000
T5D,data/nt,73,width,first-fit,TN,218,200,9.0000
T5D,data/nt,73,width,first-fit,SN,222,200,11.0000
T5D,data/nt,73,width,first-fit,MinD,218,200,9.0000
T5D,data/nt,73,width,first-fit,MaxD,224,200,12.0000
T5D,data/nt,73,width,tre,LM,217,200,8.5000
T5D,data/nt,73,width,tre,RM,217,200,8.5000
T5D,data/nt,73,width,tre,TN,218,200,9.0000
T5D,data/nt,73,width,tre,SN,222,200,11.0000
T5D,data/nt,73,width,tre,MinD,218,200,9.0000
T5D,data/nt,73,width,tre,MaxD,224,200,12.0000
T5D,data/nt,73,height,widest-fit,LM,217,200,8.5000
T5D,data/nt,73,height,widest-fit,RM,217,200,8.5000
T5D,data/nt,73,height,widest-fit,TN,218,200,9.0000
T5D,data/nt,73,height,widest-fit,SN,222,200,11.0000
T5D,data/nt,73,height,widest-fit,MinD,218,200,9.0000
T5D,data/nt,73,height,widest-fit,MaxD,224,200,12.0000
T5D,data/nt,73,height,first-fit,LM,231,200,15.5000
T5D,data/nt,73,height,first-fit,RM,231,200,15.5000
T5D,data/nt,73,height,first-fit,TN,234,200,17.0000
T5D,data/nt,73,height,first-fit,SN,240,200,20.0000
T5D,data/nt,73,height,first-fit,MinD,231,200,15.5000
T5D,data/nt,73,height,first-fit,MaxD,240,200,20.0000
T5D,data/nt,73,height,tre,LM,232,200,16.0000
T5D,data/nt,73,height,tre,RM,221,200,10.5000
T5D,data/nt,73,height,tre,TN,234,200,17.0000
T5D,data/nt,73,height,tre,SN,247,200,23.5000
T5D,data/nt,73,height,tre,MinD,232,200,16.0000
T5D,data/nt,73,height,tre,MaxD,241,200,20.5000
T5D,data/nt,73,area,widest-fit,LM,217,200,8.5000
T5D,data/nt,73,area,widest-fit,RM,217,200,8.5000
T5D,data/nt,73,area,widest-fit,TN,218,200,9.0000
T5D,data/nt,73,area,widest-fit,SN,222,200,11.0000
T5D,data/nt,73,area,widest-fit,MinD,218,200,9.0000
T5D,data/nt,73,area,widest-fit,MaxD,224,200,12.0000
T5D,data/nt,73,area,first-fit,LM,214,200,7.0000
T5D,data/nt,73,area,first-fit,RM,214,200,7.0000
T5D,data/nt,73,area,first-fit,TN,215,200,7.5000
T5D,data/nt,73,area,first-fit,SN,221,200,10.5000
T5D,data/nt,73,area,first-fit,MinD,216,200,8.0000
T5D,data/nt,73,area,first-fit,MaxD,218,200,9.0000
T5D,data/nt,73,area,tre,LM,216,200,8.0000
T5D,data/nt,73,area,tre,RM,213,200,6.5000
T5D,data/nt,73,area,tre,TN,215,200,7.5000
T5D,data/nt,73,area,tre,SN,221,200,10.5000
T5D,data/nt,73,area,tre,MinD,222,200,11.0000
T5D,data/nt,73,area,tre,MaxD,225,200,12.5000
T5E,data/nt,73,width,widest-fit,LM,215,200,7.5000
T5E,data/nt,73,width,widest-fit,RM,215,200,7.5000
T5E,data/nt,73,width,widest-fit,TN,207,200,3.5000
T5E,data/nt,73,width,widest-fit,SN,212,200,6.0000
T5E,data/nt,73,width,widest-fit,MinD,215,200,7.5000
T5E,data/nt,73,width,widest-fit,MaxD,208,200,4.0000
T5E,data/nt,73,width,first-fit,LM,215,200,7.5000
T5E,data/nt,73,width,first-fit,RM,215,200,7.5000
T5E,data/nt,73,width,first-fit,TN,207,200,3.5000
T5E,data/nt,73,width,first-fit,SN,212,200,6.0000
T5E,data/nt,73,width,first-fit,MinD,215,200,7.5000
T5E,data/nt,73,width,first-fit,MaxD,208,200,4.0000
T5E,data/nt,73,width,tre,LM,215,200,7.5000
T5E,data/nt,73,width,tre,RM,215,200,7.5000
T5E,data/nt,73,width,tre,TN,207,200,3.5000
T5E,data/nt,73,width,tre,SN,212,200,6.0000
T5E,data/nt,73,width,tre,MinD,215,200,7.5000
T5E,data/nt,73,width,tre,MaxD,208,200,4.0000
T5E,data/nt,73,height,widest-fit,LM,215,200,7.5000
T5E,data/nt,73,height,widest-fit,RM,215,200,7.5000
T5E,data/nt,73,height,widest-fit,TN,207,200,3.5000
T5E,data/nt,73,height,widest-fit,SN,212,200,6.0000
T5E,data/nt,73,height,widest-fit,MinD,215,200,7.5000
T5E,data/nt,73,height,widest-fit,MaxD,208,200,4.0000
T5E,data/nt,73,height,first-fit,LM,226,200,13.0000
T5E,data/nt,73,height,first-fit,RM,228,200,14.0000
T5E,data/nt,73,height,first-fit,TN,224,200,12.0000
T5E,data/nt,73,height,first-fit,SN,241,200,20.5000
T5E,data/nt,73,height,first-fit,MinD,237,200,18.5000
T5E,data/nt,73,height,first-fit,MaxD,238,200,19.0000
T5E,data/nt,73,height,tre,LM,229,200,14.5000
T5E,data/nt,73,height,tre,RM,229,200,14.5000
T5E,data/nt,73,height,tre,TN,227,200,13.5000
T5E,data/nt,73,height,tre,SN,236,200,18.0000
T5E,data/nt,73,height,tre,MinD,236,200,18.0000
T5E,data/nt,73,height,tre,MaxD,234,200,17.0000
T5E,data/nt,73,area,widest-fit,LM,215,200,7.5000
T5E,data/nt,73,area,widest-fit,RM,215,200,7.5000
T5E,data/nt,73,area,widest-fit,TN,207,200,3.5000
T5E,data/nt,73,area,widest-fit,SN,212,200,6.0000
T5E,data/nt,73,area,widest-fit,MinD,215,200,7.5000
T5E,data/nt,73,area,widest-fit,MaxD,208,200,4.0000
T5E,data/nt,73,area,first-fit,LM,213,200,6.5000
T5E,data/nt,73,area,first-fit,RM,215,200,7.5000
T5E,data/nt,73,area,first-fit,TN,212,200,6.0000
T5E,data/nt,73,area,first-fit,SN,214,200,7.0000
T5E,data/nt,73,area,first-fit,MinD,210,200,5.0000
T5E,data/nt,73,area,first-fit,MaxD,211,200,5.5000
T5E,data/nt,73,area,tre,LM,211,200,5.5000
T5E,data/nt,73,area,tre,RM,211,200,5.5000
T5E,data/nt,73,area,tre,TN,212,200,6.0000
T5E,data/nt,73,area,tre,SN,212,200,6.0000
T5E,data/nt,73,area,tre,MinD,214,200,7.0000
T5E,data/nt,73,area,tre,MaxD,209,200,4.5000
T6A,data/nt,97,width,widest-fit,LM,210,200,5.0000
T6A,data/nt,97,width,widest-fit,RM,207,200,3.5000
T6A,data/nt,97,width,widest-fit,TN,208,200,4.0000
T6A,data/nt,97,width,widest-fit,SN,212,200,6.0000
T6A,data/nt,97,width,widest-fit,MinD,214,200,7.0000
T6A,data/nt,97,width,widest-fit,MaxD,209,200,4.5000
T6A,data/nt,97,width,first-fit,LM,210,200,5.0000
T6A,data/nt,97,width,first-fit,RM,207,200,3.5000
T6A,data/nt,97,width,first-fit,TN,208,200,4.0000
T6A,data/nt,97,width,first-fit,SN,212,200,6.0000
T6A,data/nt,97,width,first-fit,MinD,214,200,7.0000
T6A,data/nt,97,width,first-fit,MaxD,209,200,4.5000
T6A,data/nt,97,width,tre,LM,210,200,5.0000
T6A,data/nt,97,width,tre,RM,207,200,3.5000
T6A,data/nt,97,width,tre,TN,208,200,4.0000
T6A,data/nt,97,width,tre,SN,212,200,6.0000
T6A,data/nt,97,width,tre,MinD,214,200,7.0000
T6A,data/nt,97,width,tre,MaxD,209,200,4.5000
T6A,data/nt,97,height,widest-fit,LM,210,200,5.0000
T6A,data/nt,97,height,widest-fit,RM,207,200,3.5000
T6A,data/nt,97,height,widest-fit,TN,208,200,4.0000
T6A,data/nt,97,height,widest-fit,SN,212,200,6.0000
T6A,data/nt,97,height,widest-fit,MinD,214,200,7.0000
T6A,data/nt,97,height,widest-fit,MaxD,209,200,4.5000
T6A,data/nt,97,height,first-fit,LM,224,200,12.0000
T6A,data/nt,97,height,first-fit,RM,227,200,13.5000
T6A,data/nt,97,height,first-fit,TN,220,200,10.0000
T6A,data/nt,97,height,first-fit,SN,229,200,14.5000
T6A,data/nt,97,height,first-fit,MinD,227,200,13.5000
T6A,data/nt,97,height,first-fit,MaxD,222,200,11.0000
T6A,data/nt,97,height,tre,LM,230,200,15.0000
T6A,data/nt,97,height,tre,RM,241,200,20.5000
T6A,data/nt,97,height,tre,TN,219,200,9.5000
T6A,data/nt,97,height,tre,SN,231,200,15.5000
T6A,data/nt,97,height,tre,MinD,230,200,15.0000
T6A,data/nt,97,height,tre,MaxD,225,200,12.5000
T6A,data/nt,97,area,widest-fit,LM,210,200,5.0000
T6A,data/nt,97,area,widest-fit,RM,207,200,3.5000
T6A,data/nt,97,area,widest-fit,TN,208,200,4.0000
T6A,data/nt,97,area,widest-fit,SN,212,200,6.0000
T6A,data/nt,97,area,widest-fit,MinD,214,200,7.0000
T6A,data/nt,97,area,widest-fit,MaxD,209,200,4.5000
T6A,data/nt,97,area,first-fit,LM,213,200,6.5000
T6A,data/nt,97,area,first-fit,RM,209,200,4.5000
T6A,data/nt,97,area,first-fit,TN,213,200,6.5000
T6A,data/nt,97,area,first-fit,SN,216,200,8.0000
T6A,data/nt,97,area,first-fit,MinD,212,200,6.0000
T6A,data/nt,97,area,first-fit,MaxD,216,200,8.0000
T6A,data/nt,97,area,tre,LM,216,200,8.0000
T6A,data/nt,97,area,tre,RM,216,200,8.0000
T6A,data/nt,97,area,tre,TN,217,200,8.5000
T6A,data/nt,97,area,tre,SN,223,200,11.5000
T6A,data/nt,97,area,tre,MinD,219,200,9.5000
T6A,data/nt,97,area,tre,MaxD,215,200,7.5000
T6B,data/nt,97,width,widest-fit,LM,220,200,10.0000
T6B,data/nt,97,width,widest-fit,RM,219,200,9.5000
T6B,data/nt,97,width,widest-fit,TN,213,200,6.5000
T6B,data/nt,97,width,widest-fit,SN,215,200,7.5000
T6B,data/nt,97,width,widest-fit,MinD,214,200,7.0000
T6B,data/nt,97,width,widest-fit,MaxD,209,200,4.5000
T6B,data/nt,97,width,first-fit,LM,220,200,10.0000
T6B,data/nt,97,width,first-fit,RM,219,200,9.5000
T6B,data/nt,97,width,first-fit,TN,213,200,6.5000
T6B,data/nt,97,width,first-fit,SN,215,200,7.5000
T6B,data/nt,97,width,first-fit,MinD,214,200,7.0000
T6B,data/nt,97,width,first-fit,MaxD,209,200,4.5000
T6B,data/nt,97,width,tre,LM,220,200,10.0000
T6B,data/nt,97,width,tre,RM,219,200,9.5000
T6B,data/nt,97,width,tre,TN,213,200,6.5000
T6B,data/nt,97,width,tre,SN,215,200,7.5000
T6B,data/nt,97,width,tre,MinD,214,200,7.0000
T6B,data/nt,97,width,tre,MaxD,209,200,4.5000
T6B,data/nt,97,height,widest-fit,LM,220,200,10.0000
T6B,data/nt,97,height,widest-fit,RM,219,200,9.5000
T6B,data/nt,97,height,widest-fit,TN,213,200,6.5000
T6B,data/nt,97,height,widest-fit,SN,215,200,7.5000
T6B,data/nt,97,height,widest-fit,MinD,214,200,7.0000
T6B,data/nt,97,height,widest-fit,MaxD,209,200,4.5000
T6B,data/nt,97,height,first-fit,LM,217,200,8.5000
T6B,data/nt,97,height,first-fit,RM,216,200,8.0000
T6B,data/nt,97,height,first-fit,TN,225,200,12.5000
T6B,data/nt,97,height,first-fit,SN,220,200,10.0000
T6B,data/nt,97,height,first-fit,MinD,219,200,9.5000
T6B,data/nt,97,height,first-fit,MaxD,216,200,8.0000
T6B,data/nt,97,height,tre,LM,232,200,16.0000
T6B,data/nt,97,height,tre,RM,232,200,16.0000
T6B,data/nt,97,height,tre,TN,238,200,19.0000
T6B,data/nt,97,height,tre,SN,223,200,11.5000
T6B,data/nt,97,height,tre,MinD,232,200,16.0000
T6B,data/nt,97,height,tre,MaxD,243,200,21.5000
T6B,data/nt,97,area,widest-fit,LM,220,200,10.0000
T6B,data/nt,97,area,widest-fit,RM,219,200,9.5000
T6B,data/nt,97,area,widest-fit,TN,213,200,6.5000
T6B,data/nt,97,area,widest-fit,SN,215,200,7.5000
T6B,data/nt,97,area,widest-fit,MinD,214,200,7.0000
T6B,data/nt,97,area,widest-fit,MaxD,209,200,4.5000
T6B,data/nt,97,area,first-fit,LM,210,200,5.0000
T6B,data/nt,97,area,first-fit,RM,210,200,5.0000
T6B,data/nt,97,area,first-fit,TN,210,200,5.0000
T6B,data/nt,97,area,first-fit,SN,214,200,7.0000
T6B,data/nt,97,area,first-fit,MinD,212,200,6.0000
T6B,data/nt,97,area,first-fit,MaxD,214,200,7.0000
T6B,data/nt,97,area,tre,LM,220,200,10.0000
T6B,data/nt,97,area,tre,RM,227,200,13.5000
T6B,data/nt,97,area,tre,TN,222,200,11.0000
T6B,data/nt,97,area,tre,SN,219,200,9.5000
T6B,data/nt,97,area,tre,MinD,212,200,6.0000
T6B,data/nt,97,area,tre,MaxD,209,200,4.5000
T6C,data/nt,97,width,widest-fit,LM,217,200,8.5000
T6C,data/nt,97,width,widest-fit,RM,217,200,8.5000
T6C,data/nt,97,width,widest-fit,TN,212,200,6.0000
T6C,data/nt,97,width,widest-fit,SN,213,200,6.5000
T6C,data/nt,97,width,widest-fit,MinD,217,200,8.5000
T6C,data/nt,97,width,widest-fit,MaxD,217,200,8.5000
T6C,data/nt,97,width,first-fit,LM,217,200,8.5000
T6C,data/nt,97,width,first-fit,RM,217,200,8.5000
T6C,data/nt,97,width,first-fit,TN,212,200,6.0000
T6C,data/nt,97,width,first-fit,SN,213,200,6.5000
T6C,data/nt,97,width,first-fit,MinD,217,200,8.5000
T6C,data/nt,97,width,first-fit,MaxD,217,200,8.5000
T6C,data/nt,97,width,tre,LM,217,200,8.5000
T6C,data/nt,97,width,tre,RM,217,200,8.5000
T6C,data/nt,97,width,tre,TN,212,200,6.0000
T6C,data/nt,97,width,tre,SN,213,200,6.5000
T6C,data/nt,97,width,tre,MinD,217,200,8.5000
T6C,data/nt,97,width,tre,MaxD,217,200,8.5000
T6C,data/nt,97,height,widest-fit,LM,217,200,8.5000
T6C,data/nt,97,height,widest-fit,RM,217,200,8.5000
T6C,data/nt,97,height,widest-fit,TN,212,200,6.0000
T6C,data/nt,97,height,widest-fit,SN,213,200,6.5000
T6C,data/nt,97,height,widest-fit,MinD,217,200,8.5000
T6C,data/nt,97,height,widest-fit,MaxD,217,200,8.5000
T6C,data/nt,97,height,first-fit,LM,235,200,17.5000
T6C,data/nt,97,height,first-fit,RM,236,200,18.0000
T6C,data/nt,97,height,first-fit,TN,224,200,12.0000
T6C,data/nt,97,height,first-fit,SN,236,200,18.0000
T6C,data/nt,97,height,first-fit,MinD,236,200,18.0000
T6C,data/nt,97,height,first-fit,MaxD,224,200,12.0000
T6C,data/nt,97,height,tre,LM,216,200,8.0000
T6C,data/nt,97,height,tre,RM,238,200,19.0000
T6C,data/nt,97,height,tre,TN,226,200,13.0000
T6C,data/nt,97,height,tre,SN,222,200,11.0000
T6C,data/nt,97,height,tre,MinD,228,200,14.0000
T6C,data/nt,97,height,tre,MaxD,230,200,15.0000
T6C,data/nt,97,area,widest-fit,LM,217,200,8.5000
T6C,data/nt,97,area,widest-fit,RM,217,200,8.5000
T6C,data/nt,97,area,widest-fit,TN,212,200,6.0000
T6C,data/nt,97,area,widest-fit,SN,213,200,6.5000
T6C,data/nt,97,area,widest-fit,MinD,217,200,8.5000
T6C,data/nt,97,area,widest-fit,MaxD,217,200,8.5000
T6C,data/nt,97,area,first-fit,LM,224,200,12.0000
T6C,data/nt,97,area,first-fit,RM,223,200,11.5000
T6C,data/nt,97,area,first-fit,TN,218,200,9.0000
T6C,data/nt,97,area,first-fit,SN,220,200,10.0000
T6C,data/nt,97,area,first-fit,MinD,223,200,11.5000
T6C,data/nt,97,area,first-fit,MaxD,218,200,9.0000
T6C,data/nt,97,area,tre,LM,212,200,6.0000
T6C,data/nt,97,area,tre,RM,220,200,10.0000
T6C,data/nt,97,area,tre,TN,216,200,8.0000
T6C,data/nt,97,area,tre,SN,211,200,5.5000
T6C,data/nt,97,area,tre,MinD,216,200,8.0000
T6C,data/nt,97,area,tre,MaxD,211,200,5.5000
T6D,data/nt,97,width,widest-fit,LM,215,200,7.5000
T6D,data/nt,97,width,widest-fit,RM,210,200,5.0000
T6D,data/nt,97,width,widest-fit,TN,213,200,6.5000
T6D,data/nt,97,width,widest-fit,SN,211,200,5.5000
T6D,data/nt,97,width,widest-fit,MinD,214,200,7.0000
T6D,data/nt,97,width,widest-fit,MaxD,217,200,8.5000
T6D,data/nt,97,width,first-fit,LM,215,200,7.5000
T6D,data/nt,97,width,first-fit,RM,210,200,5.0000
T6D,data/nt,97,width,first-fit,TN,213,200,6.5000
T6D,data/nt,97,width,first-fit,SN,211,200,5.5000
T6D,data/nt,97,width,first-fit,MinD,214,200,7.0000
T6D,data/nt,97,width,first-fit,MaxD,217,200,8.5000
T6D,data/nt,97,width,tre,LM,215,200,7.5000
T6D,data/nt,97,width,tre,RM,210,200,5.0000
T6D,data/nt,97,width,tre,TN,213,200,6.5000
T6D,data/nt,97,width,tre,SN,211,200,5.5000
T6D,data/nt,97,width,tre,MinD,214,200,7.0000
T6D,data/nt,97,width,tre,MaxD,217,200,8.5000
T6D,data/nt,97,height,widest-fit,LM,215,200,7.5000
T6D,data/nt,97,height,widest-fit,RM,210,200,5.0000
T6D,data/nt,97,height,widest-fit,TN,213,200,6.5000
T6D,data/nt,97,height,widest-fit,SN,211,200,5.5000
T6D,data/nt,97,height,widest-fit,MinD,214,200,7.0000
T6D,data/nt,97,height,widest-fit,MaxD,217,200,8.5000
T6D,data/nt,97,height,first-fit,LM,226,200,13.0000
T6D,data/nt,97,height,first-fit,RM,226,200,13.0000
T6D,data/nt,97,height,first-fit,TN,223,200,11.5000
T6D,data/nt,97,height,first-fit,SN,226,200,13.0000
T6D,data/nt,97,height,first-fit,MinD,226,200,13.0000
T6D,data/nt,97,height,first-fit,MaxD,225,200,12.5000
T6D,data/nt,97,height,tre,LM,241,200,20.5000
T6D,data/nt,97,height,tre,RM,245,200,22.5000
T6D,data/nt,97,height,tre,TN,245,200,22.5000
T6D,data/nt,97,height,tre,SN,253,200,26.5000
T6D,data/nt,97,height,tre,MinD,245,200,22.5000
T6D,data/nt,97,height,tre,MaxD,248,200,24.0000
T6D,data/nt,97,area,widest-fit,LM,215,200,7.5000
T6D,data/nt,97,area,widest-fit,RM,210,200,5.0000
T6D,data/nt,97,area,widest-fit,TN,213,200,6.5000
T6D,data/nt,97,area,widest-fit,SN,211,200,5.5000
T6D,data/nt,97,area,widest-fit,MinD,214,200,7.0000
T6D,data/nt,97,area,widest-fit,MaxD,217,200,8.5000
T6D,data/nt,97,area,first-fit,LM,211,200,5.5000
T6D,data/nt,97,area,first-fit,RM,218,200,9.0000
T6D,data/nt,97,area,first-fit,TN,210,200,5.0000
T6D,data/nt,97,area,first-fit,SN,213,200,6.5000
T6D,data/nt,97,area,first-fit,MinD,221,200,10.5000
T6D,data/nt,97,area,first-fit,MaxD,211,200,5.5000
T6D,data/nt,97,area,tre,LM,214,200,7.0000
T6D,data/nt,97,area,tre,RM,220,200,10.0000
T6D,data/nt,97,area,tre,TN,208,200,4.0000
T6D,data/nt,97,area,tre,SN,213,200,6.5000
T6D,data/nt,97,area,tre,MinD,216,200,8.0000
T6D,data/nt,97,area,tre,MaxD,220,200,10.0000
T6E,data/nt,97,width,widest-fit,LM,210,200,5.0000
T6E,data/nt,97,width,widest-fit,RM,215,200,7.5000
T6E,data/nt,97,width,widest-fit,TN,209,200,4.5000
T6E,data/nt,97,width,widest-fit,SN,209,200,4.5000
T6E,data/nt,97,width,widest-fit,MinD,205,200,2.5000
T6E,data/nt,97,width,widest-fit,MaxD,206,200,3.0000
T6E,data/nt,97,width,first-fit,LM,210,200,5.0000
T6E,data/nt,97,width,first-fit,RM,215,200,7.5000
T6E,data/nt,97,width,first-fit,TN,209,200,4.5000
T6E,data/nt,97,width,first-fit,SN,209,200,4.5000
T6E,data/nt,97,width,first-fit,MinD,205,200,2.5000
T6E,data/nt,97,width,first-fit,MaxD,206,200,3.0000
T6E,data/nt,97,width,tre,LM,210,200,5.0000
T6E,data/nt,97,width,tre,RM,215,200,7.5000
T6E,data/nt,97,width,tre,TN,209,200,4.5000
T6E,data/nt,97,width,tre,SN,209,200,4.5000
T6E,data/nt,97,width,tre,MinD,205,200,2.5000
T6E,data/nt,97,width,tre,MaxD,206,200,3.0000
T6E,data/nt,97,height,widest-fit,LM,210,200,5.0000
T6E,data/nt,97,height,widest-fit,RM,215,200,7.5000
T6E,data/nt,97,height,widest-fit,TN,209,200,4.5000
T6E,data/nt,97,height,widest-fit,SN,209,200,4.5000
T6E,data/nt,97,height,widest-fit,MinD,205,200,2.5000
T6E,data/nt,97,height,widest-fit,MaxD,206,200,3.0000
T6E,data/nt,97,height,first-fit,LM,223,200,11.5000
T6E,data/nt,97,height,first-fit,RM,223,200,11.5000
T6E,data/nt,97,height,first-fit,TN,215,200,7.5000
T6E,data/nt,97,height,first-fit,SN,223,200,11.5000
T6E,data/nt,97,height,first-fit,MinD,226,200,13.0000
T6E,data/nt,97,height,first-fit,MaxD,218,200,9.0000
T6E,data/nt,97,height,tre,LM,226,200,13.0000
T6E,data/nt,97,height,tre,RM,234,200,17.0000
T6E,data/nt,97,height,tre,TN,226,200,13.0000
T6E,data/nt,97,height,tre,SN,236,200,18.0000
T6E,data/nt,97,height,tre,MinD,226,200,13.0000
T6E,data/nt,97,height,tre,MaxD,222,200,11.0000
T6E,data/nt,97,area,widest-fit,LM,210,200,5.0000
T6E,data/nt,97,area,widest-fit,RM,215,200,7.5000
T6E,data/nt,97,area,widest-fit,TN,209,200,4.5000
T6E,data/nt,97,area,widest-fit,SN,209,200,4.5000
T6E,data/nt,97,area,widest-fit,MinD,205,200,2.5000
T6E,data/nt,97,area,widest-fit,MaxD,206,200,3.0000
T6E,data/nt,97,area,first-fit,LM,207,200,3.5000
T6E,data/nt,97,area,first-fit,RM,210,200,5.0000
T6E,data/nt,97,area,first-fit,TN,209,200,4.5000
T6E,data/nt,97,area,first-fit,SN,207,200,3.5000
T6E,data/nt,97,area,first-fit,MinD,209,200,4.5000
T6E,data/nt,97,area,first-fit,MaxD,208,200,4.0000
T6E,data/nt,97,area,tre,LM,220,200,10.0000
T6E,data/nt,97,area,tre,RM,220,200,10.0000
T6E,data/nt,97,area,tre,TN,208,200,4.0000
T6E,data/nt,97,area,tre,SN,216,200,8.0000
T6E,data/nt,97,area,tre,MinD,208,200,4.0000
T6E,data/nt,97,area,tre,MaxD,211,200,5.5000
T7A,data/nt,199,width,widest-fit,LM,204,200,2.0000
T7A,data/nt,199,width,widest-fit,RM,206,200,3.0000
T7A,data/nt,199,width,widest-fit,TN,203,200,1.5000
T7A,data/nt,199,width,widest-fit,SN,208,200,4.0000
T7A,data/nt,199,width,widest-fit,MinD,206,200,3.0000
T7A,data/nt,199,width,widest-fit,MaxD,205,200,2.5000
T7A,data/nt,199,width,first-fit,LM,204,200,2.0000
T7A,data/nt,199,width,first-fit,RM,206,200,3.0000
T7A,data/nt,199,width,first-fit,TN,203,200,1.5000
T7A,data/nt,199,width,first-fit,SN,208,200,4.0000
T7A,data/nt,199,width,first-fit,MinD,206,200,3.0000
T7A,data/nt,199,width,first-fit,MaxD,205,200,2.5000
T7A,data/nt,199,width,tre,LM,204,200,2.0000
T7A,data/nt,199,width,tre,RM,206,200,3.0000
T7A,data/nt,199,width,tre,TN,203,200,1.5000
T7A,data/nt,199,width,tre,SN,208,200,4.0000
T7A,data/nt,199,width,tre,MinD,206,200,3.0000
T7A,data/nt,199,width,tre,MaxD,205,200,2.5000
T7A,data/nt,199,height,widest-fit,LM,204,200,2.0000
T7A,data/nt,199,height,widest-fit,RM,206,200,3.0000
T7A,data/nt,199,height,widest-fit,TN,203,200,1.5000
T7A,data/nt,199,height,widest-fit,SN,208,200,4.0000
T7A,data/nt,199,height,widest-fit,MinD,206,200,3.0000
T7A,data/nt,199,height,widest-fit,MaxD,205,200,2.5000
T7A,data/nt,199,height,first-fit,LM,209,200,4.5000
T7A,data/nt,199,height,first-fit,RM,207,200,3.5000
T7A,data/nt,199,height,first-fit,TN,206,200,3.0000
T7A,data/nt,199,height,first-fit,SN,214,200,7.0000
T7A,data/nt,199,height,first-fit,MinD,210,200,5.0000
T7A,data/nt,199,height,first-fit,MaxD,224,200,12.0000
T7A,data/nt,199,height,tre,LM,214,200,7.0000
T7A,data/nt,199,height,tre,RM,220,200,10.0000
T7A,data/nt,199,height,tre,TN,219,200,9.5000
T7A,data/nt,199,height,tre,SN,221,200,10.5000
T7A,data/nt,199,height,tre,MinD,221,200,10.5000
T7A,data/nt,199,height,tre,MaxD,220,200,10.0000
T7A,data/nt,199,area,widest-fit,LM,204,200,2.0000
T7A,data/nt,199,area,widest-fit,RM,206,200,3.0000
T7A,data/nt,199,area,widest-fit,TN,203,200,1.5000
T7A,data/nt,199,area,widest-fit,SN,208,200,4.0000
T7A,data/nt,199,area,widest-fit,MinD,206,200,3.0000
T7A,data/nt,199,area,widest-fit,MaxD,205,200,2.5000
T7A,data/nt,199,area,first-fit,LM,206,200,3.0000
T7A,data/nt,199,area,first-fit,RM,206,200,3.0000
T7A,data/nt,199,area,first-fit,TN,211,200,5.5000
T7A,data/nt,199,area,first-fit,SN,210,200,5.0000
T7A,data/nt,199,area,first-fit,MinD,207,200,3.5000
T7A,data/nt,199,area,first-fit,MaxD,213,200,6.5000
T7A,data/nt,199,area,tre,LM,206,200,3.0000
T7A,data/nt,199,area,tre,RM,208,200,4.0000
T7A,data/nt,199,area,tre,TN,213,200,6.5000
T7A,data/nt,199,area,tre,SN,209,200,4.5000
T7A,data/nt,199,area,tre,MinD,210,200,5.0000
T7A,data/nt,199,area,tre,MaxD,207,200,3.5000
T7B,data/nt,199,width,widest-fit,LM,207,200,3.5000
T7B,data/nt,199,width,widest-fit,RM,207,200,3.5000
T7B,data/nt,199,width,widest-fit,TN,207,200,3.5000
T7B,data/nt,199,width,widest-fit,SN,208,200,4.0000
T7B,data/nt,199,width,widest-fit,MinD,205,200,2.5000
T7B,data/nt,199,width,widest-fit,MaxD,206,200,3.0000
T7B,data/nt,199,width,first-fit,LM,207,200,3.5000
T7B,data/nt,199,width,first-fit,RM,207,200,3.5000
T7B,data/nt,199,width,first-fit,TN,207,200,3.5000
T7B,data/nt,199,width,first-fit,SN,208,200,4.0000
T7B,data/nt,199,width,first-fit,MinD,205,200,2.5000
T7B,data/nt,199,width,first-fit,MaxD,206,200,3.0000
T7B,data/nt,199,width,tre,LM,207,200,3.5000
T7B,data/nt,199,width,tre,RM,207,200,3.5000
T7B,data/nt,199,width,tre,TN,207,200,3.5000
T7B,data/nt,199,width,tre,SN,208,200,4.0000
T7B,data/nt,199,width,tre,MinD,205,200,2.5000
T7B,data/nt,199,width,tre,MaxD,206,200,3.0000
T7B,data/nt,199,height,widest-fit,LM,207,200,3.5000
T7B,data/nt,199,height,widest-fit,RM,207,200,3.5000
T7B,data/nt,199,height,widest-fit,TN,207,200,3.5000
T7B,data/nt,199,height,widest-fit,SN,208,200,4.0000
T7B,data/nt,199,height,widest-fit,MinD,205,200,2.5000
T7B,data/nt,199,height,widest-fit,MaxD,206,200,3.0000
T7B,data/nt,199,height,first-fit,LM,212,200,6.0000
T7B,data/nt,199,height,first-fit,RM,210,200,5.0000
T7B,data/nt,199,height,first-fit,TN,216,200,8.0000
T7B,data/nt,199,height,first-fit,SN,214,200,7.0000
T7B,data/nt,199,height,first-fit,MinD,214,200,7.0000
T7B,data/nt,199,height,first-fit,MaxD,210,200,5.0000
T7B,data/nt,199,height,tre,LM,211,200,5.5000
T7B,data/nt,199,height,tre,RM,230,200,15.0000
T7B,data/nt,199,height,tre,TN,232,200,16.0000
T7B,data/nt,199,height,tre,SN,222,200,11.0000
T7B,data/nt,199,height,tre,MinD,226,200,13.0000
T7B,data/nt,199,height,tre,MaxD,230,200,15.0000
T7B,data/nt,199,area,widest-fit,LM,207,200,3.5000
T7B,data/nt,199,area,widest-fit,RM,207,200,3.5000
T7B,data/nt,199,area,widest-fit,TN,207,200,3.5000
T7B,data/nt,199,area,widest-fit,SN,208,200,4.0000
T7B,data/nt,199,area,widest-fit,MinD,205,200,2.5000
T7B,data/nt,199,area,widest-fit,MaxD,206,200,3.0000
T7B,data/nt,199,area,first-fit,LM,208,200,4.0000
T7B,data/nt,199,area,first-fit,RM,209,200,4.5000
T7B,data/nt,199,area,first-fit,TN,206,200,3.0000
T7B,data/nt,199,area,first-fit,SN,209,200,4.5000
T7B,data/nt,199,area,first-fit,MinD,208,200,4.0000
T7B,data/nt,199,area,first-fit,MaxD,210,200,5.0000
T7B,data/nt,199,area,tre,LM,209,200,4.5000
T7B,data/nt,199,area,tre,RM,209,200,4.5000
T7B,data/nt,199,area,tre,TN,212,200,6.0000
T7B,data/nt,199,area,tre,SN,209,200,4.5000
T7B,data/nt,199,area,tre,MinD,209,200,4.5000
T7B,data/nt,199,area,tre,MaxD,216,200,8.0000
T7C,data/nt,199,width,widest-fit,LM,206,200,3.0000
T7C,data/nt,199,width,widest-fit,RM,207,200,3.5000
T7C,data/nt,199,width,widest-fit,TN,206,200,3.0000
T7C,data/nt,199,width,widest-fit,SN,208,200,4.0000
T7C,data/nt,199,width,widest-fit,MinD,208,200,4.0000
T7C,data/nt,199,width,widest-fit,MaxD,211,200,5.5000
T7C,data/nt,199,width,first-fit,LM,206,200,3.0000
T7C,data/nt,199,width,first-fit,RM,207,200,3.5000
T7C,data/nt,199,width,first-fit,TN,206,200,3.0000
T7C,data/nt,199,width,first-fit,SN,208,200,4.0000
T7C,data/nt,199,width,first-fit,MinD,208,200,4.0000
T7C,data/nt,199,width,first-fit,MaxD,211,200,5.5000
T7C,data/nt,199,width,tre,LM,206,200,3.0000
T7C,data/nt,199,width,tre,RM,207,200,3.5000
T7C,data/nt,199,width,tre,TN,206,200,3.0000
T7C,data/nt,199,width,tre,SN,208,200,4.0000
T7C,data/nt,199,width,tre,MinD,208,200,4.0000
T7C,data/nt,199,width,tre,MaxD,211,200,5.5000
T7C,data/nt,199,height,widest-fit,LM,206,200,3.0000
T7C,data/nt,199,height,widest-fit,RM,207,200,3.5000
T7C,data/nt,199,height,widest-fit,TN,206,200,3.0000
T7C,data/nt,199,height,widest-fit,SN,208,200,4.0000
T7C,data/nt,199,height,widest-fit,MinD,208,200,4.0000
T7C,data/nt,199,height,widest-fit,MaxD,211,200,5.5000
T7C,data/nt,199,height,first-fit,LM,213,200,6.5000
T7C,data/nt,199,height,first-fit,RM,217,200,8.5000
T7C,data/nt,199,height,first-fit,TN,212,200,6.0000
T7C,data/nt,199,height,first-fit,SN,218,200,9.0000
T7C,data/nt,199,height,first-fit,MinD,215,200,7.5000
T7C,data/nt,199,height,first-fit,MaxD,220,200,10.0000
T7C,data/nt,199,height,tre,LM,215,200,7.5000
T7C,data/nt,199,height,tre,RM,226,200,13.0000
T7C,data/nt,199,height,tre,TN,227,200,13.5000
T7C,data/nt,199,height,tre,SN,221,200,10.5000
T7C,data/nt,199,height,tre,MinD,226,200,13.0000
T7C,data/nt,199,height,tre,MaxD,225,200,12.5000
T7C,data/nt,199,area,widest-fit,LM,206,200,3.0000
T7C,data/nt,199,area,widest-fit,RM,207,200,3.5000
T7C,data/nt,199,area,widest-fit,TN,206,200,3.0000
T7C,data/nt,199,area,widest-fit,SN,208,200,4.0000
T7C,data/nt,199,area,widest-fit,MinD,208,200,4.0000
T7C,data/nt,199,area,widest-fit,MaxD,211,200,5.5000
T7C,data/nt,199,area,first-fit,LM,211,200,5.5000
T7C,data/nt,199,area,first-fit,RM,215,200,7.5000
T7C,data/nt,199,area,first-fit,TN,208,200,4.0000
T7C,data/nt,199,area,first-fit,SN,210,200,5.0000
T7C,data/nt,199,area,first-fit,MinD,208,200,4.0000
T7C,data/nt,199,area,first-fit,MaxD,209,200,4.5000
T7C,data/nt,199,area,tre,LM,208,200,4.0000
T7C,data/nt,199,area,tre,RM,210,200,5.0000
T7C,data/nt,199,area,tre,TN,214,200,7.0000
T7C,data/nt,199,area,tre,SN,205,200,2.5000
T7C,data/nt,199,area,tre,MinD,212,200,6.0000
T7C,data/nt,199,area,tre,MaxD,215,200,7.5000
T7D,data/nt,199,width,widest-fit,LM,204,200,2.0000
T7D,data/nt,199,width,widest-fit,RM,205,200,2.5000
T7D,data/nt,199,width,widest-fit,TN,203,200,1.5000
T7D,data/nt,199,width,widest-fit,SN,205,200,2.5000
T7D,data/nt,199,width,widest-fit,MinD,204,200,2.0000
T7D,data/nt,199,width,widest-fit,MaxD,205,200,2.5000
T7D,data/nt,199,width,first-fit,LM,204,200,2.0000
T7D,data/nt,199,width,first-fit,RM,205,200,2.5000
T7D,data/nt,199,width,first-fit,TN,203,200,1.5000
T7D,data/nt,199,width,first-fit,SN,205,200,2.5000
T7D,data/nt,199,width,first-fit,MinD,204,200,2.0000
T7D,data/nt,199,width,first-fit,MaxD,205,200,2.5000
T7D,data/nt,199,width,tre,LM,204,200,2.0000
T7D,data/nt,199,width,tre,RM,205,200,2.5000
T7D,data/nt,199,width,tre,TN,203,200,1.5000
T7D,data/nt,199,width,tre,SN,205,200,2.5000
T7D,data/nt,199,width,tre,MinD,204,200,2.0000
T7D,data/nt,199,width,tre,MaxD,205,200,2.5000
T7D,data/nt,199,height,widest-fit,LM,204,200,2.0000
T7D,data/nt,199,height,widest-fit,RM,205,200,2.5000
T7D,data/nt,199,height,widest-fit,TN,203,200,1.5000
T7D,data/nt,199,height,widest-fit,SN,205,200,2.5000
T7D,data/nt,199,height,widest-fit,MinD,204,200,2.0000
T7D,data/nt,199,height,widest-fit,MaxD,205,200,2.5000
T7D,data/nt,199,height,first-fit,LM,208,200,4.0000
T7D,data/nt,199,height,first-fit,RM,211,200,5.5000
T7D,data/nt,199,height,first-fit,TN,207,200,3.5000
T7D,data/nt,199,height,first-fit,SN,212,200,6.0000
T7D,data/nt,199,height,first-fit,MinD,208,200,4.0000
T7D,data/nt,199,height,first-fit,MaxD,210,200,5.0000
T7D,data/nt,199,height,tre,LM,217,200,8.5000
T7D,data/nt,199,height,tre,RM,217,200,8.5000
T7D,data/nt,199,height,tre,TN,220,200,10.0000
T7D,data/nt,199,height,tre,SN,214,200,7.0000
T7D,data/nt,199,height,tre,MinD,222,200,11.0000
T7D,data/nt,199,height,tre,MaxD,217,200,8.5000
T7D,data/nt,199,area,widest-fit,LM,204,200,2.0000
T7D,data/nt,199,area,widest-fit,RM,205,200,2.5000
T7D,data/nt,199,area,widest-fit,TN,203,200,1.5000
T7D,data/nt,199,area,widest-fit,SN,205,200,2.5000
T7D,data/nt,199,area,widest-fit,MinD,204,200,2.0000
T7D,data/nt,199,area,widest-fit,MaxD,205,200,2.5000
T7D,data/nt,199,area,first-fit,LM,206,200,3.0000
T7D,data/nt,199,area,first-fit,RM,205,200,2.5000
T7D,data/nt,199,area,first-fit,TN,206,200,3.0000
T7D,data/nt,199,area,first-fit,SN,208,200,4.0000
T7D,data/nt,199,area,first-fit,MinD,206,200,3.0000
T7D,data/nt,199,area,first-fit,MaxD,208,200,4.0000
T7D,data/nt,199,area,tre,LM,207,200,3.5000
T7D,data/nt,199,area,tre,RM,209,200,4.5000
T7D,data/nt,199,area,tre,TN,208,200,4.0000
T7D,data/nt,199,area,tre,SN,209,200,4.5000
T7D,data/nt,199,area,tre,MinD,204,200,2.0000
T7D,data/nt,199,area,tre,MaxD,205,200,2.5000
T7E,data/nt,199,width,widest-fit,LM,207,200,3.5000
T7E,data/nt,199,width,widest-fit,RM,206,200,3.0000
T7E,data/nt,199,width,widest-fit,TN,208,200,4.0000
T7E,data/nt,199,width,widest-fit,SN,207,200,3.5000
T7E,data/nt,199,width,widest-fit,MinD,205,200,2.5000
T7E,data/nt,199,width,widest-fit,MaxD,208,200,4.0000
T7E,data/nt,199,width,first-fit,LM,207,200,3.5000
T7E,data/nt,199,width,first-fit,RM,206,200,3.0000
T7E,data/nt,199,width,first-fit,TN,208,200,4.0000
T7E,data/nt,199,width,first-fit,SN,207,200,3.5000
T7E,data/nt,199,width,first-fit,MinD,205,200,2.5000
T7E,data/nt,199,width,first-fit,MaxD,208,200,4.0000
T7E,data/nt,199,width,tre,LM,207,200,3.5000
T7E,data/nt,199,width,tre,RM,206,200,3.0000
T7E,data/nt,199,width,tre,TN,208,200,4.0000
T7E,data/nt,199,width,tre,SN,207,200,3.5000
T7E,data/nt,199,width,tre,MinD,205,200,2.5000
T7E,data/nt,199,width,tre,MaxD,208,200,4.0000
T7E,data/nt,199,height,widest-fit,LM,207,200,3.5000
T7E,data/nt,199,height,widest-fit,RM,206,200,3.0000
T7E,data/nt,199,height,widest-fit,TN,208,200,4.0000
T7E,data/nt,199,height,widest-fit,SN,207,200,3.5000
T7E,data/nt,199,height,widest-fit,MinD,205,200,2.5000
T7E,data/nt,199,height,widest-fit,MaxD,208,200,4.0000
T7E,data/nt,199,height,first-fit,LM,229,200,14.5000
T7E,data/nt,199,height,first-fit,RM,219,200,9.5000
T7E,data/nt,199,height,first-fit,TN,218,200,9.0000
T7E,data/nt,199,height,first-fit,SN,215,200,7.5000
T7E,data/nt,199,height,first-fit,MinD,208,200,4.0000
T7E,data/nt,199,height,first-fit,MaxD,212,200,6.0000
T7E,data/nt,199,height,tre,LM,216,200,8.0000
T7E,data/nt,199,height,tre,RM,225,200,12.5000
T7E,data/nt,199,height,tre,TN,219,200,9.5000
T7E,data/nt,199,height,tre,SN,234,200,17.0000
T7E,data/nt,199,height,tre,MinD,220,200,10.0000
T7E,data/nt,199,height,tre,MaxD,220,200,10.0000
T7E,data/nt,199,area,widest-fit,LM,207,200,3.5000
T7E,data/nt,199,area,widest-fit,RM,206,200,3.0000
T7E,data/nt,199,area,widest-fit,TN,208,200,4.0000
T7E,data/nt,199,area,widest-fit,SN,207,200,3.5000
T7E,data/nt,199,area,widest-fit,MinD,205,200,2.5000
T7E,data/nt,199,area,widest-fit,MaxD,208,200,4.0000
T7E,data/nt,199,area,first-fit,LM,210,200,5.0000
T7E,data/nt,199,area,first-fit,RM,207,200,3.5000
T7E,data/nt,199,area,first-fit,TN,205,200,2.5000
T7E,data/nt,199,area,first-fit,SN,209,200,4.5000
T7E,data/nt,199,area,first-fit,MinD,206,200,3.0000
T7E,data/nt,199,area,first-fit,MaxD,205,200,2.5000
T7E,data/nt,199,area,tre,LM,204,200,2.0000
T7E,data/nt,199,area,tre,RM,204,200,2.0000
T7E,data/nt,199,area,tre,TN,205,200,2.5000
T7E,data/nt,199,area,tre,SN,205,200,2.5000
T7E,data/nt,199,area,tre,MinD,206,200,3.0000
T7E,data/nt,199,area,tre,MaxD,204,200,2.0000
