instance,n_items,ordering,selection,placement,tower,height,lower_bound,gap_pct
ZDF1,580,width,widest-fit,LM,False,336,330,1.8182
ZDF1,580,width,widest-fit,LM,True,336,330,1.8182
ZDF1,580,width,widest-fit,RM,False,336,330,1.8182
ZDF1,580,width,widest-fit,RM,True,336,330,1.8182
ZDF1,580,width,widest-fit,TN,False,355,330,7.5758
ZDF1,580,width,widest-fit,TN,True,355,330,7.5758
ZDF1,580,width,widest-fit,SN,False,338,330,2.4242
ZDF1,580,width,widest-fit,SN,True,338,330,2.4242
ZDF1,580,width,widest-fit,MinD,False,335,330,1.5152
ZDF1,580,width,widest-fit,MinD,True,335,330,1.5152
ZDF1,580,width,widest-fit,MaxD,False,336,330,1.8182
ZDF1,580,width,widest-fit,MaxD,True,336,330,1.8182
ZDF1,580,width,first-fit,LM,False,335,330,1.5152
ZDF1,580,width,first-fit,LM,True,335,330,1.5152
ZDF1,580,width,first-fit,RM,False,338,330,2.4242
ZDF1,580,width,first-fit,RM,True,338,330,2.4242
ZDF1,580,width,first-fit,TN,False,337,330,2.1212
ZDF1,580,width,first-fit,TN,True,337,330,2.1212
ZDF1,580,width,first-fit,SN,False,340,330,3.0303
ZDF1,580,width,first-fit,SN,True,340,330,3.0303
ZDF1,580,width,first-fit,MinD,False,337,330,2.1212
ZDF1,580,width,first-fit,MinD,True,337,330,2.1212
ZDF1,580,width,first-fit,MaxD,False,340,330,3.0303
ZDF1,580,width,first-fit,MaxD,True,340,330,3.0303
ZDF1,580,width,tre,LM,False,333,330,0.9091
ZDF1,580,width,tre,LM,True,333,330,0.9091
ZDF1,580,width,tre,RM,False,333,330,0.9091
ZDF1,580,width,tre,RM,True,333,330,0.9091
ZDF1,580,width,tre,TN,False,333,330,0.9091
ZDF1,580,width,tre,TN,True,333,330,0.9091
ZDF1,580,width,tre,SN,False,334,330,1.2121
ZDF1,580,width,tre,SN,True,334,330,1.2121
ZDF1,580,width,tre,MinD,False,333,330,0.9091
ZDF1,580,width,tre,MinD,True,333,330,0.9091
ZDF1,580,width,tre,MaxD,False,334,330,1.2121
ZDF1,580,width,tre,MaxD,True,334,330,1.2121
ZDF1,580,width,nre,LM,False,331,330,0.3030
ZDF1,580,width,nre,LM,True,331,330,0.3030
ZDF1,580,width,nre,RM,False,334,330,1.2121
ZDF1,580,width,nre,RM,True,334,330,1.2121
ZDF1,580,width,nre,TN,False,331,330,0.3030
ZDF1,580,width,nre,TN,True,331,330,0.3030
ZDF1,580,width,nre,SN,False,332,330,0.6061
ZDF1,580,width,nre,SN,True,332,330,0.6061
ZDF1,580,width,nre,MinD,False,331,330,0.3030
ZDF1,580,width,nre,MinD,True,331,330,0.3030
ZDF1,580,width,nre,MaxD,False,333,330,0.9091
ZDF1,580,width,nre,MaxD,True,333,330,0.9091
ZDF1,580,width,fitness-number,LM,False,332,330,0.6061
ZDF1,580,width,fitness-number,LM,True,332,330,0.6061
ZDF1,580,width,fitness-number,RM,False,332,330,0.6061
ZDF1,580,width,fitness-number,RM,True,332,330,0.6061
ZDF1,580,width,fitness-number,TN,False,332,330,0.6061
ZDF1,580,width,fitness-number,TN,True,332,330,0.6061
ZDF1,580,width,fitness-number,SN,False,332,330,0.6061
ZDF1,580,width,fitness-number,SN,True,332,330,0.6061
ZDF1,580,width,fitness-number,MinD,False,332,330,0.6061
ZDF1,580,width,fitness-number,MinD,True,332,330,0.6061
ZDF1,580,width,fitness-number,MaxD,False,332,330,0.6061
ZDF1,580,width,fitness-number,MaxD,True,332,330,0.6061
ZDF1,580,width,max-area,LM,False,337,330,2.1212
ZDF1,580,width,max-area,LM,True,337,330,2.1212
ZDF1,580,width,max-area,RM,False,338,330,2.4242
ZDF1,580,width,max-area,RM,True,338,330,2.4242
ZDF1,580,width,max-area,TN,False,337,330,2.1212
ZDF1,580,width,max-area,TN,True,337,330,2.1212
ZDF1,580,width,max-area,SN,False,339,330,2.7273
ZDF1,580,width,max-area,SN,True,339,330,2.7273
ZDF1,580,width,max-area,MinD,False,341,330,3.3333
ZDF1,580,width,max-area,MinD,True,341,330,3.3333
ZDF1,580,width,max-area,MaxD,False,343,330,3.9394
ZDF1,580,width,max-area,MaxD,True,343,330,3.9394
ZDF1,580,height,widest-fit,LM,False,336,330,1.8182
ZDF1,580,height,widest-fit,LM,True,336,330,1.8182
ZDF1,580,height,widest-fit,RM,False,336,330,1.8182
ZDF1,580,height,widest-fit,RM,True,336,330,1.8182
ZDF1,580,height,widest-fit,TN,False,355,330,7.5758
ZDF1,580,height,widest-fit,TN,True,355,330,7.5758
ZDF1,580,height,widest-fit,SN,False,338,330,2.4242
ZDF1,580,height,widest-fit,SN,True,338,330,2.4242
ZDF1,580,height,widest-fit,MinD,False,335,330,1.5152
ZDF1,580,height,widest-fit,MinD,True,335,330,1.5152
ZDF1,580,height,widest-fit,MaxD,False,336,330,1.8182
ZDF1,580,height,widest-fit,MaxD,True,336,330,1.8182
ZDF1,580,height,first-fit,LM,False,339,330,2.7273
ZDF1,580,height,first-fit,LM,True,339,330,2.7273
ZDF1,580,height,first-fit,RM,False,339,330,2.7273
ZDF1,580,height,first-fit,RM,True,339,330,2.7273
ZDF1,580,height,first-fit,TN,False,339,330,2.7273
ZDF1,580,height,first-fit,TN,True,339,330,2.7273
ZDF1,580,height,first-fit,SN,False,343,330,3.9394
ZDF1,580,height,first-fit,SN,True,343,330,3.9394
ZDF1,580,height,first-fit,MinD,False,338,330,2.4242
ZDF1,580,height,first-fit,MinD,True,338,330,2.4242
ZDF1,580,height,first-fit,MaxD,False,342,330,3.6364
ZDF1,580,height,first-fit,MaxD,True,342,330,3.6364
ZDF1,580,height,tre,LM,False,347,330,5.1515
ZDF1,580,height,tre,LM,True,339,330,2.7273
ZDF1,580,height,tre,RM,False,334,330,1.2121
ZDF1,580,height,tre,RM,True,334,330,1.2121
ZDF1,580,height,tre,TN,False,332,330,0.6061
ZDF1,580,height,tre,TN,True,332,330,0.6061
ZDF1,580,height,tre,SN,False,335,330,1.5152
ZDF1,580,height,tre,SN,True,335,330,1.5152
ZDF1,580,height,tre,MinD,False,333,330,0.9091
ZDF1,580,height,tre,MinD,True,333,330,0.9091
ZDF1,580,height,tre,MaxD,False,334,330,1.2121
ZDF1,580,height,tre,MaxD,True,334,330,1.2121
ZDF1,580,height,nre,LM,False,357,330,8.1818
ZDF1,580,height,nre,LM,True,333,330,0.9091
ZDF1,580,height,nre,RM,False,344,330,4.2424
ZDF1,580,height,nre,RM,True,336,330,1.8182
ZDF1,580,height,nre,TN,False,334,330,1.2121
ZDF1,580,height,nre,TN,True,334,330,1.2121
ZDF1,580,height,nre,SN,False,340,330,3.0303
ZDF1,580,height,nre,SN,True,334,330,1.2121
ZDF1,580,height,nre,MinD,False,332,330,0.6061
ZDF1,580,height,nre,MinD,True,332,330,0.6061
ZDF1,580,height,nre,MaxD,False,333,330,0.9091
ZDF1,580,height,nre,MaxD,True,333,330,0.9091
ZDF1,580,height,fitness-number,LM,False,336,330,1.8182
ZDF1,580,height,fitness-number,LM,True,336,330,1.8182
ZDF1,580,height,fitness-number,RM,False,336,330,1.8182
ZDF1,580,height,fitness-number,RM,True,336,330,1.8182
ZDF1,580,height,fitness-number,TN,False,336,330,1.8182
ZDF1,580,height,fitness-number,TN,True,336,330,1.8182
ZDF1,580,height,fitness-number,SN,False,336,330,1.8182
ZDF1,580,height,fitness-number,SN,True,336,330,1.8182
ZDF1,580,height,fitness-number,MinD,False,336,330,1.8182
ZDF1,580,height,fitness-number,MinD,True,336,330,1.8182
ZDF1,580,height,fitness-number,MaxD,False,336,330,1.8182
ZDF1,580,height,fitness-number,MaxD,True,336,330,1.8182
ZDF1,580,height,max-area,LM,False,339,330,2.7273
ZDF1,580,height,max-area,LM,True,339,330,2.7273
ZDF1,580,height,max-area,RM,False,339,330,2.7273
ZDF1,580,height,max-area,RM,True,339,330,2.7273
ZDF1,580,height,max-area,TN,False,339,330,2.7273
ZDF1,580,height,max-area,TN,True,339,330,2.7273
ZDF1,580,height,max-area,SN,False,343,330,3.9394
ZDF1,580,height,max-area,SN,True,343,330,3.9394
ZDF1,580,height,max-area,MinD,False,338,330,2.4242
ZDF1,580,height,max-area,MinD,True,338,330,2.4242
ZDF1,580,height,max-area,MaxD,False,342,330,3.6364
ZDF1,580,height,max-area,MaxD,True,342,330,3.6364
ZDF1,580,area,widest-fit,LM,False,336,330,1.8182
ZDF1,580,area,widest-fit,LM,True,336,330,1.8182
ZDF1,580,area,widest-fit,RM,False,336,330,1.8182
ZDF1,580,area,widest-fit,RM,True,336,330,1.8182
ZDF1,580,area,widest-fit,TN,False,355,330,7.5758
ZDF1,580,area,widest-fit,TN,True,355,330,7.5758
ZDF1,580,area,widest-fit,SN,False,338,330,2.4242
ZDF1,580,area,widest-fit,SN,True,338,330,2.4242
ZDF1,580,area,widest-fit,MinD,False,335,330,1.5152
ZDF1,580,area,widest-fit,MinD,True,335,330,1.5152
ZDF1,580,area,widest-fit,MaxD,False,336,330,1.8182
ZDF1,580,area,widest-fit,MaxD,True,336,330,1.8182
ZDF1,580,area,first-fit,LM,False,345,330,4.5455
ZDF1,580,area,first-fit,LM,True,345,330,4.5455
ZDF1,580,area,first-fit,RM,False,343,330,3.9394
ZDF1,580,area,first-fit,RM,True,343,330,3.9394
ZDF1,580,area,first-fit,TN,False,338,330,2.4242
ZDF1,580,area,first-fit,TN,True,338,330,2.4242
ZDF1,580,area,first-fit,SN,False,348,330,5.4545
ZDF1,580,area,first-fit,SN,True,348,330,5.4545
ZDF1,580,area,first-fit,MinD,False,343,330,3.9394
ZDF1,580,area,first-fit,MinD,True,343,330,3.9394
ZDF1,580,area,first-fit,MaxD,False,344,330,4.2424
ZDF1,580,area,first-fit,MaxD,True,344,330,4.2424
ZDF1,580,area,tre,LM,False,333,330,0.9091
ZDF1,580,area,tre,LM,True,333,330,0.9091
ZDF1,580,area,tre,RM,False,333,330,0.9091
ZDF1,580,area,tre,RM,True,333,330,0.9091
ZDF1,580,area,tre,TN,False,332,330,0.6061
ZDF1,580,area,tre,TN,True,332,330,0.6061
ZDF1,580,area,tre,SN,False,334,330,1.2121
ZDF1,580,area,tre,SN,True,334,330,1.2121
ZDF1,580,area,tre,MinD,False,333,330,0.9091
ZDF1,580,area,tre,MinD,True,333,330,0.9091
ZDF1,580,area,tre,MaxD,False,333,330,0.9091
ZDF1,580,area,tre,MaxD,True,333,330,0.9091
ZDF1,580,area,nre,LM,False,334,330,1.2121
ZDF1,580,area,nre,LM,True,334,330,1.2121
ZDF1,580,area,nre,RM,False,334,330,1.2121
ZDF1,580,area,nre,RM,True,334,330,1.2121
ZDF1,580,area,nre,TN,False,333,330,0.9091
ZDF1,580,area,nre,TN,True,333,330,0.9091
ZDF1,580,area,nre,SN,False,334,330,1.2121
ZDF1,580,area,nre,SN,True,334,330,1.2121
ZDF1,580,area,nre,MinD,False,334,330,1.2121
ZDF1,580,area,nre,MinD,True,334,330,1.2121
ZDF1,580,area,nre,MaxD,False,333,330,0.9091
ZDF1,580,area,nre,MaxD,True,333,330,0.9091
ZDF1,580,area,fitness-number,LM,False,330,330,0.0000
ZDF1,580,area,fitness-number,LM,True,330,330,0.0000
ZDF1,580,area,fitness-number,RM,False,330,330,0.0000
ZDF1,580,area,fitness-number,RM,True,330,330,0.0000
ZDF1,580,area,fitness-number,TN,False,330,330,0.0000
ZDF1,580,area,fitness-number,TN,True,330,330,0.0000
ZDF1,580,area,fitness-number,SN,False,330,330,0.0000
ZDF1,580,area,fitness-number,SN,True,330,330,0.0000
ZDF1,580,area,fitness-number,MinD,False,330,330,0.0000
ZDF1,580,area,fitness-number,MinD,True,330,330,0.0000
ZDF1,580,area,fitness-number,MaxD,False,330,330,0.0000
ZDF1,580,area,fitness-number,MaxD,True,330,330,0.0000
ZDF1,580,area,max-area,LM,False,337,330,2.1212
ZDF1,580,area,max-area,LM,True,337,330,2.1212
ZDF1,580,area,max-area,RM,False,337,330,2.1212
ZDF1,580,area,max-area,RM,True,337,330,2.1212
ZDF1,580,area,max-area,TN,False,335,330,1.5152
ZDF1,580,area,max-area,TN,True,335,330,1.5152
ZDF1,580,area,max-area,SN,False,340,330,3.0303
ZDF1,580,area,max-area,SN,True,340,330,3.0303
ZDF1,580,area,max-area,MinD,False,337,330,2.1212
ZDF1,580,area,max-area,MinD,True,337,330,2.1212
ZDF1,580,area,max-area,MaxD,False,339,330,2.7273
ZDF1,580,area,max-area,MaxD,True,339,330,2.7273
ZDF1,580,perimeter,widest-fit,LM,False,336,330,1.8182
ZDF1,580,perimeter,widest-fit,LM,True,336,330,1.8182
ZDF1,580,perimeter,widest-fit,RM,False,336,330,1.8182
ZDF1,580,perimeter,widest-fit,RM,True,336,330,1.8182
ZDF1,580,perimeter,widest-fit,TN,False,355,330,7.5758
ZDF1,580,perimeter,widest-fit,TN,True,355,330,7.5758
ZDF1,580,perimeter,widest-fit,SN,False,338,330,2.4242
ZDF1,580,perimeter,widest-fit,SN,True,338,330,2.4242
ZDF1,580,perimeter,widest-fit,MinD,False,335,330,1.5152
ZDF1,580,perimeter,widest-fit,MinD,True,335,330,1.5152
ZDF1,580,perimeter,widest-fit,MaxD,False,336,330,1.8182
ZDF1,580,perimeter,widest-fit,MaxD,True,336,330,1.8182
ZDF1,580,perimeter,first-fit,LM,False,340,330,3.0303
ZDF1,580,perimeter,first-fit,LM,True,340,330,3.0303
ZDF1,580,perimeter,first-fit,RM,False,339,330,2.7273
ZDF1,580,perimeter,first-fit,RM,True,339,330,2.7273
ZDF1,580,perimeter,first-fit,TN,False,337,330,2.1212
ZDF1,580,perimeter,first-fit,TN,True,337,330,2.1212
ZDF1,580,perimeter,first-fit,SN,False,344,330,4.2424
ZDF1,580,perimeter,first-fit,SN,True,344,330,4.2424
ZDF1,580,perimeter,first-fit,MinD,False,337,330,2.1212
ZDF1,580,perimeter,first-fit,MinD,True,337,330,2.1212
ZDF1,580,perimeter,first-fit,MaxD,False,344,330,4.2424
ZDF1,580,perimeter,first-fit,MaxD,True,344,330,4.2424
ZDF1,580,perimeter,tre,LM,False,333,330,0.9091
ZDF1,580,perimeter,tre,LM,True,333,330,0.9091
ZDF1,580,perimeter,tre,RM,False,333,330,0.9091
ZDF1,580,perimeter,tre,RM,True,333,330,0.9091
ZDF1,580,perimeter,tre,TN,False,333,330,0.9091
ZDF1,580,perimeter,tre,TN,True,333,330,0.9091
ZDF1,580,perimeter,tre,SN,False,334,330,1.2121
ZDF1,580,perimeter,tre,SN,True,334,330,1.2121
ZDF1,580,perimeter,tre,MinD,False,333,330,0.9091
ZDF1,580,perimeter,tre,MinD,True,333,330,0.9091
ZDF1,580,perimeter,tre,MaxD,False,334,330,1.2121
ZDF1,580,perimeter,tre,MaxD,True,334,330,1.2121
ZDF1,580,perimeter,nre,LM,False,333,330,0.9091
ZDF1,580,perimeter,nre,LM,True,333,330,0.9091
ZDF1,580,perimeter,nre,RM,False,332,330,0.6061
ZDF1,580,perimeter,nre,RM,True,332,330,0.6061
ZDF1,580,perimeter,nre,TN,False,333,330,0.9091
ZDF1,580,perimeter,nre,TN,True,333,330,0.9091
ZDF1,580,perimeter,nre,SN,False,333,330,0.9091
ZDF1,580,perimeter,nre,SN,True,333,330,0.9091
ZDF1,580,perimeter,nre,MinD,False,332,330,0.6061
ZDF1,580,perimeter,nre,MinD,True,332,330,0.6061
ZDF1,580,perimeter,nre,MaxD,False,336,330,1.8182
ZDF1,580,perimeter,nre,MaxD,True,336,330,1.8182
ZDF1,580,perimeter,fitness-number,LM,False,330,330,0.0000
ZDF1,580,perimeter,fitness-number,LM,True,330,330,0.0000
ZDF1,580,perimeter,fitness-number,RM,False,330,330,0.0000
ZDF1,580,perimeter,fitness-number,RM,True,330,330,0.0000
ZDF1,580,perimeter,fitness-number,TN,False,330,330,0.0000
ZDF1,580,perimeter,fitness-number,TN,True,330,330,0.0000
ZDF1,580,perimeter,fitness-number,SN,False,330,330,0.0000
ZDF1,580,perimeter,fitness-number,SN,True,330,330,0.0000
ZDF1,580,perimeter,fitness-number,MinD,False,330,330,0.0000
ZDF1,580,perimeter,fitness-number,MinD,True,330,330,0.0000
ZDF1,580,perimeter,fitness-number,MaxD,False,330,330,0.0000
ZDF1,580,perimeter,fitness-number,MaxD,True,330,330,0.0000
ZDF1,580,perimeter,max-area,LM,False,337,330,2.1212
ZDF1,580,perimeter,max-area,LM,True,337,330,2.1212
ZDF1,580,perimeter,max-area,RM,False,337,330,2.1212
ZDF1,580,perimeter,max-area,RM,True,337,330,2.1212
ZDF1,580,perimeter,max-area,TN,False,335,330,1.5152
ZDF1,580,perimeter,max-area,TN,True,335,330,1.5152
ZDF1,580,perimeter,max-area,SN,False,340,330,3.0303
ZDF1,580,perimeter,max-area,SN,True,340,330,3.0303
ZDF1,580,perimeter,max-area,MinD,False,338,330,2.4242
ZDF1,580,perimeter,max-area,MinD,True,338,330,2.4242
ZDF1,580,perimeter,max-area,MaxD,False,339,330,2.7273
ZDF1,580,perimeter,max-area,MaxD,True,339,330,2.7273
ZDF1,580,maxside,widest-fit,LM,False,336,330,1.8182
ZDF1,580,maxside,widest-fit,LM,True,336,330,1.8182
ZDF1,580,maxside,widest-fit,RM,False,336,330,1.8182
ZDF1,580,maxside,widest-fit,RM,True,336,330,1.8182
ZDF1,580,maxside,widest-fit,TN,False,355,330,7.5758
ZDF1,580,maxside,widest-fit,TN,True,355,330,7.5758
ZDF1,580,maxside,widest-fit,SN,False,338,330,2.4242
ZDF1,580,maxside,widest-fit,SN,True,338,330,2.4242
ZDF1,580,maxside,widest-fit,MinD,False,335,330,1.5152
ZDF1,580,maxside,widest-fit,MinD,True,335,330,1.5152
ZDF1,580,maxside,widest-fit,MaxD,False,336,330,1.8182
ZDF1,580,maxside,widest-fit,MaxD,True,336,330,1.8182
ZDF1,580,maxside,first-fit,LM,False,335,330,1.5152
ZDF1,580,maxside,first-fit,LM,True,335,330,1.5152
ZDF1,580,maxside,first-fit,RM,False,338,330,2.4242
ZDF1,580,maxside,first-fit,RM,True,338,330,2.4242
ZDF1,580,maxside,first-fit,TN,False,337,330,2.1212
ZDF1,580,maxside,first-fit,TN,True,337,330,2.1212
ZDF1,580,maxside,first-fit,SN,False,340,330,3.0303
ZDF1,580,maxside,first-fit,SN,True,340,330,3.0303
ZDF1,580,maxside,first-fit,MinD,False,337,330,2.1212
ZDF1,580,maxside,first-fit,MinD,True,337,330,2.1212
ZDF1,580,maxside,first-fit,MaxD,False,340,330,3.0303
ZDF1,580,maxside,first-fit,MaxD,True,340,330,3.0303
ZDF1,580,maxside,tre,LM,False,333,330,0.9091
ZDF1,580,maxside,tre,LM,True,333,330,0.9091
ZDF1,580,maxside,tre,RM,False,333,330,0.9091
ZDF1,580,maxside,tre,RM,True,333,330,0.9091
ZDF1,580,maxside,tre,TN,False,333,330,0.9091
ZDF1,580,maxside,tre,TN,True,333,330,0.9091
ZDF1,580,maxside,tre,SN,False,334,330,1.2121
ZDF1,580,maxside,tre,SN,True,334,330,1.2121
ZDF1,580,maxside,tre,MinD,False,333,330,0.9091
ZDF1,580,maxside,tre,MinD,True,333,330,0.9091
ZDF1,580,maxside,tre,MaxD,False,334,330,1.2121
ZDF1,580,maxside,tre,MaxD,True,334,330,1.2121
ZDF1,580,maxside,nre,LM,False,331,330,0.3030
ZDF1,580,maxside,nre,LM,True,331,330,0.3030
ZDF1,580,maxside,nre,RM,False,334,330,1.2121
ZDF1,580,maxside,nre,RM,True,334,330,1.2121
ZDF1,580,maxside,nre,TN,False,331,330,0.3030
ZDF1,580,maxside,nre,TN,True,331,330,0.3030
ZDF1,580,maxside,nre,SN,False,332,330,0.6061
ZDF1,580,maxside,nre,SN,True,332,330,0.6061
ZDF1,580,maxside,nre,MinD,False,331,330,0.3030
ZDF1,580,maxside,nre,MinD,True,331,330,0.3030
ZDF1,580,maxside,nre,MaxD,False,333,330,0.9091
ZDF1,580,maxside,nre,MaxD,True,333,330,0.9091
ZDF1,580,maxside,fitness-number,LM,False,332,330,0.6061
ZDF1,580,maxside,fitness-number,LM,True,332,330,0.6061
ZDF1,580,maxside,fitness-number,RM,False,332,330,0.6061
ZDF1,580,maxside,fitness-number,RM,True,332,330,0.6061
ZDF1,580,maxside,fitness-number,TN,False,332,330,0.6061
ZDF1,580,maxside,fitness-number,TN,True,332,330,0.6061
ZDF1,580,maxside,fitness-number,SN,False,332,330,0.6061
ZDF1,580,maxside,fitness-number,SN,True,332,330,0.6061
ZDF1,580,maxside,fitness-number,MinD,False,332,330,0.6061
ZDF1,580,maxside,fitness-number,MinD,True,332,330,0.6061
ZDF1,580,maxside,fitness-number,MaxD,False,332,330,0.6061
ZDF1,580,maxside,fitness-number,MaxD,True,332,330,0.6061
ZDF1,580,maxside,max-area,LM,False,337,330,2.1212
ZDF1,580,maxside,max-area,LM,True,337,330,2.1212
ZDF1,580,maxside,max-area,RM,False,338,330,2.4242
ZDF1,580,maxside,max-area,RM,True,338,330,2.4242
ZDF1,580,maxside,max-area,TN,False,337,330,2.1212
ZDF1,580,maxside,max-area,TN,True,337,330,2.1212
ZDF1,580,maxside,max-area,SN,False,339,330,2.7273
ZDF1,580,maxside,max-area,SN,True,339,330,2.7273
ZDF1,580,maxside,max-area,MinD,False,341,330,3.3333
ZDF1,580,maxside,max-area,MinD,True,341,330,3.3333
ZDF1,580,maxside,max-area,MaxD,False,343,330,3.9394
ZDF1,580,maxside,max-area,MaxD,True,343,330,3.9394
ZDF1,580,diagonal,widest-fit,LM,False,336,330,1.8182
ZDF1,580,diagonal,widest-fit,LM,True,336,330,1.8182
ZDF1,580,diagonal,widest-fit,RM,False,336,330,1.8182
ZDF1,580,diagonal,widest-fit,RM,True,336,330,1.8182
ZDF1,580,diagonal,widest-fit,TN,False,355,330,7.5758
ZDF1,580,diagonal,widest-fit,TN,True,355,330,7.5758
ZDF1,580,diagonal,widest-fit,SN,False,338,330,2.4242
ZDF1,580,diagonal,widest-fit,SN,True,338,330,2.4242
ZDF1,580,diagonal,widest-fit,MinD,False,335,330,1.5152
ZDF1,580,diagonal,widest-fit,MinD,True,335,330,1.5152
ZDF1,580,diagonal,widest-fit,MaxD,False,336,330,1.8182
ZDF1,580,diagonal,widest-fit,MaxD,True,336,330,1.8182
ZDF1,580,diagonal,first-fit,LM,False,340,330,3.0303
ZDF1,580,diagonal,first-fit,LM,True,340,330,3.0303
ZDF1,580,diagonal,first-fit,RM,False,366,330,10.9091
ZDF1,580,diagonal,first-fit,RM,True,358,330,8.4848
ZDF1,580,diagonal,first-fit,TN,False,356,330,7.8788
ZDF1,580,diagonal,first-fit,TN,True,354,330,7.2727
ZDF1,580,diagonal,first-fit,SN,False,345,330,4.5455
ZDF1,580,diagonal,first-fit,SN,True,345,330,4.5455
ZDF1,580,diagonal,first-fit,MinD,False,337,330,2.1212
ZDF1,580,diagonal,first-fit,MinD,True,337,330,2.1212
ZDF1,580,diagonal,first-fit,MaxD,False,361,330,9.3939
ZDF1,580,diagonal,first-fit,MaxD,True,361,330,9.3939
ZDF1,580,diagonal,tre,LM,False,333,330,0.9091
ZDF1,580,diagonal,tre,LM,True,333,330,0.9091
ZDF1,580,diagonal,tre,RM,False,334,330,1.2121
ZDF1,580,diagonal,tre,RM,True,334,330,1.2121
ZDF1,580,diagonal,tre,TN,False,333,330,0.9091
ZDF1,580,diagonal,tre,TN,True,333,330,0.9091
ZDF1,580,diagonal,tre,SN,False,333,330,0.9091
ZDF1,580,diagonal,tre,SN,True,333,330,0.9091
ZDF1,580,diagonal,tre,MinD,False,333,330,0.9091
ZDF1,580,diagonal,tre,MinD,True,333,330,0.9091
ZDF1,580,diagonal,tre,MaxD,False,333,330,0.9091
ZDF1,580,diagonal,tre,MaxD,True,333,330,0.9091
ZDF1,580,diagonal,nre,LM,False,332,330,0.6061
ZDF1,580,diagonal,nre,LM,True,332,330,0.6061
ZDF1,580,diagonal,nre,RM,False,333,330,0.9091
ZDF1,580,diagonal,nre,RM,True,333,330,0.9091
ZDF1,580,diagonal,nre,TN,False,333,330,0.9091
ZDF1,580,diagonal,nre,TN,True,333,330,0.9091
ZDF1,580,diagonal,nre,SN,False,333,330,0.9091
ZDF1,580,diagonal,nre,SN,True,333,330,0.9091
ZDF1,580,diagonal,nre,MinD,False,332,330,0.6061
ZDF1,580,diagonal,nre,MinD,True,332,330,0.6061
ZDF1,580,diagonal,nre,MaxD,False,333,330,0.9091
ZDF1,580,diagonal,nre,MaxD,True,333,330,0.9091
ZDF1,580,diagonal,fitness-number,LM,False,330,330,0.0000
ZDF1,580,diagonal,fitness-number,LM,True,330,330,0.0000
ZDF1,580,diagonal,fitness-number,RM,False,330,330,0.0000
ZDF1,580,diagonal,fitness-number,RM,True,330,330,0.0000
ZDF1,580,diagonal,fitness-number,TN,False,330,330,0.0000
ZDF1,580,diagonal,fitness-number,TN,True,330,330,0.0000
ZDF1,580,diagonal,fitness-number,SN,False,330,330,0.0000
ZDF1,580,diagonal,fitness-number,SN,True,330,330,0.0000
ZDF1,580,diagonal,fitness-number,MinD,False,330,330,0.0000
ZDF1,580,diagonal,fitness-number,MinD,True,330,330,0.0000
ZDF1,580,diagonal,fitness-number,MaxD,False,330,330,0.0000
ZDF1,580,diagonal,fitness-number,MaxD,True,330,330,0.0000
ZDF1,580,diagonal,max-area,LM,False,337,330,2.1212
ZDF1,580,diagonal,max-area,LM,True,337,330,2.1212
ZDF1,580,diagonal,max-area,RM,False,336,330,1.8182
ZDF1,580,diagonal,max-area,RM,True,336,330,1.8182
ZDF1,580,diagonal,max-area,TN,False,336,330,1.8182
ZDF1,580,diagonal,max-area,TN,True,336,330,1.8182
ZDF1,580,diagonal,max-area,SN,False,341,330,3.3333
ZDF1,580,diagonal,max-area,SN,True,341,330,3.3333
ZDF1,580,diagonal,max-area,MinD,False,338,330,2.4242
ZDF1,580,diagonal,max-area,MinD,True,338,330,2.4242
ZDF1,580,diagonal,max-area,MaxD,False,336,330,1.8182
ZDF1,580,diagonal,max-area,MaxD,True,336,330,1.8182
ZDF2,660,width,widest-fit,LM,False,388,357,8.6835
ZDF2,660,width,widest-fit,LM,True,388,357,8.6835
ZDF2,660,width,widest-fit,RM,False,384,357,7.5630
ZDF2,660,width,widest-fit,RM,True,384,357,7.5630
ZDF2,660,width,widest-fit,TN,False,363,357,1.6807
ZDF2,660,width,widest-fit,TN,True,363,357,1.6807
ZDF2,660,width,widest-fit,SN,False,366,357,2.5210
ZDF2,660,width,widest-fit,SN,True,366,357,2.5210
ZDF2,660,width,widest-fit,MinD,False,393,357,10.0840
ZDF2,660,width,widest-fit,MinD,True,393,357,10.0840
ZDF2,660,width,widest-fit,MaxD,False,364,357,1.9608
ZDF2,660,width,widest-fit,MaxD,True,364,357,1.9608
ZDF2,660,width,first-fit,LM,False,363,357,1.6807
ZDF2,660,width,first-fit,LM,True,363,357,1.6807
ZDF2,660,width,first-fit,RM,False,363,357,1.6807
ZDF2,660,width,first-fit,RM,True,363,357,1.6807
ZDF2,660,width,first-fit,TN,False,361,357,1.1204
ZDF2,660,width,first-fit,TN,True,361,357,1.1204
ZDF2,660,width,first-fit,SN,False,367,357,2.8011
ZDF2,660,width,first-fit,SN,True,367,357,2.8011
ZDF2,660,width,first-fit,MinD,False,364,357,1.9608
ZDF2,660,width,first-fit,MinD,True,364,357,1.9608
ZDF2,660,width,first-fit,MaxD,False,365,357,2.2409
ZDF2,660,width,first-fit,MaxD,True,365,357,2.2409
ZDF2,660,width,tre,LM,False,360,357,0.8403
ZDF2,660,width,tre,LM,True,360,357,0.8403
ZDF2,660,width,tre,RM,False,360,357,0.8403
ZDF2,660,width,tre,RM,True,360,357,0.8403
ZDF2,660,width,tre,TN,False,360,357,0.8403
ZDF2,660,width,tre,TN,True,360,357,0.8403
ZDF2,660,width,tre,SN,False,361,357,1.1204
ZDF2,660,width,tre,SN,True,361,357,1.1204
ZDF2,660,width,tre,MinD,False,360,357,0.8403
ZDF2,660,width,tre,MinD,True,360,357,0.8403
ZDF2,660,width,tre,MaxD,False,362,357,1.4006
ZDF2,660,width,tre,MaxD,True,362,357,1.4006
ZDF2,660,width,nre,LM,False,359,357,0.5602
ZDF2,660,width,nre,LM,True,359,357,0.5602
ZDF2,660,width,nre,RM,False,360,357,0.8403
ZDF2,660,width,nre,RM,True,360,357,0.8403
ZDF2,660,width,nre,TN,False,359,357,0.5602
ZDF2,660,width,nre,TN,True,359,357,0.5602
ZDF2,660,width,nre,SN,False,358,357,0.2801
ZDF2,660,width,nre,SN,True,358,357,0.2801
ZDF2,660,width,nre,MinD,False,358,357,0.2801
ZDF2,660,width,nre,MinD,True,358,357,0.2801
ZDF2,660,width,nre,MaxD,False,359,357,0.5602
ZDF2,660,width,nre,MaxD,True,359,357,0.5602
ZDF2,660,width,fitness-number,LM,False,359,357,0.5602
ZDF2,660,width,fitness-number,LM,True,359,357,0.5602
ZDF2,660,width,fitness-number,RM,False,359,357,0.5602
ZDF2,660,width,fitness-number,RM,True,359,357,0.5602
ZDF2,660,width,fitness-number,TN,False,359,357,0.5602
ZDF2,660,width,fitness-number,TN,True,359,357,0.5602
ZDF2,660,width,fitness-number,SN,False,359,357,0.5602
ZDF2,660,width,fitness-number,SN,True,359,357,0.5602
ZDF2,660,width,fitness-number,MinD,False,359,357,0.5602
ZDF2,660,width,fitness-number,MinD,True,359,357,0.5602
ZDF2,660,width,fitness-number,MaxD,False,359,357,0.5602
ZDF2,660,width,fitness-number,MaxD,True,359,357,0.5602
ZDF2,660,width,max-area,LM,False,368,357,3.0812
ZDF2,660,width,max-area,LM,True,368,357,3.0812
ZDF2,660,width,max-area,RM,False,365,357,2.2409
ZDF2,660,width,max-area,RM,True,365,357,2.2409
ZDF2,660,width,max-area,TN,False,366,357,2.5210
ZDF2,660,width,max-area,TN,True,366,357,2.5210
ZDF2,660,width,max-area,SN,False,367,357,2.8011
ZDF2,660,width,max-area,SN,True,367,357,2.8011
ZDF2,660,width,max-area,MinD,False,369,357,3.3613
ZDF2,660,width,max-area,MinD,True,369,357,3.3613
ZDF2,660,width,max-area,MaxD,False,368,357,3.0812
ZDF2,660,width,max-area,MaxD,True,368,357,3.0812
ZDF2,660,height,widest-fit,LM,False,388,357,8.6835
ZDF2,660,height,widest-fit,LM,True,388,357,8.6835
ZDF2,660,height,widest-fit,RM,False,384,357,7.5630
ZDF2,660,height,widest-fit,RM,True,384,357,7.5630
ZDF2,660,height,widest-fit,TN,False,363,357,1.6807
ZDF2,660,height,widest-fit,TN,True,363,357,1.6807
ZDF2,660,height,widest-fit,SN,False,366,357,2.5210
ZDF2,660,height,widest-fit,SN,True,366,357,2.5210
ZDF2,660,height,widest-fit,MinD,False,393,357,10.0840
ZDF2,660,height,widest-fit,MinD,True,393,357,10.0840
ZDF2,660,height,widest-fit,MaxD,False,364,357,1.9608
ZDF2,660,height,widest-fit,MaxD,True,364,357,1.9608
ZDF2,660,height,first-fit,LM,False,366,357,2.5210
ZDF2,660,height,first-fit,LM,True,366,357,2.5210
ZDF2,660,height,first-fit,RM,False,367,357,2.8011
ZDF2,660,height,first-fit,RM,True,367,357,2.8011
ZDF2,660,height,first-fit,TN,False,366,357,2.5210
ZDF2,660,height,first-fit,TN,True,366,357,2.5210
ZDF2,660,height,first-fit,SN,False,371,357,3.9216
ZDF2,660,height,first-fit,SN,True,371,357,3.9216
ZDF2,660,height,first-fit,MinD,False,366,357,2.5210
ZDF2,660,height,first-fit,MinD,True,366,357,2.5210
ZDF2,660,height,first-fit,MaxD,False,369,357,3.3613
ZDF2,660,height,first-fit,MaxD,True,369,357,3.3613
ZDF2,660,height,tre,LM,False,360,357,0.8403
ZDF2,660,height,tre,LM,True,360,357,0.8403
ZDF2,660,height,tre,RM,False,359,357,0.5602
ZDF2,660,height,tre,RM,True,359,357,0.5602
ZDF2,660,height,tre,TN,False,359,357,0.5602
ZDF2,660,height,tre,TN,True,359,357,0.5602
ZDF2,660,height,tre,SN,False,363,357,1.6807
ZDF2,660,height,tre,SN,True,363,357,1.6807
ZDF2,660,height,tre,MinD,False,360,357,0.8403
ZDF2,660,height,tre,MinD,True,360,357,0.8403
ZDF2,660,height,tre,MaxD,False,361,357,1.1204
ZDF2,660,height,tre,MaxD,True,361,357,1.1204
ZDF2,660,height,nre,LM,False,359,357,0.5602
ZDF2,660,height,nre,LM,True,359,357,0.5602
ZDF2,660,height,nre,RM,False,360,357,0.8403
ZDF2,660,height,nre,RM,True,360,357,0.8403
ZDF2,660,height,nre,TN,False,359,357,0.5602
ZDF2,660,height,nre,TN,True,359,357,0.5602
ZDF2,660,height,nre,SN,False,360,357,0.8403
ZDF2,660,height,nre,SN,True,360,357,0.8403
ZDF2,660,height,nre,MinD,False,358,357,0.2801
ZDF2,660,height,nre,MinD,True,358,357,0.2801
ZDF2,660,height,nre,MaxD,False,360,357,0.8403
ZDF2,660,height,nre,MaxD,True,360,357,0.8403
ZDF2,660,height,fitness-number,LM,False,361,357,1.1204
ZDF2,660,height,fitness-number,LM,True,361,357,1.1204
ZDF2,660,height,fitness-number,RM,False,361,357,1.1204
ZDF2,660,height,fitness-number,RM,True,361,357,1.1204
ZDF2,660,height,fitness-number,TN,False,361,357,1.1204
ZDF2,660,height,fitness-number,TN,True,361,357,1.1204
ZDF2,660,height,fitness-number,SN,False,361,357,1.1204
ZDF2,660,height,fitness-number,SN,True,361,357,1.1204
ZDF2,660,height,fitness-number,MinD,False,361,357,1.1204
ZDF2,660,height,fitness-number,MinD,True,361,357,1.1204
ZDF2,660,height,fitness-number,MaxD,False,361,357,1.1204
ZDF2,660,height,fitness-number,MaxD,True,361,357,1.1204
ZDF2,660,height,max-area,LM,False,366,357,2.5210
ZDF2,660,height,max-area,LM,True,366,357,2.5210
ZDF2,660,height,max-area,RM,False,367,357,2.8011
ZDF2,660,height,max-area,RM,True,367,357,2.8011
ZDF2,660,height,max-area,TN,False,366,357,2.5210
ZDF2,660,height,max-area,TN,True,366,357,2.5210
ZDF2,660,height,max-area,SN,False,371,357,3.9216
ZDF2,660,height,max-area,SN,True,371,357,3.9216
ZDF2,660,height,max-area,MinD,False,366,357,2.5210
ZDF2,660,height,max-area,MinD,True,366,357,2.5210
ZDF2,660,height,max-area,MaxD,False,369,357,3.3613
ZDF2,660,height,max-area,MaxD,True,369,357,3.3613
ZDF2,660,area,widest-fit,LM,False,388,357,8.6835
ZDF2,660,area,widest-fit,LM,True,388,357,8.6835
ZDF2,660,area,widest-fit,RM,False,384,357,7.5630
ZDF2,660,area,widest-fit,RM,True,384,357,7.5630
ZDF2,660,area,widest-fit,TN,False,363,357,1.6807
ZDF2,660,area,widest-fit,TN,True,363,357,1.6807
ZDF2,660,area,widest-fit,SN,False,366,357,2.5210
ZDF2,660,area,widest-fit,SN,True,366,357,2.5210
ZDF2,660,area,widest-fit,MinD,False,393,357,10.0840
ZDF2,660,area,widest-fit,MinD,True,393,357,10.0840
ZDF2,660,area,widest-fit,MaxD,False,364,357,1.9608
ZDF2,660,area,widest-fit,MaxD,True,364,357,1.9608
ZDF2,660,area,first-fit,LM,False,369,357,3.3613
ZDF2,660,area,first-fit,LM,True,369,357,3.3613
ZDF2,660,area,first-fit,RM,False,369,357,3.3613
ZDF2,660,area,first-fit,RM,True,369,357,3.3613
ZDF2,660,area,first-fit,TN,False,366,357,2.5210
ZDF2,660,area,first-fit,TN,True,366,357,2.5210
ZDF2,660,area,first-fit,SN,False,375,357,5.0420
ZDF2,660,area,first-fit,SN,True,375,357,5.0420
ZDF2,660,area,first-fit,MinD,False,370,357,3.6415
ZDF2,660,area,first-fit,MinD,True,370,357,3.6415
ZDF2,660,area,first-fit,MaxD,False,371,357,3.9216
ZDF2,660,area,first-fit,MaxD,True,371,357,3.9216
ZDF2,660,area,tre,LM,False,360,357,0.8403
ZDF2,660,area,tre,LM,True,360,357,0.8403
ZDF2,660,area,tre,RM,False,360,357,0.8403
ZDF2,660,area,tre,RM,True,360,357,0.8403
ZDF2,660,area,tre,TN,False,359,357,0.5602
ZDF2,660,area,tre,TN,True,359,357,0.5602
ZDF2,660,area,tre,SN,False,360,357,0.8403
ZDF2,660,area,tre,SN,True,360,357,0.8403
ZDF2,660,area,tre,MinD,False,360,357,0.8403
ZDF2,660,area,tre,MinD,True,360,357,0.8403
ZDF2,660,area,tre,MaxD,False,361,357,1.1204
ZDF2,660,area,tre,MaxD,True,361,357,1.1204
ZDF2,660,area,nre,LM,False,360,357,0.8403
ZDF2,660,area,nre,LM,True,360,357,0.8403
ZDF2,660,area,nre,RM,False,360,357,0.8403
ZDF2,660,area,nre,RM,True,360,357,0.8403
ZDF2,660,area,nre,TN,False,359,357,0.5602
ZDF2,660,area,nre,TN,True,359,357,0.5602
ZDF2,660,area,nre,SN,False,359,357,0.5602
ZDF2,660,area,nre,SN,True,359,357,0.5602
ZDF2,660,area,nre,MinD,False,360,357,0.8403
ZDF2,660,area,nre,MinD,True,360,357,0.8403
ZDF2,660,area,nre,MaxD,False,358,357,0.2801
ZDF2,660,area,nre,MaxD,True,358,357,0.2801
ZDF2,660,area,fitness-number,LM,False,359,357,0.5602
ZDF2,660,area,fitness-number,LM,True,359,357,0.5602
ZDF2,660,area,fitness-number,RM,False,359,357,0.5602
ZDF2,660,area,fitness-number,RM,True,359,357,0.5602
ZDF2,660,area,fitness-number,TN,False,359,357,0.5602
ZDF2,660,area,fitness-number,TN,True,359,357,0.5602
ZDF2,660,area,fitness-number,SN,False,359,357,0.5602
ZDF2,660,area,fitness-number,SN,True,359,357,0.5602
ZDF2,660,area,fitness-number,MinD,False,359,357,0.5602
ZDF2,660,area,fitness-number,MinD,True,359,357,0.5602
ZDF2,660,area,fitness-number,MaxD,False,359,357,0.5602
ZDF2,660,area,fitness-number,MaxD,True,359,357,0.5602
ZDF2,660,area,max-area,LM,False,364,357,1.9608
ZDF2,660,area,max-area,LM,True,364,357,1.9608
ZDF2,660,area,max-area,RM,False,365,357,2.2409
ZDF2,660,area,max-area,RM,True,365,357,2.2409
ZDF2,660,area,max-area,TN,False,362,357,1.4006
ZDF2,660,area,max-area,TN,True,362,357,1.4006
ZDF2,660,area,max-area,SN,False,370,357,3.6415
ZDF2,660,area,max-area,SN,True,370,357,3.6415
ZDF2,660,area,max-area,MinD,False,364,357,1.9608
ZDF2,660,area,max-area,MinD,True,364,357,1.9608
ZDF2,660,area,max-area,MaxD,False,365,357,2.2409
ZDF2,660,area,max-area,MaxD,True,365,357,2.2409
ZDF2,660,perimeter,widest-fit,LM,False,388,357,8.6835
ZDF2,660,perimeter,widest-fit,LM,True,388,357,8.6835
ZDF2,660,perimeter,widest-fit,RM,False,384,357,7.5630
ZDF2,660,perimeter,widest-fit,RM,True,384,357,7.5630
ZDF2,660,perimeter,widest-fit,TN,False,363,357,1.6807
ZDF2,660,perimeter,widest-fit,TN,True,363,357,1.6807
ZDF2,660,perimeter,widest-fit,SN,False,366,357,2.5210
ZDF2,660,perimeter,widest-fit,SN,True,366,357,2.5210
ZDF2,660,perimeter,widest-fit,MinD,False,393,357,10.0840
ZDF2,660,perimeter,widest-fit,MinD,True,393,357,10.0840
ZDF2,660,perimeter,widest-fit,MaxD,False,364,357,1.9608
ZDF2,660,perimeter,widest-fit,MaxD,True,364,357,1.9608
ZDF2,660,perimeter,first-fit,LM,False,368,357,3.0812
ZDF2,660,perimeter,first-fit,LM,True,368,357,3.0812
ZDF2,660,perimeter,first-fit,RM,False,369,357,3.3613
ZDF2,660,perimeter,first-fit,RM,True,369,357,3.3613
ZDF2,660,perimeter,first-fit,TN,False,365,357,2.2409
ZDF2,660,perimeter,first-fit,TN,True,365,357,2.2409
ZDF2,660,perimeter,first-fit,SN,False,372,357,4.2017
ZDF2,660,perimeter,first-fit,SN,True,372,357,4.2017
ZDF2,660,perimeter,first-fit,MinD,False,367,357,2.8011
ZDF2,660,perimeter,first-fit,MinD,True,367,357,2.8011
ZDF2,660,perimeter,first-fit,MaxD,False,364,357,1.9608
ZDF2,660,perimeter,first-fit,MaxD,True,364,357,1.9608
ZDF2,660,perimeter,tre,LM,False,359,357,0.5602
ZDF2,660,perimeter,tre,LM,True,359,357,0.5602
ZDF2,660,perimeter,tre,RM,False,360,357,0.8403
ZDF2,660,perimeter,tre,RM,True,360,357,0.8403
ZDF2,660,perimeter,tre,TN,False,360,357,0.8403
ZDF2,660,perimeter,tre,TN,True,360,357,0.8403
ZDF2,660,perimeter,tre,SN,False,361,357,1.1204
ZDF2,660,perimeter,tre,SN,True,361,357,1.1204
ZDF2,660,perimeter,tre,MinD,False,359,357,0.5602
ZDF2,660,perimeter,tre,MinD,True,359,357,0.5602
ZDF2,660,perimeter,tre,MaxD,False,361,357,1.1204
ZDF2,660,perimeter,tre,MaxD,True,361,357,1.1204
ZDF2,660,perimeter,nre,LM,False,359,357,0.5602
ZDF2,660,perimeter,nre,LM,True,359,357,0.5602
ZDF2,660,perimeter,nre,RM,False,359,357,0.5602
ZDF2,660,perimeter,nre,RM,True,359,357,0.5602
ZDF2,660,perimeter,nre,TN,False,360,357,0.8403
ZDF2,660,perimeter,nre,TN,True,360,357,0.8403
ZDF2,660,perimeter,nre,SN,False,360,357,0.8403
ZDF2,660,perimeter,nre,SN,True,360,357,0.8403
ZDF2,660,perimeter,nre,MinD,False,360,357,0.8403
ZDF2,660,perimeter,nre,MinD,True,360,357,0.8403
ZDF2,660,perimeter,nre,MaxD,False,360,357,0.8403
ZDF2,660,perimeter,nre,MaxD,True,360,357,0.8403
ZDF2,660,perimeter,fitness-number,LM,False,358,357,0.2801
ZDF2,660,perimeter,fitness-number,LM,True,358,357,0.2801
ZDF2,660,perimeter,fitness-number,RM,False,358,357,0.2801
ZDF2,660,perimeter,fitness-number,RM,True,358,357,0.2801
ZDF2,660,perimeter,fitness-number,TN,False,358,357,0.2801
ZDF2,660,perimeter,fitness-number,TN,True,358,357,0.2801
ZDF2,660,perimeter,fitness-number,SN,False,358,357,0.2801
ZDF2,660,perimeter,fitness-number,SN,True,358,357,0.2801
ZDF2,660,perimeter,fitness-number,MinD,False,358,357,0.2801
ZDF2,660,perimeter,fitness-number,MinD,True,358,357,0.2801
ZDF2,660,perimeter,fitness-number,MaxD,False,358,357,0.2801
ZDF2,660,perimeter,fitness-number,MaxD,True,358,357,0.2801
ZDF2,660,perimeter,max-area,LM,False,366,357,2.5210
ZDF2,660,perimeter,max-area,LM,True,366,357,2.5210
ZDF2,660,perimeter,max-area,RM,False,365,357,2.2409
ZDF2,660,perimeter,max-area,RM,True,365,357,2.2409
ZDF2,660,perimeter,max-area,TN,False,364,357,1.9608
ZDF2,660,perimeter,max-area,TN,True,364,357,1.9608
ZDF2,660,perimeter,max-area,SN,False,369,357,3.3613
ZDF2,660,perimeter,max-area,SN,True,369,357,3.3613
ZDF2,660,perimeter,max-area,MinD,False,366,357,2.5210
ZDF2,660,perimeter,max-area,MinD,True,366,357,2.5210
ZDF2,660,perimeter,max-area,MaxD,False,367,357,2.8011
ZDF2,660,perimeter,max-area,MaxD,True,367,357,2.8011
ZDF2,660,maxside,widest-fit,LM,False,388,357,8.6835
ZDF2,660,maxside,widest-fit,LM,True,388,357,8.6835
ZDF2,660,maxside,widest-fit,RM,False,384,357,7.5630
ZDF2,660,maxside,widest-fit,RM,True,384,357,7.5630
ZDF2,660,maxside,widest-fit,TN,False,363,357,1.6807
ZDF2,660,maxside,widest-fit,TN,True,363,357,1.6807
ZDF2,660,maxside,widest-fit,SN,False,366,357,2.5210
ZDF2,660,maxside,widest-fit,SN,True,366,357,2.5210
ZDF2,660,maxside,widest-fit,MinD,False,393,357,10.0840
ZDF2,660,maxside,widest-fit,MinD,True,393,357,10.0840
ZDF2,660,maxside,widest-fit,MaxD,False,364,357,1.9608
ZDF2,660,maxside,widest-fit,MaxD,True,364,357,1.9608
ZDF2,660,maxside,first-fit,LM,False,363,357,1.6807
ZDF2,660,maxside,first-fit,LM,True,363,357,1.6807
ZDF2,660,maxside,first-fit,RM,False,363,357,1.6807
ZDF2,660,maxside,first-fit,RM,True,363,357,1.6807
ZDF2,660,maxside,first-fit,TN,False,361,357,1.1204
ZDF2,660,maxside,first-fit,TN,True,361,357,1.1204
ZDF2,660,maxside,first-fit,SN,False,367,357,2.8011
ZDF2,660,maxside,first-fit,SN,True,367,357,2.8011
ZDF2,660,maxside,first-fit,MinD,False,364,357,1.9608
ZDF2,660,maxside,first-fit,MinD,True,364,357,1.9608
ZDF2,660,maxside,first-fit,MaxD,False,365,357,2.2409
ZDF2,660,maxside,first-fit,MaxD,True,365,357,2.2409
ZDF2,660,maxside,tre,LM,False,360,357,0.8403
ZDF2,660,maxside,tre,LM,True,360,357,0.8403
ZDF2,660,maxside,tre,RM,False,360,357,0.8403
ZDF2,660,maxside,tre,RM,True,360,357,0.8403
ZDF2,660,maxside,tre,TN,False,360,357,0.8403
ZDF2,660,maxside,tre,TN,True,360,357,0.8403
ZDF2,660,maxside,tre,SN,False,361,357,1.1204
ZDF2,660,maxside,tre,SN,True,361,357,1.1204
ZDF2,660,maxside,tre,MinD,False,360,357,0.8403
ZDF2,660,maxside,tre,MinD,True,360,357,0.8403
ZDF2,660,maxside,tre,MaxD,False,362,357,1.4006
ZDF2,660,maxside,tre,MaxD,True,362,357,1.4006
ZDF2,660,maxside,nre,LM,False,359,357,0.5602
ZDF2,660,maxside,nre,LM,True,359,357,0.5602
ZDF2,660,maxside,nre,RM,False,360,357,0.8403
ZDF2,660,maxside,nre,RM,True,360,357,0.8403
ZDF2,660,maxside,nre,TN,False,359,357,0.5602
ZDF2,660,maxside,nre,TN,True,359,357,0.5602
ZDF2,660,maxside,nre,SN,False,358,357,0.2801
ZDF2,660,maxside,nre,SN,True,358,357,0.2801
ZDF2,660,maxside,nre,MinD,False,358,357,0.2801
ZDF2,660,maxside,nre,MinD,True,358,357,0.2801
ZDF2,660,maxside,nre,MaxD,False,359,357,0.5602
ZDF2,660,maxside,nre,MaxD,True,359,357,0.5602
ZDF2,660,maxside,fitness-number,LM,False,359,357,0.5602
ZDF2,660,maxside,fitness-number,LM,True,359,357,0.5602
ZDF2,660,maxside,fitness-number,RM,False,359,357,0.5602
ZDF2,660,maxside,fitness-number,RM,True,359,357,0.5602
ZDF2,660,maxside,fitness-number,TN,False,359,357,0.5602
ZDF2,660,maxside,fitness-number,TN,True,359,357,0.5602
ZDF2,660,maxside,fitness-number,SN,False,359,357,0.5602
ZDF2,660,maxside,fitness-number,SN,True,359,357,0.5602
ZDF2,660,maxside,fitness-number,MinD,False,359,357,0.5602
ZDF2,660,maxside,fitness-number,MinD,True,359,357,0.5602
ZDF2,660,maxside,fitness-number,MaxD,False,359,357,0.5602
ZDF2,660,maxside,fitness-number,MaxD,True,359,357,0.5602
ZDF2,660,maxside,max-area,LM,False,368,357,3.0812
ZDF2,660,maxside,max-area,LM,True,368,357,3.0812
ZDF2,660,maxside,max-area,RM,False,365,357,2.2409
ZDF2,660,maxside,max-area,RM,True,365,357,2.2409
ZDF2,660,maxside,max-area,TN,False,366,357,2.5210
ZDF2,660,maxside,max-area,TN,True,366,357,2.5210
ZDF2,660,maxside,max-area,SN,False,367,357,2.8011
ZDF2,660,maxside,max-area,SN,True,367,357,2.8011
ZDF2,660,maxside,max-area,MinD,False,369,357,3.3613
ZDF2,660,maxside,max-area,MinD,True,369,357,3.3613
ZDF2,660,maxside,max-area,MaxD,False,368,357,3.0812
ZDF2,660,maxside,max-area,MaxD,True,368,357,3.0812
ZDF2,660,diagonal,widest-fit,LM,False,388,357,8.6835
ZDF2,660,diagonal,widest-fit,LM,True,388,357,8.6835
ZDF2,660,diagonal,widest-fit,RM,False,384,357,7.5630
ZDF2,660,diagonal,widest-fit,RM,True,384,357,7.5630
ZDF2,660,diagonal,widest-fit,TN,False,363,357,1.6807
ZDF2,660,diagonal,widest-fit,TN,True,363,357,1.6807
ZDF2,660,diagonal,widest-fit,SN,False,366,357,2.5210
ZDF2,660,diagonal,widest-fit,SN,True,366,357,2.5210
ZDF2,660,diagonal,widest-fit,MinD,False,393,357,10.0840
ZDF2,660,diagonal,widest-fit,MinD,True,393,357,10.0840
ZDF2,660,diagonal,widest-fit,MaxD,False,364,357,1.9608
ZDF2,660,diagonal,widest-fit,MaxD,True,364,357,1.9608
ZDF2,660,diagonal,first-fit,LM,False,368,357,3.0812
ZDF2,660,diagonal,first-fit,LM,True,368,357,3.0812
ZDF2,660,diagonal,first-fit,RM,False,377,357,5.6022
ZDF2,660,diagonal,first-fit,RM,True,377,357,5.6022
ZDF2,660,diagonal,first-fit,TN,False,365,357,2.2409
ZDF2,660,diagonal,first-fit,TN,True,365,357,2.2409
ZDF2,660,diagonal,first-fit,SN,False,395,357,10.6443
ZDF2,660,diagonal,first-fit,SN,True,387,357,8.4034
ZDF2,660,diagonal,first-fit,MinD,False,378,357,5.8824
ZDF2,660,diagonal,first-fit,MinD,True,378,357,5.8824
ZDF2,660,diagonal,first-fit,MaxD,False,375,357,5.0420
ZDF2,660,diagonal,first-fit,MaxD,True,375,357,5.0420
ZDF2,660,diagonal,tre,LM,False,359,357,0.5602
ZDF2,660,diagonal,tre,LM,True,359,357,0.5602
ZDF2,660,diagonal,tre,RM,False,360,357,0.8403
ZDF2,660,diagonal,tre,RM,True,360,357,0.8403
ZDF2,660,diagonal,tre,TN,False,359,357,0.5602
ZDF2,660,diagonal,tre,TN,True,359,357,0.5602
ZDF2,660,diagonal,tre,SN,False,361,357,1.1204
ZDF2,660,diagonal,tre,SN,True,361,357,1.1204
ZDF2,660,diagonal,tre,MinD,False,360,357,0.8403
ZDF2,660,diagonal,tre,MinD,True,360,357,0.8403
ZDF2,660,diagonal,tre,MaxD,False,360,357,0.8403
ZDF2,660,diagonal,tre,MaxD,True,360,357,0.8403
ZDF2,660,diagonal,nre,LM,False,358,357,0.2801
ZDF2,660,diagonal,nre,LM,True,358,357,0.2801
ZDF2,660,diagonal,nre,RM,False,358,357,0.2801
ZDF2,660,diagonal,nre,RM,True,358,357,0.2801
ZDF2,660,diagonal,nre,TN,False,358,357,0.2801
ZDF2,660,diagonal,nre,TN,True,358,357,0.2801
ZDF2,660,diagonal,nre,SN,False,358,357,0.2801
ZDF2,660,diagonal,nre,SN,True,358,357,0.2801
ZDF2,660,diagonal,nre,MinD,False,359,357,0.5602
ZDF2,660,diagonal,nre,MinD,True,359,357,0.5602
ZDF2,660,diagonal,nre,MaxD,False,359,357,0.5602
ZDF2,660,diagonal,nre,MaxD,True,359,357,0.5602
ZDF2,660,diagonal,fitness-number,LM,False,358,357,0.2801
ZDF2,660,diagonal,fitness-number,LM,True,358,357,0.2801
ZDF2,660,diagonal,fitness-number,RM,False,358,357,0.2801
ZDF2,660,diagonal,fitness-number,RM,True,358,357,0.2801
ZDF2,660,diagonal,fitness-number,TN,False,358,357,0.2801
ZDF2,660,diagonal,fitness-number,TN,True,358,357,0.2801
ZDF2,660,diagonal,fitness-number,SN,False,358,357,0.2801
ZDF2,660,diagonal,fitness-number,SN,True,358,357,0.2801
ZDF2,660,diagonal,fitness-number,MinD,False,358,357,0.2801
ZDF2,660,diagonal,fitness-number,MinD,True,358,357,0.2801
ZDF2,660,diagonal,fitness-number,MaxD,False,358,357,0.2801
ZDF2,660,diagonal,fitness-number,MaxD,True,358,357,0.2801
ZDF2,660,diagonal,max-area,LM,False,366,357,2.5210
ZDF2,660,diagonal,max-area,LM,True,366,357,2.5210
ZDF2,660,diagonal,max-area,RM,False,366,357,2.5210
ZDF2,660,diagonal,max-area,RM,True,366,357,2.5210
ZDF2,660,diagonal,max-area,TN,False,365,357,2.2409
ZDF2,660,diagonal,max-area,TN,True,365,357,2.2409
ZDF2,660,diagonal,max-area,SN,False,369,357,3.3613
ZDF2,660,diagonal,max-area,SN,True,369,357,3.3613
ZDF2,660,diagonal,max-area,MinD,False,364,357,1.9608
ZDF2,660,diagonal,max-area,MinD,True,364,357,1.9608
ZDF2,660,diagonal,max-area,MaxD,False,367,357,2.8011
ZDF2,660,diagonal,max-area,MaxD,True,367,357,2.8011
ZDF3,740,width,widest-fit,LM,False,393,384,2.3438
ZDF3,740,width,widest-fit,LM,True,393,384,2.3438
ZDF3,740,width,widest-fit,RM,False,392,384,2.0833
ZDF3,740,width,widest-fit,RM,True,392,384,2.0833
ZDF3,740,width,widest-fit,TN,False,389,384,1.3021
ZDF3,740,width,widest-fit,TN,True,389,384,1.3021
ZDF3,740,width,widest-fit,SN,False,408,384,6.2500
ZDF3,740,width,widest-fit,SN,True,408,384,6.2500
ZDF3,740,width,widest-fit,MinD,False,395,384,2.8646
ZDF3,740,width,widest-fit,MinD,True,395,384,2.8646
ZDF3,740,width,widest-fit,MaxD,False,390,384,1.5625
ZDF3,740,width,widest-fit,MaxD,True,390,384,1.5625
ZDF3,740,width,first-fit,LM,False,390,384,1.5625
ZDF3,740,width,first-fit,LM,True,390,384,1.5625
ZDF3,740,width,first-fit,RM,False,390,384,1.5625
ZDF3,740,width,first-fit,RM,True,390,384,1.5625
ZDF3,740,width,first-fit,TN,False,388,384,1.0417
ZDF3,740,width,first-fit,TN,True,388,384,1.0417
ZDF3,740,width,first-fit,SN,False,393,384,2.3438
ZDF3,740,width,first-fit,SN,True,393,384,2.3438
ZDF3,740,width,first-fit,MinD,False,388,384,1.0417
ZDF3,740,width,first-fit,MinD,True,388,384,1.0417
ZDF3,740,width,first-fit,MaxD,False,395,384,2.8646
ZDF3,740,width,first-fit,MaxD,True,395,384,2.8646
ZDF3,740,width,tre,LM,False,387,384,0.7812
ZDF3,740,width,tre,LM,True,387,384,0.7812
ZDF3,740,width,tre,RM,False,389,384,1.3021
ZDF3,740,width,tre,RM,True,389,384,1.3021
ZDF3,740,width,tre,TN,False,387,384,0.7812
ZDF3,740,width,tre,TN,True,387,384,0.7812
ZDF3,740,width,tre,SN,False,387,384,0.7812
ZDF3,740,width,tre,SN,True,387,384,0.7812
ZDF3,740,width,tre,MinD,False,387,384,0.7812
ZDF3,740,width,tre,MinD,True,387,384,0.7812
ZDF3,740,width,tre,MaxD,False,389,384,1.3021
ZDF3,740,width,tre,MaxD,True,389,384,1.3021
ZDF3,740,width,nre,LM,False,384,384,0.0000
ZDF3,740,width,nre,LM,True,384,384,0.0000
ZDF3,740,width,nre,RM,False,385,384,0.2604
ZDF3,740,width,nre,RM,True,385,384,0.2604
ZDF3,740,width,nre,TN,False,386,384,0.5208
ZDF3,740,width,nre,TN,True,386,384,0.5208
ZDF3,740,width,nre,SN,False,384,384,0.0000
ZDF3,740,width,nre,SN,True,384,384,0.0000
ZDF3,740,width,nre,MinD,False,386,384,0.5208
ZDF3,740,width,nre,MinD,True,386,384,0.5208
ZDF3,740,width,nre,MaxD,False,385,384,0.2604
ZDF3,740,width,nre,MaxD,True,385,384,0.2604
ZDF3,740,width,fitness-number,LM,False,385,384,0.2604
ZDF3,740,width,fitness-number,LM,True,385,384,0.2604
ZDF3,740,width,fitness-number,RM,False,385,384,0.2604
ZDF3,740,width,fitness-number,RM,True,385,384,0.2604
ZDF3,740,width,fitness-number,TN,False,385,384,0.2604
ZDF3,740,width,fitness-number,TN,True,385,384,0.2604
ZDF3,740,width,fitness-number,SN,False,385,384,0.2604
ZDF3,740,width,fitness-number,SN,True,385,384,0.2604
ZDF3,740,width,fitness-number,MinD,False,385,384,0.2604
ZDF3,740,width,fitness-number,MinD,True,385,384,0.2604
ZDF3,740,width,fitness-number,MaxD,False,385,384,0.2604
ZDF3,740,width,fitness-number,MaxD,True,385,384,0.2604
ZDF3,740,width,max-area,LM,False,392,384,2.0833
ZDF3,740,width,max-area,LM,True,392,384,2.0833
ZDF3,740,width,max-area,RM,False,393,384,2.3438
ZDF3,740,width,max-area,RM,True,393,384,2.3438
ZDF3,740,width,max-area,TN,False,392,384,2.0833
ZDF3,740,width,max-area,TN,True,392,384,2.0833
ZDF3,740,width,max-area,SN,False,392,384,2.0833
ZDF3,740,width,max-area,SN,True,392,384,2.0833
ZDF3,740,width,max-area,MinD,False,394,384,2.6042
ZDF3,740,width,max-area,MinD,True,394,384,2.6042
ZDF3,740,width,max-area,MaxD,False,394,384,2.6042
ZDF3,740,width,max-area,MaxD,True,394,384,2.6042
ZDF3,740,height,widest-fit,LM,False,393,384,2.3438
ZDF3,740,height,widest-fit,LM,True,393,384,2.3438
ZDF3,740,height,widest-fit,RM,False,392,384,2.0833
ZDF3,740,height,widest-fit,RM,True,392,384,2.0833
ZDF3,740,height,widest-fit,TN,False,389,384,1.3021
ZDF3,740,height,widest-fit,TN,True,389,384,1.3021
ZDF3,740,height,widest-fit,SN,False,408,384,6.2500
ZDF3,740,height,widest-fit,SN,True,408,384,6.2500
ZDF3,740,height,widest-fit,MinD,False,395,384,2.8646
ZDF3,740,height,widest-fit,MinD,True,395,384,2.8646
ZDF3,740,height,widest-fit,MaxD,False,390,384,1.5625
ZDF3,740,height,widest-fit,MaxD,True,390,384,1.5625
ZDF3,740,height,first-fit,LM,False,396,384,3.1250
ZDF3,740,height,first-fit,LM,True,396,384,3.1250
ZDF3,740,height,first-fit,RM,False,395,384,2.8646
ZDF3,740,height,first-fit,RM,True,395,384,2.8646
ZDF3,740,height,first-fit,TN,False,394,384,2.6042
ZDF3,740,height,first-fit,TN,True,394,384,2.6042
ZDF3,740,height,first-fit,SN,False,396,384,3.1250
ZDF3,740,height,first-fit,SN,True,396,384,3.1250
ZDF3,740,height,first-fit,MinD,False,392,384,2.0833
ZDF3,740,height,first-fit,MinD,True,392,384,2.0833
ZDF3,740,height,first-fit,MaxD,False,398,384,3.6458
ZDF3,740,height,first-fit,MaxD,True,398,384,3.6458
ZDF3,740,height,tre,LM,False,386,384,0.5208
ZDF3,740,height,tre,LM,True,386,384,0.5208
ZDF3,740,height,tre,RM,False,396,384,3.1250
ZDF3,740,height,tre,RM,True,390,384,1.5625
ZDF3,740,height,tre,TN,False,386,384,0.5208
ZDF3,740,height,tre,TN,True,386,384,0.5208
ZDF3,740,height,tre,SN,False,388,384,1.0417
ZDF3,740,height,tre,SN,True,388,384,1.0417
ZDF3,740,height,tre,MinD,False,385,384,0.2604
ZDF3,740,height,tre,MinD,True,385,384,0.2604
ZDF3,740,height,tre,MaxD,False,387,384,0.7812
ZDF3,740,height,tre,MaxD,True,387,384,0.7812
ZDF3,740,height,nre,LM,False,387,384,0.7812
ZDF3,740,height,nre,LM,True,387,384,0.7812
ZDF3,740,height,nre,RM,False,386,384,0.5208
ZDF3,740,height,nre,RM,True,386,384,0.5208
ZDF3,740,height,nre,TN,False,389,384,1.3021
ZDF3,740,height,nre,TN,True,389,384,1.3021
ZDF3,740,height,nre,SN,False,387,384,0.7812
ZDF3,740,height,nre,SN,True,387,384,0.7812
ZDF3,740,height,nre,MinD,False,386,384,0.5208
ZDF3,740,height,nre,MinD,True,386,384,0.5208
ZDF3,740,height,nre,MaxD,False,387,384,0.7812
ZDF3,740,height,nre,MaxD,True,387,384,0.7812
ZDF3,740,height,fitness-number,LM,False,385,384,0.2604
ZDF3,740,height,fitness-number,LM,True,385,384,0.2604
ZDF3,740,height,fitness-number,RM,False,385,384,0.2604
ZDF3,740,height,fitness-number,RM,True,385,384,0.2604
ZDF3,740,height,fitness-number,TN,False,385,384,0.2604
ZDF3,740,height,fitness-number,TN,True,385,384,0.2604
ZDF3,740,height,fitness-number,SN,False,385,384,0.2604
ZDF3,740,height,fitness-number,SN,True,385,384,0.2604
ZDF3,740,height,fitness-number,MinD,False,385,384,0.2604
ZDF3,740,height,fitness-number,MinD,True,385,384,0.2604
ZDF3,740,height,fitness-number,MaxD,False,385,384,0.2604
ZDF3,740,height,fitness-number,MaxD,True,385,384,0.2604
ZDF3,740,height,max-area,LM,False,396,384,3.1250
ZDF3,740,height,max-area,LM,True,396,384,3.1250
ZDF3,740,height,max-area,RM,False,395,384,2.8646
ZDF3,740,height,max-area,RM,True,395,384,2.8646
ZDF3,740,height,max-area,TN,False,394,384,2.6042
ZDF3,740,height,max-area,TN,True,394,384,2.6042
ZDF3,740,height,max-area,SN,False,396,384,3.1250
ZDF3,740,height,max-area,SN,True,396,384,3.1250
ZDF3,740,height,max-area,MinD,False,392,384,2.0833
ZDF3,740,height,max-area,MinD,True,392,384,2.0833
ZDF3,740,height,max-area,MaxD,False,398,384,3.6458
ZDF3,740,height,max-area,MaxD,True,398,384,3.6458
ZDF3,740,area,widest-fit,LM,False,393,384,2.3438
ZDF3,740,area,widest-fit,LM,True,393,384,2.3438
ZDF3,740,area,widest-fit,RM,False,392,384,2.0833
ZDF3,740,area,widest-fit,RM,True,392,384,2.0833
ZDF3,740,area,widest-fit,TN,False,389,384,1.3021
ZDF3,740,area,widest-fit,TN,True,389,384,1.3021
ZDF3,740,area,widest-fit,SN,False,408,384,6.2500
ZDF3,740,area,widest-fit,SN,True,408,384,6.2500
ZDF3,740,area,widest-fit,MinD,False,395,384,2.8646
ZDF3,740,area,widest-fit,MinD,True,395,384,2.8646
ZDF3,740,area,widest-fit,MaxD,False,390,384,1.5625
ZDF3,740,area,widest-fit,MaxD,True,390,384,1.5625
ZDF3,740,area,first-fit,LM,False,398,384,3.6458
ZDF3,740,area,first-fit,LM,True,398,384,3.6458
ZDF3,740,area,first-fit,RM,False,398,384,3.6458
ZDF3,740,area,first-fit,RM,True,398,384,3.6458
ZDF3,740,area,first-fit,TN,False,392,384,2.0833
ZDF3,740,area,first-fit,TN,True,392,384,2.0833
ZDF3,740,area,first-fit,SN,False,401,384,4.4271
ZDF3,740,area,first-fit,SN,True,401,384,4.4271
ZDF3,740,area,first-fit,MinD,False,394,384,2.6042
ZDF3,740,area,first-fit,MinD,True,394,384,2.6042
ZDF3,740,area,first-fit,MaxD,False,397,384,3.3854
ZDF3,740,area,first-fit,MaxD,True,397,384,3.3854
ZDF3,740,area,tre,LM,False,386,384,0.5208
ZDF3,740,area,tre,LM,True,386,384,0.5208
ZDF3,740,area,tre,RM,False,385,384,0.2604
ZDF3,740,area,tre,RM,True,385,384,0.2604
ZDF3,740,area,tre,TN,False,387,384,0.7812
ZDF3,740,area,tre,TN,True,387,384,0.7812
ZDF3,740,area,tre,SN,False,387,384,0.7812
ZDF3,740,area,tre,SN,True,387,384,0.7812
ZDF3,740,area,tre,MinD,False,386,384,0.5208
ZDF3,740,area,tre,MinD,True,386,384,0.5208
ZDF3,740,area,tre,MaxD,False,386,384,0.5208
ZDF3,740,area,tre,MaxD,True,386,384,0.5208
ZDF3,740,area,nre,LM,False,387,384,0.7812
ZDF3,740,area,nre,LM,True,387,384,0.7812
ZDF3,740,area,nre,RM,False,385,384,0.2604
ZDF3,740,area,nre,RM,True,385,384,0.2604
ZDF3,740,area,nre,TN,False,384,384,0.0000
ZDF3,740,area,nre,TN,True,384,384,0.0000
ZDF3,740,area,nre,SN,False,385,384,0.2604
ZDF3,740,area,nre,SN,True,385,384,0.2604
ZDF3,740,area,nre,MinD,False,385,384,0.2604
ZDF3,740,area,nre,MinD,True,385,384,0.2604
ZDF3,740,area,nre,MaxD,False,384,384,0.0000
ZDF3,740,area,nre,MaxD,True,384,384,0.0000
ZDF3,740,area,fitness-number,LM,False,386,384,0.5208
ZDF3,740,area,fitness-number,LM,True,386,384,0.5208
ZDF3,740,area,fitness-number,RM,False,386,384,0.5208
ZDF3,740,area,fitness-number,RM,True,386,384,0.5208
ZDF3,740,area,fitness-number,TN,False,386,384,0.5208
ZDF3,740,area,fitness-number,TN,True,386,384,0.5208
ZDF3,740,area,fitness-number,SN,False,386,384,0.5208
ZDF3,740,area,fitness-number,SN,True,386,384,0.5208
ZDF3,740,area,fitness-number,MinD,False,386,384,0.5208
ZDF3,740,area,fitness-number,MinD,True,386,384,0.5208
ZDF3,740,area,fitness-number,MaxD,False,386,384,0.5208
ZDF3,740,area,fitness-number,MaxD,True,386,384,0.5208
ZDF3,740,area,max-area,LM,False,391,384,1.8229
ZDF3,740,area,max-area,LM,True,391,384,1.8229
ZDF3,740,area,max-area,RM,False,391,384,1.8229
ZDF3,740,area,max-area,RM,True,391,384,1.8229
ZDF3,740,area,max-area,TN,False,391,384,1.8229
ZDF3,740,area,max-area,TN,True,391,384,1.8229
ZDF3,740,area,max-area,SN,False,393,384,2.3438
ZDF3,740,area,max-area,SN,True,393,384,2.3438
ZDF3,740,area,max-area,MinD,False,391,384,1.8229
ZDF3,740,area,max-area,MinD,True,391,384,1.8229
ZDF3,740,area,max-area,MaxD,False,395,384,2.8646
ZDF3,740,area,max-area,MaxD,True,395,384,2.8646
ZDF3,740,perimeter,widest-fit,LM,False,393,384,2.3438
ZDF3,740,perimeter,widest-fit,LM,True,393,384,2.3438
ZDF3,740,perimeter,widest-fit,RM,False,392,384,2.0833
ZDF3,740,perimeter,widest-fit,RM,True,392,384,2.0833
ZDF3,740,perimeter,widest-fit,TN,False,389,384,1.3021
ZDF3,740,perimeter,widest-fit,TN,True,389,384,1.3021
ZDF3,740,perimeter,widest-fit,SN,False,408,384,6.2500
ZDF3,740,perimeter,widest-fit,SN,True,408,384,6.2500
ZDF3,740,perimeter,widest-fit,MinD,False,395,384,2.8646
ZDF3,740,perimeter,widest-fit,MinD,True,395,384,2.8646
ZDF3,740,perimeter,widest-fit,MaxD,False,390,384,1.5625
ZDF3,740,perimeter,widest-fit,MaxD,True,390,384,1.5625
ZDF3,740,perimeter,first-fit,LM,False,394,384,2.6042
ZDF3,740,perimeter,first-fit,LM,True,394,384,2.6042
ZDF3,740,perimeter,first-fit,RM,False,391,384,1.8229
ZDF3,740,perimeter,first-fit,RM,True,391,384,1.8229
ZDF3,740,perimeter,first-fit,TN,False,391,384,1.8229
ZDF3,740,perimeter,first-fit,TN,True,391,384,1.8229
ZDF3,740,perimeter,first-fit,SN,False,396,384,3.1250
ZDF3,740,perimeter,first-fit,SN,True,396,384,3.1250
ZDF3,740,perimeter,first-fit,MinD,False,391,384,1.8229
ZDF3,740,perimeter,first-fit,MinD,True,391,384,1.8229
ZDF3,740,perimeter,first-fit,MaxD,False,397,384,3.3854
ZDF3,740,perimeter,first-fit,MaxD,True,397,384,3.3854
ZDF3,740,perimeter,tre,LM,False,386,384,0.5208
ZDF3,740,perimeter,tre,LM,True,386,384,0.5208
ZDF3,740,perimeter,tre,RM,False,386,384,0.5208
ZDF3,740,perimeter,tre,RM,True,386,384,0.5208
ZDF3,740,perimeter,tre,TN,False,386,384,0.5208
ZDF3,740,perimeter,tre,TN,True,386,384,0.5208
ZDF3,740,perimeter,tre,SN,False,388,384,1.0417
ZDF3,740,perimeter,tre,SN,True,388,384,1.0417
ZDF3,740,perimeter,tre,MinD,False,386,384,0.5208
ZDF3,740,perimeter,tre,MinD,True,386,384,0.5208
ZDF3,740,perimeter,tre,MaxD,False,387,384,0.7812
ZDF3,740,perimeter,tre,MaxD,True,387,384,0.7812
ZDF3,740,perimeter,nre,LM,False,385,384,0.2604
ZDF3,740,perimeter,nre,LM,True,385,384,0.2604
ZDF3,740,perimeter,nre,RM,False,385,384,0.2604
ZDF3,740,perimeter,nre,RM,True,385,384,0.2604
ZDF3,740,perimeter,nre,TN,False,384,384,0.0000
ZDF3,740,perimeter,nre,TN,True,384,384,0.0000
ZDF3,740,perimeter,nre,SN,False,384,384,0.0000
ZDF3,740,perimeter,nre,SN,True,384,384,0.0000
ZDF3,740,perimeter,nre,MinD,False,384,384,0.0000
ZDF3,740,perimeter,nre,MinD,True,384,384,0.0000
ZDF3,740,perimeter,nre,MaxD,False,386,384,0.5208
ZDF3,740,perimeter,nre,MaxD,True,386,384,0.5208
ZDF3,740,perimeter,fitness-number,LM,False,386,384,0.5208
ZDF3,740,perimeter,fitness-number,LM,True,386,384,0.5208
ZDF3,740,perimeter,fitness-number,RM,False,386,384,0.5208
ZDF3,740,perimeter,fitness-number,RM,True,386,384,0.5208
ZDF3,740,perimeter,fitness-number,TN,False,386,384,0.5208
ZDF3,740,perimeter,fitness-number,TN,True,386,384,0.5208
ZDF3,740,perimeter,fitness-number,SN,False,386,384,0.5208
ZDF3,740,perimeter,fitness-number,SN,True,386,384,0.5208
ZDF3,740,perimeter,fitness-number,MinD,False,386,384,0.5208
ZDF3,740,perimeter,fitness-number,MinD,True,386,384,0.5208
ZDF3,740,perimeter,fitness-number,MaxD,False,386,384,0.5208
ZDF3,740,perimeter,fitness-number,MaxD,True,386,384,0.5208
ZDF3,740,perimeter,max-area,LM,False,395,384,2.8646
ZDF3,740,perimeter,max-area,LM,True,395,384,2.8646
ZDF3,740,perimeter,max-area,RM,False,391,384,1.8229
ZDF3,740,perimeter,max-area,RM,True,391,384,1.8229
ZDF3,740,perimeter,max-area,TN,False,388,384,1.0417
ZDF3,740,perimeter,max-area,TN,True,388,384,1.0417
ZDF3,740,perimeter,max-area,SN,False,397,384,3.3854
ZDF3,740,perimeter,max-area,SN,True,397,384,3.3854
ZDF3,740,perimeter,max-area,MinD,False,392,384,2.0833
ZDF3,740,perimeter,max-area,MinD,True,392,384,2.0833
ZDF3,740,perimeter,max-area,MaxD,False,398,384,3.6458
ZDF3,740,perimeter,max-area,MaxD,True,398,384,3.6458
ZDF3,740,maxside,widest-fit,LM,False,393,384,2.3438
ZDF3,740,maxside,widest-fit,LM,True,393,384,2.3438
ZDF3,740,maxside,widest-fit,RM,False,392,384,2.0833
ZDF3,740,maxside,widest-fit,RM,True,392,384,2.0833
ZDF3,740,maxside,widest-fit,TN,False,389,384,1.3021
ZDF3,740,maxside,widest-fit,TN,True,389,384,1.3021
ZDF3,740,maxside,widest-fit,SN,False,408,384,6.2500
ZDF3,740,maxside,widest-fit,SN,True,408,384,6.2500
ZDF3,740,maxside,widest-fit,MinD,False,395,384,2.8646
ZDF3,740,maxside,widest-fit,MinD,True,395,384,2.8646
ZDF3,740,maxside,widest-fit,MaxD,False,390,384,1.5625
ZDF3,740,maxside,widest-fit,MaxD,True,390,384,1.5625
ZDF3,740,maxside,first-fit,LM,False,390,384,1.5625
ZDF3,740,maxside,first-fit,LM,True,390,384,1.5625
ZDF3,740,maxside,first-fit,RM,False,390,384,1.5625
ZDF3,740,maxside,first-fit,RM,True,390,384,1.5625
ZDF3,740,maxside,first-fit,TN,False,388,384,1.0417
ZDF3,740,maxside,first-fit,TN,True,388,384,1.0417
ZDF3,740,maxside,first-fit,SN,False,393,384,2.3438
ZDF3,740,maxside,first-fit,SN,True,393,384,2.3438
ZDF3,740,maxside,first-fit,MinD,False,388,384,1.0417
ZDF3,740,maxside,first-fit,MinD,True,388,384,1.0417
ZDF3,740,maxside,first-fit,MaxD,False,395,384,2.8646
ZDF3,740,maxside,first-fit,MaxD,True,395,384,2.8646
ZDF3,740,maxside,tre,LM,False,387,384,0.7812
ZDF3,740,maxside,tre,LM,True,387,384,0.7812
ZDF3,740,maxside,tre,RM,False,389,384,1.3021
ZDF3,740,maxside,tre,RM,True,389,384,1.3021
ZDF3,740,maxside,tre,TN,False,387,384,0.7812
ZDF3,740,maxside,tre,TN,True,387,384,0.7812
ZDF3,740,maxside,tre,SN,False,387,384,0.7812
ZDF3,740,maxside,tre,SN,True,387,384,0.7812
ZDF3,740,maxside,tre,MinD,False,387,384,0.7812
ZDF3,740,maxside,tre,MinD,True,387,384,0.7812
ZDF3,740,maxside,tre,MaxD,False,389,384,1.3021
ZDF3,740,maxside,tre,MaxD,True,389,384,1.3021
ZDF3,740,maxside,nre,LM,False,384,384,0.0000
ZDF3,740,maxside,nre,LM,True,384,384,0.0000
ZDF3,740,maxside,nre,RM,False,385,384,0.2604
ZDF3,740,maxside,nre,RM,True,385,384,0.2604
ZDF3,740,maxside,nre,TN,False,386,384,0.5208
ZDF3,740,maxside,nre,TN,True,386,384,0.5208
ZDF3,740,maxside,nre,SN,False,384,384,0.0000
ZDF3,740,maxside,nre,SN,True,384,384,0.0000
ZDF3,740,maxside,nre,MinD,False,386,384,0.5208
ZDF3,740,maxside,nre,MinD,True,386,384,0.5208
ZDF3,740,maxside,nre,MaxD,False,385,384,0.2604
ZDF3,740,maxside,nre,MaxD,True,385,384,0.2604
ZDF3,740,maxside,fitness-number,LM,False,385,384,0.2604
ZDF3,740,maxside,fitness-number,LM,True,385,384,0.2604
ZDF3,740,maxside,fitness-number,RM,False,385,384,0.2604
ZDF3,740,maxside,fitness-number,RM,True,385,384,0.2604
ZDF3,740,maxside,fitness-number,TN,False,385,384,0.2604
ZDF3,740,maxside,fitness-number,TN,True,385,384,0.2604
ZDF3,740,maxside,fitness-number,SN,False,385,384,0.2604
ZDF3,740,maxside,fitness-number,SN,True,385,384,0.2604
ZDF3,740,maxside,fitness-number,MinD,False,385,384,0.2604
ZDF3,740,maxside,fitness-number,MinD,True,385,384,0.2604
ZDF3,740,maxside,fitness-number,MaxD,False,385,384,0.2604
ZDF3,740,maxside,fitness-number,MaxD,True,385,384,0.2604
ZDF3,740,maxside,max-area,LM,False,392,384,2.0833
ZDF3,740,maxside,max-area,LM,True,392,384,2.0833
ZDF3,740,maxside,max-area,RM,False,393,384,2.3438
ZDF3,740,maxside,max-area,RM,True,393,384,2.3438
ZDF3,740,maxside,max-area,TN,False,392,384,2.0833
ZDF3,740,maxside,max-area,TN,True,392,384,2.0833
ZDF3,740,maxside,max-area,SN,False,392,384,2.0833
ZDF3,740,maxside,max-area,SN,True,392,384,2.0833
ZDF3,740,maxside,max-area,MinD,False,394,384,2.6042
ZDF3,740,maxside,max-area,MinD,True,394,384,2.6042
ZDF3,740,maxside,max-area,MaxD,False,394,384,2.6042
ZDF3,740,maxside,max-area,MaxD,True,394,384,2.6042
ZDF3,740,diagonal,widest-fit,LM,False,393,384,2.3438
ZDF3,740,diagonal,widest-fit,LM,True,393,384,2.3438
ZDF3,740,diagonal,widest-fit,RM,False,392,384,2.0833
ZDF3,740,diagonal,widest-fit,RM,True,392,384,2.0833
ZDF3,740,diagonal,widest-fit,TN,False,389,384,1.3021
ZDF3,740,diagonal,widest-fit,TN,True,389,384,1.3021
ZDF3,740,diagonal,widest-fit,SN,False,408,384,6.2500
ZDF3,740,diagonal,widest-fit,SN,True,408,384,6.2500
ZDF3,740,diagonal,widest-fit,MinD,False,395,384,2.8646
ZDF3,740,diagonal,widest-fit,MinD,True,395,384,2.8646
ZDF3,740,diagonal,widest-fit,MaxD,False,390,384,1.5625
ZDF3,740,diagonal,widest-fit,MaxD,True,390,384,1.5625
ZDF3,740,diagonal,first-fit,LM,False,408,384,6.2500
ZDF3,740,diagonal,first-fit,LM,True,408,384,6.2500
ZDF3,740,diagonal,first-fit,RM,False,402,384,4.6875
ZDF3,740,diagonal,first-fit,RM,True,402,384,4.6875
ZDF3,740,diagonal,first-fit,TN,False,391,384,1.8229
ZDF3,740,diagonal,first-fit,TN,True,391,384,1.8229
ZDF3,740,diagonal,first-fit,SN,False,426,384,10.9375
ZDF3,740,diagonal,first-fit,SN,True,418,384,8.8542
ZDF3,740,diagonal,first-fit,MinD,False,391,384,1.8229
ZDF3,740,diagonal,first-fit,MinD,True,391,384,1.8229
ZDF3,740,diagonal,first-fit,MaxD,False,397,384,3.3854
ZDF3,740,diagonal,first-fit,MaxD,True,397,384,3.3854
ZDF3,740,diagonal,tre,LM,False,386,384,0.5208
ZDF3,740,diagonal,tre,LM,True,386,384,0.5208
ZDF3,740,diagonal,tre,RM,False,386,384,0.5208
ZDF3,740,diagonal,tre,RM,True,386,384,0.5208
ZDF3,740,diagonal,tre,TN,False,386,384,0.5208
ZDF3,740,diagonal,tre,TN,True,386,384,0.5208
ZDF3,740,diagonal,tre,SN,False,387,384,0.7812
ZDF3,740,diagonal,tre,SN,True,387,384,0.7812
ZDF3,740,diagonal,tre,MinD,False,386,384,0.5208
ZDF3,740,diagonal,tre,MinD,True,386,384,0.5208
ZDF3,740,diagonal,tre,MaxD,False,387,384,0.7812
ZDF3,740,diagonal,tre,MaxD,True,387,384,0.7812
ZDF3,740,diagonal,nre,LM,False,385,384,0.2604
ZDF3,740,diagonal,nre,LM,True,385,384,0.2604
ZDF3,740,diagonal,nre,RM,False,385,384,0.2604
ZDF3,740,diagonal,nre,RM,True,385,384,0.2604
ZDF3,740,diagonal,nre,TN,False,385,384,0.2604
ZDF3,740,diagonal,nre,TN,True,385,384,0.2604
ZDF3,740,diagonal,nre,SN,False,387,384,0.7812
ZDF3,740,diagonal,nre,SN,True,387,384,0.7812
ZDF3,740,diagonal,nre,MinD,False,387,384,0.7812
ZDF3,740,diagonal,nre,MinD,True,387,384,0.7812
ZDF3,740,diagonal,nre,MaxD,False,385,384,0.2604
ZDF3,740,diagonal,nre,MaxD,True,385,384,0.2604
ZDF3,740,diagonal,fitness-number,LM,False,385,384,0.2604
ZDF3,740,diagonal,fitness-number,LM,True,385,384,0.2604
ZDF3,740,diagonal,fitness-number,RM,False,385,384,0.2604
ZDF3,740,diagonal,fitness-number,RM,True,385,384,0.2604
ZDF3,740,diagonal,fitness-number,TN,False,385,384,0.2604
ZDF3,740,diagonal,fitness-number,TN,True,385,384,0.2604
ZDF3,740,diagonal,fitness-number,SN,False,385,384,0.2604
ZDF3,740,diagonal,fitness-number,SN,True,385,384,0.2604
ZDF3,740,diagonal,fitness-number,MinD,False,385,384,0.2604
ZDF3,740,diagonal,fitness-number,MinD,True,385,384,0.2604
ZDF3,740,diagonal,fitness-number,MaxD,False,385,384,0.2604
ZDF3,740,diagonal,fitness-number,MaxD,True,385,384,0.2604
ZDF3,740,diagonal,max-area,LM,False,393,384,2.3438
ZDF3,740,diagonal,max-area,LM,True,393,384,2.3438
ZDF3,740,diagonal,max-area,RM,False,392,384,2.0833
ZDF3,740,diagonal,max-area,RM,True,392,384,2.0833
ZDF3,740,diagonal,max-area,TN,False,392,384,2.0833
ZDF3,740,diagonal,max-area,TN,True,392,384,2.0833
ZDF3,740,diagonal,max-area,SN,False,397,384,3.3854
ZDF3,740,diagonal,max-area,SN,True,397,384,3.3854
ZDF3,740,diagonal,max-area,MinD,False,392,384,2.0833
ZDF3,740,diagonal,max-area,MinD,True,392,384,2.0833
ZDF3,740,diagonal,max-area,MaxD,False,391,384,1.8229
ZDF3,740,diagonal,max-area,MaxD,True,391,384,1.8229
ZDF4,820,width,widest-fit,LM,False,413,407,1.4742
ZDF4,820,width,widest-fit,LM,True,413,407,1.4742
ZDF4,820,width,widest-fit,RM,False,411,407,0.9828
ZDF4,820,width,widest-fit,RM,True,411,407,0.9828
ZDF4,820,width,widest-fit,TN,False,412,407,1.2285
ZDF4,820,width,widest-fit,TN,True,412,407,1.2285
ZDF4,820,width,widest-fit,SN,False,414,407,1.7199
ZDF4,820,width,widest-fit,SN,True,414,407,1.7199
ZDF4,820,width,widest-fit,MinD,False,411,407,0.9828
ZDF4,820,width,widest-fit,MinD,True,411,407,0.9828
ZDF4,820,width,widest-fit,MaxD,False,413,407,1.4742
ZDF4,820,width,widest-fit,MaxD,True,413,407,1.4742
ZDF4,820,width,first-fit,LM,False,413,407,1.4742
ZDF4,820,width,first-fit,LM,True,413,407,1.4742
ZDF4,820,width,first-fit,RM,False,413,407,1.4742
ZDF4,820,width,first-fit,RM,True,413,407,1.4742
ZDF4,820,width,first-fit,TN,False,411,407,0.9828
ZDF4,820,width,first-fit,TN,True,411,407,0.9828
ZDF4,820,width,first-fit,SN,False,416,407,2.2113
ZDF4,820,width,first-fit,SN,True,416,407,2.2113
ZDF4,820,width,first-fit,MinD,False,412,407,1.2285
ZDF4,820,width,first-fit,MinD,True,412,407,1.2285
ZDF4,820,width,first-fit,MaxD,False,414,407,1.7199
ZDF4,820,width,first-fit,MaxD,True,414,407,1.7199
ZDF4,820,width,tre,LM,False,410,407,0.7371
ZDF4,820,width,tre,LM,True,410,407,0.7371
ZDF4,820,width,tre,RM,False,410,407,0.7371
ZDF4,820,width,tre,RM,True,410,407,0.7371
ZDF4,820,width,tre,TN,False,410,407,0.7371
ZDF4,820,width,tre,TN,True,410,407,0.7371
ZDF4,820,width,tre,SN,False,411,407,0.9828
ZDF4,820,width,tre,SN,True,411,407,0.9828
ZDF4,820,width,tre,MinD,False,410,407,0.7371
ZDF4,820,width,tre,MinD,True,410,407,0.7371
ZDF4,820,width,tre,MaxD,False,411,407,0.9828
ZDF4,820,width,tre,MaxD,True,411,407,0.9828
ZDF4,820,width,nre,LM,False,410,407,0.7371
ZDF4,820,width,nre,LM,True,410,407,0.7371
ZDF4,820,width,nre,RM,False,410,407,0.7371
ZDF4,820,width,nre,RM,True,410,407,0.7371
ZDF4,820,width,nre,TN,False,410,407,0.7371
ZDF4,820,width,nre,TN,True,410,407,0.7371
ZDF4,820,width,nre,SN,False,408,407,0.2457
ZDF4,820,width,nre,SN,True,408,407,0.2457
ZDF4,820,width,nre,MinD,False,410,407,0.7371
ZDF4,820,width,nre,MinD,True,410,407,0.7371
ZDF4,820,width,nre,MaxD,False,408,407,0.2457
ZDF4,820,width,nre,MaxD,True,408,407,0.2457
ZDF4,820,width,fitness-number,LM,False,410,407,0.7371
ZDF4,820,width,fitness-number,LM,True,410,407,0.7371
ZDF4,820,width,fitness-number,RM,False,410,407,0.7371
ZDF4,820,width,fitness-number,RM,True,410,407,0.7371
ZDF4,820,width,fitness-number,TN,False,410,407,0.7371
ZDF4,820,width,fitness-number,TN,True,410,407,0.7371
ZDF4,820,width,fitness-number,SN,False,410,407,0.7371
ZDF4,820,width,fitness-number,SN,True,410,407,0.7371
ZDF4,820,width,fitness-number,MinD,False,410,407,0.7371
ZDF4,820,width,fitness-number,MinD,True,410,407,0.7371
ZDF4,820,width,fitness-number,MaxD,False,410,407,0.7371
ZDF4,820,width,fitness-number,MaxD,True,410,407,0.7371
ZDF4,820,width,max-area,LM,False,417,407,2.4570
ZDF4,820,width,max-area,LM,True,417,407,2.4570
ZDF4,820,width,max-area,RM,False,415,407,1.9656
ZDF4,820,width,max-area,RM,True,415,407,1.9656
ZDF4,820,width,max-area,TN,False,413,407,1.4742
ZDF4,820,width,max-area,TN,True,413,407,1.4742
ZDF4,820,width,max-area,SN,False,416,407,2.2113
ZDF4,820,width,max-area,SN,True,416,407,2.2113
ZDF4,820,width,max-area,MinD,False,416,407,2.2113
ZDF4,820,width,max-area,MinD,True,416,407,2.2113
ZDF4,820,width,max-area,MaxD,False,419,407,2.9484
ZDF4,820,width,max-area,MaxD,True,419,407,2.9484
ZDF4,820,height,widest-fit,LM,False,413,407,1.4742
ZDF4,820,height,widest-fit,LM,True,413,407,1.4742
ZDF4,820,height,widest-fit,RM,False,411,407,0.9828
ZDF4,820,height,widest-fit,RM,True,411,407,0.9828
ZDF4,820,height,widest-fit,TN,False,412,407,1.2285
ZDF4,820,height,widest-fit,TN,True,412,407,1.2285
ZDF4,820,height,widest-fit,SN,False,414,407,1.7199
ZDF4,820,height,widest-fit,SN,True,414,407,1.7199
ZDF4,820,height,widest-fit,MinD,False,411,407,0.9828
ZDF4,820,height,widest-fit,MinD,True,411,407,0.9828
ZDF4,820,height,widest-fit,MaxD,False,413,407,1.4742
ZDF4,820,height,widest-fit,MaxD,True,413,407,1.4742
ZDF4,820,height,first-fit,LM,False,418,407,2.7027
ZDF4,820,height,first-fit,LM,True,418,407,2.7027
ZDF4,820,height,first-fit,RM,False,420,407,3.1941
ZDF4,820,height,first-fit,RM,True,420,407,3.1941
ZDF4,820,height,first-fit,TN,False,416,407,2.2113
ZDF4,820,height,first-fit,TN,True,416,407,2.2113
ZDF4,820,height,first-fit,SN,False,421,407,3.4398
ZDF4,820,height,first-fit,SN,True,421,407,3.4398
ZDF4,820,height,first-fit,MinD,False,415,407,1.9656
ZDF4,820,height,first-fit,MinD,True,415,407,1.9656
ZDF4,820,height,first-fit,MaxD,False,423,407,3.9312
ZDF4,820,height,first-fit,MaxD,True,423,407,3.9312
ZDF4,820,height,tre,LM,False,409,407,0.4914
ZDF4,820,height,tre,LM,True,409,407,0.4914
ZDF4,820,height,tre,RM,False,409,407,0.4914
ZDF4,820,height,tre,RM,True,409,407,0.4914
ZDF4,820,height,tre,TN,False,408,407,0.2457
ZDF4,820,height,tre,TN,True,408,407,0.2457
ZDF4,820,height,tre,SN,False,411,407,0.9828
ZDF4,820,height,tre,SN,True,411,407,0.9828
ZDF4,820,height,tre,MinD,False,409,407,0.4914
ZDF4,820,height,tre,MinD,True,409,407,0.4914
ZDF4,820,height,tre,MaxD,False,409,407,0.4914
ZDF4,820,height,tre,MaxD,True,409,407,0.4914
ZDF4,820,height,nre,LM,False,410,407,0.7371
ZDF4,820,height,nre,LM,True,410,407,0.7371
ZDF4,820,height,nre,RM,False,410,407,0.7371
ZDF4,820,height,nre,RM,True,410,407,0.7371
ZDF4,820,height,nre,TN,False,413,407,1.4742
ZDF4,820,height,nre,TN,True,410,407,0.7371
ZDF4,820,height,nre,SN,False,410,407,0.7371
ZDF4,820,height,nre,SN,True,410,407,0.7371
ZDF4,820,height,nre,MinD,False,410,407,0.7371
ZDF4,820,height,nre,MinD,True,410,407,0.7371
ZDF4,820,height,nre,MaxD,False,408,407,0.2457
ZDF4,820,height,nre,MaxD,True,408,407,0.2457
ZDF4,820,height,fitness-number,LM,False,409,407,0.4914
ZDF4,820,height,fitness-number,LM,True,409,407,0.4914
ZDF4,820,height,fitness-number,RM,False,409,407,0.4914
ZDF4,820,height,fitness-number,RM,True,409,407,0.4914
ZDF4,820,height,fitness-number,TN,False,409,407,0.4914
ZDF4,820,height,fitness-number,TN,True,409,407,0.4914
ZDF4,820,height,fitness-number,SN,False,409,407,0.4914
ZDF4,820,height,fitness-number,SN,True,409,407,0.4914
ZDF4,820,height,fitness-number,MinD,False,409,407,0.4914
ZDF4,820,height,fitness-number,MinD,True,409,407,0.4914
ZDF4,820,height,fitness-number,MaxD,False,409,407,0.4914
ZDF4,820,height,fitness-number,MaxD,True,409,407,0.4914
ZDF4,820,height,max-area,LM,False,418,407,2.7027
ZDF4,820,height,max-area,LM,True,418,407,2.7027
ZDF4,820,height,max-area,RM,False,420,407,3.1941
ZDF4,820,height,max-area,RM,True,420,407,3.1941
ZDF4,820,height,max-area,TN,False,416,407,2.2113
ZDF4,820,height,max-area,TN,True,416,407,2.2113
ZDF4,820,height,max-area,SN,False,421,407,3.4398
ZDF4,820,height,max-area,SN,True,421,407,3.4398
ZDF4,820,height,max-area,MinD,False,415,407,1.9656
ZDF4,820,height,max-area,MinD,True,415,407,1.9656
ZDF4,820,height,max-area,MaxD,False,423,407,3.9312
ZDF4,820,height,max-area,MaxD,True,423,407,3.9312
ZDF4,820,area,widest-fit,LM,False,413,407,1.4742
ZDF4,820,area,widest-fit,LM,True,413,407,1.4742
ZDF4,820,area,widest-fit,RM,False,411,407,0.9828
ZDF4,820,area,widest-fit,RM,True,411,407,0.9828
ZDF4,820,area,widest-fit,TN,False,412,407,1.2285
ZDF4,820,area,widest-fit,TN,True,412,407,1.2285
ZDF4,820,area,widest-fit,SN,False,414,407,1.7199
ZDF4,820,area,widest-fit,SN,True,414,407,1.7199
ZDF4,820,area,widest-fit,MinD,False,411,407,0.9828
ZDF4,820,area,widest-fit,MinD,True,411,407,0.9828
ZDF4,820,area,widest-fit,MaxD,False,413,407,1.4742
ZDF4,820,area,widest-fit,MaxD,True,413,407,1.4742
ZDF4,820,area,first-fit,LM,False,419,407,2.9484
ZDF4,820,area,first-fit,LM,True,419,407,2.9484
ZDF4,820,area,first-fit,RM,False,419,407,2.9484
ZDF4,820,area,first-fit,RM,True,419,407,2.9484
ZDF4,820,area,first-fit,TN,False,414,407,1.7199
ZDF4,820,area,first-fit,TN,True,414,407,1.7199
ZDF4,820,area,first-fit,SN,False,421,407,3.4398
ZDF4,820,area,first-fit,SN,True,421,407,3.4398
ZDF4,820,area,first-fit,MinD,False,417,407,2.4570
ZDF4,820,area,first-fit,MinD,True,417,407,2.4570
ZDF4,820,area,first-fit,MaxD,False,422,407,3.6855
ZDF4,820,area,first-fit,MaxD,True,422,407,3.6855
ZDF4,820,area,tre,LM,False,408,407,0.2457
ZDF4,820,area,tre,LM,True,408,407,0.2457
ZDF4,820,area,tre,RM,False,409,407,0.4914
ZDF4,820,area,tre,RM,True,409,407,0.4914
ZDF4,820,area,tre,TN,False,408,407,0.2457
ZDF4,820,area,tre,TN,True,408,407,0.2457
ZDF4,820,area,tre,SN,False,409,407,0.4914
ZDF4,820,area,tre,SN,True,409,407,0.4914
ZDF4,820,area,tre,MinD,False,409,407,0.4914
ZDF4,820,area,tre,MinD,True,409,407,0.4914
ZDF4,820,area,tre,MaxD,False,409,407,0.4914
ZDF4,820,area,tre,MaxD,True,409,407,0.4914
ZDF4,820,area,nre,LM,False,409,407,0.4914
ZDF4,820,area,nre,LM,True,409,407,0.4914
ZDF4,820,area,nre,RM,False,408,407,0.2457
ZDF4,820,area,nre,RM,True,408,407,0.2457
ZDF4,820,area,nre,TN,False,408,407,0.2457
ZDF4,820,area,nre,TN,True,408,407,0.2457
ZDF4,820,area,nre,SN,False,408,407,0.2457
ZDF4,820,area,nre,SN,True,408,407,0.2457
ZDF4,820,area,nre,MinD,False,408,407,0.2457
ZDF4,820,area,nre,MinD,True,408,407,0.2457
ZDF4,820,area,nre,MaxD,False,409,407,0.4914
ZDF4,820,area,nre,MaxD,True,409,407,0.4914
ZDF4,820,area,fitness-number,LM,False,410,407,0.7371
ZDF4,820,area,fitness-number,LM,True,410,407,0.7371
ZDF4,820,area,fitness-number,RM,False,410,407,0.7371
ZDF4,820,area,fitness-number,RM,True,410,407,0.7371
ZDF4,820,area,fitness-number,TN,False,410,407,0.7371
ZDF4,820,area,fitness-number,TN,True,410,407,0.7371
ZDF4,820,area,fitness-number,SN,False,410,407,0.7371
ZDF4,820,area,fitness-number,SN,True,410,407,0.7371
ZDF4,820,area,fitness-number,MinD,False,410,407,0.7371
ZDF4,820,area,fitness-number,MinD,True,410,407,0.7371
ZDF4,820,area,fitness-number,MaxD,False,410,407,0.7371
ZDF4,820,area,fitness-number,MaxD,True,410,407,0.7371
ZDF4,820,area,max-area,LM,False,414,407,1.7199
ZDF4,820,area,max-area,LM,True,414,407,1.7199
ZDF4,820,area,max-area,RM,False,415,407,1.9656
ZDF4,820,area,max-area,RM,True,415,407,1.9656
ZDF4,820,area,max-area,TN,False,415,407,1.9656
ZDF4,820,area,max-area,TN,True,415,407,1.9656
ZDF4,820,area,max-area,SN,False,418,407,2.7027
ZDF4,820,area,max-area,SN,True,418,407,2.7027
ZDF4,820,area,max-area,MinD,False,415,407,1.9656
ZDF4,820,area,max-area,MinD,True,415,407,1.9656
ZDF4,820,area,max-area,MaxD,False,416,407,2.2113
ZDF4,820,area,max-area,MaxD,True,416,407,2.2113
ZDF4,820,perimeter,widest-fit,LM,False,413,407,1.4742
ZDF4,820,perimeter,widest-fit,LM,True,413,407,1.4742
ZDF4,820,perimeter,widest-fit,RM,False,411,407,0.9828
ZDF4,820,perimeter,widest-fit,RM,True,411,407,0.9828
ZDF4,820,perimeter,widest-fit,TN,False,412,407,1.2285
ZDF4,820,perimeter,widest-fit,TN,True,412,407,1.2285
ZDF4,820,perimeter,widest-fit,SN,False,414,407,1.7199
ZDF4,820,perimeter,widest-fit,SN,True,414,407,1.7199
ZDF4,820,perimeter,widest-fit,MinD,False,411,407,0.9828
ZDF4,820,perimeter,widest-fit,MinD,True,411,407,0.9828
ZDF4,820,perimeter,widest-fit,MaxD,False,413,407,1.4742
ZDF4,820,perimeter,widest-fit,MaxD,True,413,407,1.4742
ZDF4,820,perimeter,first-fit,LM,False,418,407,2.7027
ZDF4,820,perimeter,first-fit,LM,True,418,407,2.7027
ZDF4,820,perimeter,first-fit,RM,False,415,407,1.9656
ZDF4,820,perimeter,first-fit,RM,True,415,407,1.9656
ZDF4,820,perimeter,first-fit,TN,False,413,407,1.4742
ZDF4,820,perimeter,first-fit,TN,True,413,407,1.4742
ZDF4,820,perimeter,first-fit,SN,False,436,407,7.1253
ZDF4,820,perimeter,first-fit,SN,True,436,407,7.1253
ZDF4,820,perimeter,first-fit,MinD,False,416,407,2.2113
ZDF4,820,perimeter,first-fit,MinD,True,416,407,2.2113
ZDF4,820,perimeter,first-fit,MaxD,False,418,407,2.7027
ZDF4,820,perimeter,first-fit,MaxD,True,418,407,2.7027
ZDF4,820,perimeter,tre,LM,False,408,407,0.2457
ZDF4,820,perimeter,tre,LM,True,408,407,0.2457
ZDF4,820,perimeter,tre,RM,False,409,407,0.4914
ZDF4,820,perimeter,tre,RM,True,409,407,0.4914
ZDF4,820,perimeter,tre,TN,False,408,407,0.2457
ZDF4,820,perimeter,tre,TN,True,408,407,0.2457
ZDF4,820,perimeter,tre,SN,False,410,407,0.7371
ZDF4,820,perimeter,tre,SN,True,410,407,0.7371
ZDF4,820,perimeter,tre,MinD,False,410,407,0.7371
ZDF4,820,perimeter,tre,MinD,True,410,407,0.7371
ZDF4,820,perimeter,tre,MaxD,False,410,407,0.7371
ZDF4,820,perimeter,tre,MaxD,True,410,407,0.7371
ZDF4,820,perimeter,nre,LM,False,409,407,0.4914
ZDF4,820,perimeter,nre,LM,True,409,407,0.4914
ZDF4,820,perimeter,nre,RM,False,409,407,0.4914
ZDF4,820,perimeter,nre,RM,True,409,407,0.4914
ZDF4,820,perimeter,nre,TN,False,409,407,0.4914
ZDF4,820,perimeter,nre,TN,True,409,407,0.4914
ZDF4,820,perimeter,nre,SN,False,408,407,0.2457
ZDF4,820,perimeter,nre,SN,True,408,407,0.2457
ZDF4,820,perimeter,nre,MinD,False,408,407,0.2457
ZDF4,820,perimeter,nre,MinD,True,408,407,0.2457
ZDF4,820,perimeter,nre,MaxD,False,408,407,0.2457
ZDF4,820,perimeter,nre,MaxD,True,408,407,0.2457
ZDF4,820,perimeter,fitness-number,LM,False,408,407,0.2457
ZDF4,820,perimeter,fitness-number,LM,True,408,407,0.2457
ZDF4,820,perimeter,fitness-number,RM,False,408,407,0.2457
ZDF4,820,perimeter,fitness-number,RM,True,408,407,0.2457
ZDF4,820,perimeter,fitness-number,TN,False,408,407,0.2457
ZDF4,820,perimeter,fitness-number,TN,True,408,407,0.2457
ZDF4,820,perimeter,fitness-number,SN,False,408,407,0.2457
ZDF4,820,perimeter,fitness-number,SN,True,408,407,0.2457
ZDF4,820,perimeter,fitness-number,MinD,False,408,407,0.2457
ZDF4,820,perimeter,fitness-number,MinD,True,408,407,0.2457
ZDF4,820,perimeter,fitness-number,MaxD,False,408,407,0.2457
ZDF4,820,perimeter,fitness-number,MaxD,True,408,407,0.2457
ZDF4,820,perimeter,max-area,LM,False,416,407,2.2113
ZDF4,820,perimeter,max-area,LM,True,416,407,2.2113
ZDF4,820,perimeter,max-area,RM,False,415,407,1.9656
ZDF4,820,perimeter,max-area,RM,True,415,407,1.9656
ZDF4,820,perimeter,max-area,TN,False,414,407,1.7199
ZDF4,820,perimeter,max-area,TN,True,414,407,1.7199
ZDF4,820,perimeter,max-area,SN,False,419,407,2.9484
ZDF4,820,perimeter,max-area,SN,True,419,407,2.9484
ZDF4,820,perimeter,max-area,MinD,False,413,407,1.4742
ZDF4,820,perimeter,max-area,MinD,True,413,407,1.4742
ZDF4,820,perimeter,max-area,MaxD,False,418,407,2.7027
ZDF4,820,perimeter,max-area,MaxD,True,418,407,2.7027
ZDF4,820,maxside,widest-fit,LM,False,413,407,1.4742
ZDF4,820,maxside,widest-fit,LM,True,413,407,1.4742
ZDF4,820,maxside,widest-fit,RM,False,411,407,0.9828
ZDF4,820,maxside,widest-fit,RM,True,411,407,0.9828
ZDF4,820,maxside,widest-fit,TN,False,412,407,1.2285
ZDF4,820,maxside,widest-fit,TN,True,412,407,1.2285
ZDF4,820,maxside,widest-fit,SN,False,414,407,1.7199
ZDF4,820,maxside,widest-fit,SN,True,414,407,1.7199
ZDF4,820,maxside,widest-fit,MinD,False,411,407,0.9828
ZDF4,820,maxside,widest-fit,MinD,True,411,407,0.9828
ZDF4,820,maxside,widest-fit,MaxD,False,413,407,1.4742
ZDF4,820,maxside,widest-fit,MaxD,True,413,407,1.4742
ZDF4,820,maxside,first-fit,LM,False,413,407,1.4742
ZDF4,820,maxside,first-fit,LM,True,413,407,1.4742
ZDF4,820,maxside,first-fit,RM,False,413,407,1.4742
ZDF4,820,maxside,first-fit,RM,True,413,407,1.4742
ZDF4,820,maxside,first-fit,TN,False,411,407,0.9828
ZDF4,820,maxside,first-fit,TN,True,411,407,0.9828
ZDF4,820,maxside,first-fit,SN,False,416,407,2.2113
ZDF4,820,maxside,first-fit,SN,True,416,407,2.2113
ZDF4,820,maxside,first-fit,MinD,False,412,407,1.2285
ZDF4,820,maxside,first-fit,MinD,True,412,407,1.2285
ZDF4,820,maxside,first-fit,MaxD,False,414,407,1.7199
ZDF4,820,maxside,first-fit,MaxD,True,414,407,1.7199
ZDF4,820,maxside,tre,LM,False,410,407,0.7371
ZDF4,820,maxside,tre,LM,True,410,407,0.7371
ZDF4,820,maxside,tre,RM,False,410,407,0.7371
ZDF4,820,maxside,tre,RM,True,410,407,0.7371
ZDF4,820,maxside,tre,TN,False,410,407,0.7371
ZDF4,820,maxside,tre,TN,True,410,407,0.7371
ZDF4,820,maxside,tre,SN,False,411,407,0.9828
ZDF4,820,maxside,tre,SN,True,411,407,0.9828
ZDF4,820,maxside,tre,MinD,False,410,407,0.7371
ZDF4,820,maxside,tre,MinD,True,410,407,0.7371
ZDF4,820,maxside,tre,MaxD,False,411,407,0.9828
ZDF4,820,maxside,tre,MaxD,True,411,407,0.9828
ZDF4,820,maxside,nre,LM,False,410,407,0.7371
ZDF4,820,maxside,nre,LM,True,410,407,0.7371
ZDF4,820,maxside,nre,RM,False,410,407,0.7371
ZDF4,820,maxside,nre,RM,True,410,407,0.7371
ZDF4,820,maxside,nre,TN,False,410,407,0.7371
ZDF4,820,maxside,nre,TN,True,410,407,0.7371
ZDF4,820,maxside,nre,SN,False,408,407,0.2457
ZDF4,820,maxside,nre,SN,True,408,407,0.2457
ZDF4,820,maxside,nre,MinD,False,410,407,0.7371
ZDF4,820,maxside,nre,MinD,True,410,407,0.7371
ZDF4,820,maxside,nre,MaxD,False,408,407,0.2457
ZDF4,820,maxside,nre,MaxD,True,408,407,0.2457
ZDF4,820,maxside,fitness-number,LM,False,410,407,0.7371
ZDF4,820,maxside,fitness-number,LM,True,410,407,0.7371
ZDF4,820,maxside,fitness-number,RM,False,410,407,0.7371
ZDF4,820,maxside,fitness-number,RM,True,410,407,0.7371
ZDF4,820,maxside,fitness-number,TN,False,410,407,0.7371
ZDF4,820,maxside,fitness-number,TN,True,410,407,0.7371
ZDF4,820,maxside,fitness-number,SN,False,410,407,0.7371
ZDF4,820,maxside,fitness-number,SN,True,410,407,0.7371
ZDF4,820,maxside,fitness-number,MinD,False,410,407,0.7371
ZDF4,820,maxside,fitness-number,MinD,True,410,407,0.7371
ZDF4,820,maxside,fitness-number,MaxD,False,410,407,0.7371
ZDF4,820,maxside,fitness-number,MaxD,True,410,407,0.7371
ZDF4,820,maxside,max-area,LM,False,417,407,2.4570
ZDF4,820,maxside,max-area,LM,True,417,407,2.4570
ZDF4,820,maxside,max-area,RM,False,415,407,1.9656
ZDF4,820,maxside,max-area,RM,True,415,407,1.9656
ZDF4,820,maxside,max-area,TN,False,413,407,1.4742
ZDF4,820,maxside,max-area,TN,True,413,407,1.4742
ZDF4,820,maxside,max-area,SN,False,416,407,2.2113
ZDF4,820,maxside,max-area,SN,True,416,407,2.2113
ZDF4,820,maxside,max-area,MinD,False,416,407,2.2113
ZDF4,820,maxside,max-area,MinD,True,416,407,2.2113
ZDF4,820,maxside,max-area,MaxD,False,419,407,2.9484
ZDF4,820,maxside,max-area,MaxD,True,419,407,2.9484
ZDF4,820,diagonal,widest-fit,LM,False,413,407,1.4742
ZDF4,820,diagonal,widest-fit,LM,True,413,407,1.4742
ZDF4,820,diagonal,widest-fit,RM,False,411,407,0.9828
ZDF4,820,diagonal,widest-fit,RM,True,411,407,0.9828
ZDF4,820,diagonal,widest-fit,TN,False,412,407,1.2285
ZDF4,820,diagonal,widest-fit,TN,True,412,407,1.2285
ZDF4,820,diagonal,widest-fit,SN,False,414,407,1.7199
ZDF4,820,diagonal,widest-fit,SN,True,414,407,1.7199
ZDF4,820,diagonal,widest-fit,MinD,False,411,407,0.9828
ZDF4,820,diagonal,widest-fit,MinD,True,411,407,0.9828
ZDF4,820,diagonal,widest-fit,MaxD,False,413,407,1.4742
ZDF4,820,diagonal,widest-fit,MaxD,True,413,407,1.4742
ZDF4,820,diagonal,first-fit,LM,False,419,407,2.9484
ZDF4,820,diagonal,first-fit,LM,True,419,407,2.9484
ZDF4,820,diagonal,first-fit,RM,False,419,407,2.9484
ZDF4,820,diagonal,first-fit,RM,True,419,407,2.9484
ZDF4,820,diagonal,first-fit,TN,False,411,407,0.9828
ZDF4,820,diagonal,first-fit,TN,True,411,407,0.9828
ZDF4,820,diagonal,first-fit,SN,False,421,407,3.4398
ZDF4,820,diagonal,first-fit,SN,True,421,407,3.4398
ZDF4,820,diagonal,first-fit,MinD,False,438,407,7.6167
ZDF4,820,diagonal,first-fit,MinD,True,438,407,7.6167
ZDF4,820,diagonal,first-fit,MaxD,False,417,407,2.4570
ZDF4,820,diagonal,first-fit,MaxD,True,417,407,2.4570
ZDF4,820,diagonal,tre,LM,False,409,407,0.4914
ZDF4,820,diagonal,tre,LM,True,409,407,0.4914
ZDF4,820,diagonal,tre,RM,False,409,407,0.4914
ZDF4,820,diagonal,tre,RM,True,409,407,0.4914
ZDF4,820,diagonal,tre,TN,False,409,407,0.4914
ZDF4,820,diagonal,tre,TN,True,409,407,0.4914
ZDF4,820,diagonal,tre,SN,False,409,407,0.4914
ZDF4,820,diagonal,tre,SN,True,409,407,0.4914
ZDF4,820,diagonal,tre,MinD,False,408,407,0.2457
ZDF4,820,diagonal,tre,MinD,True,408,407,0.2457
ZDF4,820,diagonal,tre,MaxD,False,409,407,0.4914
ZDF4,820,diagonal,tre,MaxD,True,409,407,0.4914
ZDF4,820,diagonal,nre,LM,False,409,407,0.4914
ZDF4,820,diagonal,nre,LM,True,409,407,0.4914
ZDF4,820,diagonal,nre,RM,False,409,407,0.4914
ZDF4,820,diagonal,nre,RM,True,409,407,0.4914
ZDF4,820,diagonal,nre,TN,False,409,407,0.4914
ZDF4,820,diagonal,nre,TN,True,409,407,0.4914
ZDF4,820,diagonal,nre,SN,False,409,407,0.4914
ZDF4,820,diagonal,nre,SN,True,409,407,0.4914
ZDF4,820,diagonal,nre,MinD,False,408,407,0.2457
ZDF4,820,diagonal,nre,MinD,True,408,407,0.2457
ZDF4,820,diagonal,nre,MaxD,False,408,407,0.2457
ZDF4,820,diagonal,nre,MaxD,True,408,407,0.2457
ZDF4,820,diagonal,fitness-number,LM,False,408,407,0.2457
ZDF4,820,diagonal,fitness-number,LM,True,408,407,0.2457
ZDF4,820,diagonal,fitness-number,RM,False,408,407,0.2457
ZDF4,820,diagonal,fitness-number,RM,True,408,407,0.2457
ZDF4,820,diagonal,fitness-number,TN,False,408,407,0.2457
ZDF4,820,diagonal,fitness-number,TN,True,408,407,0.2457
ZDF4,820,diagonal,fitness-number,SN,False,408,407,0.2457
ZDF4,820,diagonal,fitness-number,SN,True,408,407,0.2457
ZDF4,820,diagonal,fitness-number,MinD,False,408,407,0.2457
ZDF4,820,diagonal,fitness-number,MinD,True,408,407,0.2457
ZDF4,820,diagonal,fitness-number,MaxD,False,408,407,0.2457
ZDF4,820,diagonal,fitness-number,MaxD,True,408,407,0.2457
ZDF4,820,diagonal,max-area,LM,False,416,407,2.2113
ZDF4,820,diagonal,max-area,LM,True,416,407,2.2113
ZDF4,820,diagonal,max-area,RM,False,414,407,1.7199
ZDF4,820,diagonal,max-area,RM,True,414,407,1.7199
ZDF4,820,diagonal,max-area,TN,False,412,407,1.2285
ZDF4,820,diagonal,max-area,TN,True,412,407,1.2285
ZDF4,820,diagonal,max-area,SN,False,417,407,2.4570
ZDF4,820,diagonal,max-area,SN,True,417,407,2.4570
ZDF4,820,diagonal,max-area,MinD,False,416,407,2.2113
ZDF4,820,diagonal,max-area,MinD,True,416,407,2.2113
ZDF4,820,diagonal,max-area,MaxD,False,417,407,2.4570
ZDF4,820,diagonal,max-area,MaxD,True,417,407,2.4570
ZDF5,900,width,widest-fit,LM,False,437,434,0.6912
ZDF5,900,width,widest-fit,LM,True,437,434,0.6912
ZDF5,900,width,widest-fit,RM,False,437,434,0.6912
ZDF5,900,width,widest-fit,RM,True,437,434,0.6912
ZDF5,900,width,widest-fit,TN,False,437,434,0.6912
ZDF5,900,width,widest-fit,TN,True,437,434,0.6912
ZDF5,900,width,widest-fit,SN,False,438,434,0.9217
ZDF5,900,width,widest-fit,SN,True,438,434,0.9217
ZDF5,900,width,widest-fit,MinD,False,436,434,0.4608
ZDF5,900,width,widest-fit,MinD,True,436,434,0.4608
ZDF5,900,width,widest-fit,MaxD,False,437,434,0.6912
ZDF5,900,width,widest-fit,MaxD,True,437,434,0.6912
ZDF5,900,width,first-fit,LM,False,441,434,1.6129
ZDF5,900,width,first-fit,LM,True,441,434,1.6129
ZDF5,900,width,first-fit,RM,False,440,434,1.3825
ZDF5,900,width,first-fit,RM,True,440,434,1.3825
ZDF5,900,width,first-fit,TN,False,438,434,0.9217
ZDF5,900,width,first-fit,TN,True,438,434,0.9217
ZDF5,900,width,first-fit,SN,False,442,434,1.8433
ZDF5,900,width,first-fit,SN,True,442,434,1.8433
ZDF5,900,width,first-fit,MinD,False,440,434,1.3825
ZDF5,900,width,first-fit,MinD,True,440,434,1.3825
ZDF5,900,width,first-fit,MaxD,False,440,434,1.3825
ZDF5,900,width,first-fit,MaxD,True,440,434,1.3825
ZDF5,900,width,tre,LM,False,436,434,0.4608
ZDF5,900,width,tre,LM,True,436,434,0.4608
ZDF5,900,width,tre,RM,False,436,434,0.4608
ZDF5,900,width,tre,RM,True,436,434,0.4608
ZDF5,900,width,tre,TN,False,436,434,0.4608
ZDF5,900,width,tre,TN,True,436,434,0.4608
ZDF5,900,width,tre,SN,False,438,434,0.9217
ZDF5,900,width,tre,SN,True,438,434,0.9217
ZDF5,900,width,tre,MinD,False,436,434,0.4608
ZDF5,900,width,tre,MinD,True,436,434,0.4608
ZDF5,900,width,tre,MaxD,False,435,434,0.2304
ZDF5,900,width,tre,MaxD,True,435,434,0.2304
ZDF5,900,width,nre,LM,False,434,434,0.0000
ZDF5,900,width,nre,LM,True,434,434,0.0000
ZDF5,900,width,nre,RM,False,434,434,0.0000
ZDF5,900,width,nre,RM,True,434,434,0.0000
ZDF5,900,width,nre,TN,False,435,434,0.2304
ZDF5,900,width,nre,TN,True,435,434,0.2304
ZDF5,900,width,nre,SN,False,435,434,0.2304
ZDF5,900,width,nre,SN,True,435,434,0.2304
ZDF5,900,width,nre,MinD,False,436,434,0.4608
ZDF5,900,width,nre,MinD,True,436,434,0.4608
ZDF5,900,width,nre,MaxD,False,434,434,0.0000
ZDF5,900,width,nre,MaxD,True,434,434,0.0000
ZDF5,900,width,fitness-number,LM,False,435,434,0.2304
ZDF5,900,width,fitness-number,LM,True,435,434,0.2304
ZDF5,900,width,fitness-number,RM,False,435,434,0.2304
ZDF5,900,width,fitness-number,RM,True,435,434,0.2304
ZDF5,900,width,fitness-number,TN,False,435,434,0.2304
ZDF5,900,width,fitness-number,TN,True,435,434,0.2304
ZDF5,900,width,fitness-number,SN,False,435,434,0.2304
ZDF5,900,width,fitness-number,SN,True,435,434,0.2304
ZDF5,900,width,fitness-number,MinD,False,435,434,0.2304
ZDF5,900,width,fitness-number,MinD,True,435,434,0.2304
ZDF5,900,width,fitness-number,MaxD,False,435,434,0.2304
ZDF5,900,width,fitness-number,MaxD,True,435,434,0.2304
ZDF5,900,width,max-area,LM,False,443,434,2.0737
ZDF5,900,width,max-area,LM,True,443,434,2.0737
ZDF5,900,width,max-area,RM,False,441,434,1.6129
ZDF5,900,width,max-area,RM,True,441,434,1.6129
ZDF5,900,width,max-area,TN,False,439,434,1.1521
ZDF5,900,width,max-area,TN,True,439,434,1.1521
ZDF5,900,width,max-area,SN,False,447,434,2.9954
ZDF5,900,width,max-area,SN,True,447,434,2.9954
ZDF5,900,width,max-area,MinD,False,440,434,1.3825
ZDF5,900,width,max-area,MinD,True,440,434,1.3825
ZDF5,900,width,max-area,MaxD,False,443,434,2.0737
ZDF5,900,width,max-area,MaxD,True,443,434,2.0737
ZDF5,900,height,widest-fit,LM,False,437,434,0.6912
ZDF5,900,height,widest-fit,LM,True,437,434,0.6912
ZDF5,900,height,widest-fit,RM,False,437,434,0.6912
ZDF5,900,height,widest-fit,RM,True,437,434,0.6912
ZDF5,900,height,widest-fit,TN,False,437,434,0.6912
ZDF5,900,height,widest-fit,TN,True,437,434,0.6912
ZDF5,900,height,widest-fit,SN,False,438,434,0.9217
ZDF5,900,height,widest-fit,SN,True,438,434,0.9217
ZDF5,900,height,widest-fit,MinD,False,436,434,0.4608
ZDF5,900,height,widest-fit,MinD,True,436,434,0.4608
ZDF5,900,height,widest-fit,MaxD,False,437,434,0.6912
ZDF5,900,height,widest-fit,MaxD,True,437,434,0.6912
ZDF5,900,height,first-fit,LM,False,441,434,1.6129
ZDF5,900,height,first-fit,LM,True,441,434,1.6129
ZDF5,900,height,first-fit,RM,False,444,434,2.3041
ZDF5,900,height,first-fit,RM,True,444,434,2.3041
ZDF5,900,height,first-fit,TN,False,441,434,1.6129
ZDF5,900,height,first-fit,TN,True,441,434,1.6129
ZDF5,900,height,first-fit,SN,False,447,434,2.9954
ZDF5,900,height,first-fit,SN,True,447,434,2.9954
ZDF5,900,height,first-fit,MinD,False,442,434,1.8433
ZDF5,900,height,first-fit,MinD,True,442,434,1.8433
ZDF5,900,height,first-fit,MaxD,False,447,434,2.9954
ZDF5,900,height,first-fit,MaxD,True,447,434,2.9954
ZDF5,900,height,tre,LM,False,434,434,0.0000
ZDF5,900,height,tre,LM,True,434,434,0.0000
ZDF5,900,height,tre,RM,False,434,434,0.0000
ZDF5,900,height,tre,RM,True,434,434,0.0000
ZDF5,900,height,tre,TN,False,435,434,0.2304
ZDF5,900,height,tre,TN,True,435,434,0.2304
ZDF5,900,height,tre,SN,False,436,434,0.4608
ZDF5,900,height,tre,SN,True,436,434,0.4608
ZDF5,900,height,tre,MinD,False,435,434,0.2304
ZDF5,900,height,tre,MinD,True,435,434,0.2304
ZDF5,900,height,tre,MaxD,False,435,434,0.2304
ZDF5,900,height,tre,MaxD,True,435,434,0.2304
ZDF5,900,height,nre,LM,False,434,434,0.0000
ZDF5,900,height,nre,LM,True,434,434,0.0000
ZDF5,900,height,nre,RM,False,434,434,0.0000
ZDF5,900,height,nre,RM,True,434,434,0.0000
ZDF5,900,height,nre,TN,False,439,434,1.1521
ZDF5,900,height,nre,TN,True,436,434,0.4608
ZDF5,900,height,nre,SN,False,434,434,0.0000
ZDF5,900,height,nre,SN,True,434,434,0.0000
ZDF5,900,height,nre,MinD,False,434,434,0.0000
ZDF5,900,height,nre,MinD,True,434,434,0.0000
ZDF5,900,height,nre,MaxD,False,434,434,0.0000
ZDF5,900,height,nre,MaxD,True,434,434,0.0000
ZDF5,900,height,fitness-number,LM,False,435,434,0.2304
ZDF5,900,height,fitness-number,LM,True,435,434,0.2304
ZDF5,900,height,fitness-number,RM,False,435,434,0.2304
ZDF5,900,height,fitness-number,RM,True,435,434,0.2304
ZDF5,900,height,fitness-number,TN,False,435,434,0.2304
ZDF5,900,height,fitness-number,TN,True,435,434,0.2304
ZDF5,900,height,fitness-number,SN,False,435,434,0.2304
ZDF5,900,height,fitness-number,SN,True,435,434,0.2304
ZDF5,900,height,fitness-number,MinD,False,435,434,0.2304
ZDF5,900,height,fitness-number,MinD,True,435,434,0.2304
ZDF5,900,height,fitness-number,MaxD,False,435,434,0.2304
ZDF5,900,height,fitness-number,MaxD,True,435,434,0.2304
ZDF5,900,height,max-area,LM,False,441,434,1.6129
ZDF5,900,height,max-area,LM,True,441,434,1.6129
ZDF5,900,height,max-area,RM,False,444,434,2.3041
ZDF5,900,height,max-area,RM,True,444,434,2.3041
ZDF5,900,height,max-area,TN,False,441,434,1.6129
ZDF5,900,height,max-area,TN,True,441,434,1.6129
ZDF5,900,height,max-area,SN,False,447,434,2.9954
ZDF5,900,height,max-area,SN,True,447,434,2.9954
ZDF5,900,height,max-area,MinD,False,442,434,1.8433
ZDF5,900,height,max-area,MinD,True,442,434,1.8433
ZDF5,900,height,max-area,MaxD,False,447,434,2.9954
ZDF5,900,height,max-area,MaxD,True,447,434,2.9954
ZDF5,900,area,widest-fit,LM,False,437,434,0.6912
ZDF5,900,area,widest-fit,LM,True,437,434,0.6912
ZDF5,900,area,widest-fit,RM,False,437,434,0.6912
ZDF5,900,area,widest-fit,RM,True,437,434,0.6912
ZDF5,900,area,widest-fit,TN,False,437,434,0.6912
ZDF5,900,area,widest-fit,TN,True,437,434,0.6912
ZDF5,900,area,widest-fit,SN,False,438,434,0.9217
ZDF5,900,area,widest-fit,SN,True,438,434,0.9217
ZDF5,900,area,widest-fit,MinD,False,436,434,0.4608
ZDF5,900,area,widest-fit,MinD,True,436,434,0.4608
ZDF5,900,area,widest-fit,MaxD,False,437,434,0.6912
ZDF5,900,area,widest-fit,MaxD,True,437,434,0.6912
ZDF5,900,area,first-fit,LM,False,445,434,2.5346
ZDF5,900,area,first-fit,LM,True,445,434,2.5346
ZDF5,900,area,first-fit,RM,False,443,434,2.0737
ZDF5,900,area,first-fit,RM,True,443,434,2.0737
ZDF5,900,area,first-fit,TN,False,440,434,1.3825
ZDF5,900,area,first-fit,TN,True,440,434,1.3825
ZDF5,900,area,first-fit,SN,False,450,434,3.6866
ZDF5,900,area,first-fit,SN,True,450,434,3.6866
ZDF5,900,area,first-fit,MinD,False,441,434,1.6129
ZDF5,900,area,first-fit,MinD,True,441,434,1.6129
ZDF5,900,area,first-fit,MaxD,False,446,434,2.7650
ZDF5,900,area,first-fit,MaxD,True,446,434,2.7650
ZDF5,900,area,tre,LM,False,435,434,0.2304
ZDF5,900,area,tre,LM,True,435,434,0.2304
ZDF5,900,area,tre,RM,False,435,434,0.2304
ZDF5,900,area,tre,RM,True,435,434,0.2304
ZDF5,900,area,tre,TN,False,435,434,0.2304
ZDF5,900,area,tre,TN,True,435,434,0.2304
ZDF5,900,area,tre,SN,False,435,434,0.2304
ZDF5,900,area,tre,SN,True,435,434,0.2304
ZDF5,900,area,tre,MinD,False,435,434,0.2304
ZDF5,900,area,tre,MinD,True,435,434,0.2304
ZDF5,900,area,tre,MaxD,False,435,434,0.2304
ZDF5,900,area,tre,MaxD,True,435,434,0.2304
ZDF5,900,area,nre,LM,False,434,434,0.0000
ZDF5,900,area,nre,LM,True,434,434,0.0000
ZDF5,900,area,nre,RM,False,434,434,0.0000
ZDF5,900,area,nre,RM,True,434,434,0.0000
ZDF5,900,area,nre,TN,False,434,434,0.0000
ZDF5,900,area,nre,TN,True,434,434,0.0000
ZDF5,900,area,nre,SN,False,435,434,0.2304
ZDF5,900,area,nre,SN,True,435,434,0.2304
ZDF5,900,area,nre,MinD,False,435,434,0.2304
ZDF5,900,area,nre,MinD,True,435,434,0.2304
ZDF5,900,area,nre,MaxD,False,435,434,0.2304
ZDF5,900,area,nre,MaxD,True,435,434,0.2304
ZDF5,900,area,fitness-number,LM,False,436,434,0.4608
ZDF5,900,area,fitness-number,LM,True,436,434,0.4608
ZDF5,900,area,fitness-number,RM,False,436,434,0.4608
ZDF5,900,area,fitness-number,RM,True,436,434,0.4608
ZDF5,900,area,fitness-number,TN,False,436,434,0.4608
ZDF5,900,area,fitness-number,TN,True,436,434,0.4608
ZDF5,900,area,fitness-number,SN,False,436,434,0.4608
ZDF5,900,area,fitness-number,SN,True,436,434,0.4608
ZDF5,900,area,fitness-number,MinD,False,436,434,0.4608
ZDF5,900,area,fitness-number,MinD,True,436,434,0.4608
ZDF5,900,area,fitness-number,MaxD,False,436,434,0.4608
ZDF5,900,area,fitness-number,MaxD,True,436,434,0.4608
ZDF5,900,area,max-area,LM,False,440,434,1.3825
ZDF5,900,area,max-area,LM,True,440,434,1.3825
ZDF5,900,area,max-area,RM,False,440,434,1.3825
ZDF5,900,area,max-area,RM,True,440,434,1.3825
ZDF5,900,area,max-area,TN,False,441,434,1.6129
ZDF5,900,area,max-area,TN,True,441,434,1.6129
ZDF5,900,area,max-area,SN,False,443,434,2.0737
ZDF5,900,area,max-area,SN,True,443,434,2.0737
ZDF5,900,area,max-area,MinD,False,441,434,1.6129
ZDF5,900,area,max-area,MinD,True,441,434,1.6129
ZDF5,900,area,max-area,MaxD,False,444,434,2.3041
ZDF5,900,area,max-area,MaxD,True,444,434,2.3041
ZDF5,900,perimeter,widest-fit,LM,False,437,434,0.6912
ZDF5,900,perimeter,widest-fit,LM,True,437,434,0.6912
ZDF5,900,perimeter,widest-fit,RM,False,437,434,0.6912
ZDF5,900,perimeter,widest-fit,RM,True,437,434,0.6912
ZDF5,900,perimeter,widest-fit,TN,False,437,434,0.6912
ZDF5,900,perimeter,widest-fit,TN,True,437,434,0.6912
ZDF5,900,perimeter,widest-fit,SN,False,438,434,0.9217
ZDF5,900,perimeter,widest-fit,SN,True,438,434,0.9217
ZDF5,900,perimeter,widest-fit,MinD,False,436,434,0.4608
ZDF5,900,perimeter,widest-fit,MinD,True,436,434,0.4608
ZDF5,900,perimeter,widest-fit,MaxD,False,437,434,0.6912
ZDF5,900,perimeter,widest-fit,MaxD,True,437,434,0.6912
ZDF5,900,perimeter,first-fit,LM,False,443,434,2.0737
ZDF5,900,perimeter,first-fit,LM,True,443,434,2.0737
ZDF5,900,perimeter,first-fit,RM,False,445,434,2.5346
ZDF5,900,perimeter,first-fit,RM,True,445,434,2.5346
ZDF5,900,perimeter,first-fit,TN,False,437,434,0.6912
ZDF5,900,perimeter,first-fit,TN,True,437,434,0.6912
ZDF5,900,perimeter,first-fit,SN,False,446,434,2.7650
ZDF5,900,perimeter,first-fit,SN,True,446,434,2.7650
ZDF5,900,perimeter,first-fit,MinD,False,441,434,1.6129
ZDF5,900,perimeter,first-fit,MinD,True,441,434,1.6129
ZDF5,900,perimeter,first-fit,MaxD,False,446,434,2.7650
ZDF5,900,perimeter,first-fit,MaxD,True,446,434,2.7650
ZDF5,900,perimeter,tre,LM,False,435,434,0.2304
ZDF5,900,perimeter,tre,LM,True,435,434,0.2304
ZDF5,900,perimeter,tre,RM,False,435,434,0.2304
ZDF5,900,perimeter,tre,RM,True,435,434,0.2304
ZDF5,900,perimeter,tre,TN,False,435,434,0.2304
ZDF5,900,perimeter,tre,TN,True,435,434,0.2304
ZDF5,900,perimeter,tre,SN,False,437,434,0.6912
ZDF5,900,perimeter,tre,SN,True,437,434,0.6912
ZDF5,900,perimeter,tre,MinD,False,436,434,0.4608
ZDF5,900,perimeter,tre,MinD,True,436,434,0.4608
ZDF5,900,perimeter,tre,MaxD,False,436,434,0.4608
ZDF5,900,perimeter,tre,MaxD,True,436,434,0.4608
ZDF5,900,perimeter,nre,LM,False,434,434,0.0000
ZDF5,900,perimeter,nre,LM,True,434,434,0.0000
ZDF5,900,perimeter,nre,RM,False,434,434,0.0000
ZDF5,900,perimeter,nre,RM,True,434,434,0.0000
ZDF5,900,perimeter,nre,TN,False,434,434,0.0000
ZDF5,900,perimeter,nre,TN,True,434,434,0.0000
ZDF5,900,perimeter,nre,SN,False,436,434,0.4608
ZDF5,900,perimeter,nre,SN,True,436,434,0.4608
ZDF5,900,perimeter,nre,MinD,False,436,434,0.4608
ZDF5,900,perimeter,nre,MinD,True,436,434,0.4608
ZDF5,900,perimeter,nre,MaxD,False,435,434,0.2304
ZDF5,900,perimeter,nre,MaxD,True,435,434,0.2304
ZDF5,900,perimeter,fitness-number,LM,False,436,434,0.4608
ZDF5,900,perimeter,fitness-number,LM,True,436,434,0.4608
ZDF5,900,perimeter,fitness-number,RM,False,436,434,0.4608
ZDF5,900,perimeter,fitness-number,RM,True,436,434,0.4608
ZDF5,900,perimeter,fitness-number,TN,False,436,434,0.4608
ZDF5,900,perimeter,fitness-number,TN,True,436,434,0.4608
ZDF5,900,perimeter,fitness-number,SN,False,436,434,0.4608
ZDF5,900,perimeter,fitness-number,SN,True,436,434,0.4608
ZDF5,900,perimeter,fitness-number,MinD,False,436,434,0.4608
ZDF5,900,perimeter,fitness-number,MinD,True,436,434,0.4608
ZDF5,900,perimeter,fitness-number,MaxD,False,436,434,0.4608
ZDF5,900,perimeter,fitness-number,MaxD,True,436,434,0.4608
ZDF5,900,perimeter,max-area,LM,False,440,434,1.3825
ZDF5,900,perimeter,max-area,LM,True,440,434,1.3825
ZDF5,900,perimeter,max-area,RM,False,441,434,1.6129
ZDF5,900,perimeter,max-area,RM,True,441,434,1.6129
ZDF5,900,perimeter,max-area,TN,False,438,434,0.9217
ZDF5,900,perimeter,max-area,TN,True,438,434,0.9217
ZDF5,900,perimeter,max-area,SN,False,445,434,2.5346
ZDF5,900,perimeter,max-area,SN,True,445,434,2.5346
ZDF5,900,perimeter,max-area,MinD,False,440,434,1.3825
ZDF5,900,perimeter,max-area,MinD,True,440,434,1.3825
ZDF5,900,perimeter,max-area,MaxD,False,442,434,1.8433
ZDF5,900,perimeter,max-area,MaxD,True,442,434,1.8433
ZDF5,900,maxside,widest-fit,LM,False,437,434,0.6912
ZDF5,900,maxside,widest-fit,LM,True,437,434,0.6912
ZDF5,900,maxside,widest-fit,RM,False,437,434,0.6912
ZDF5,900,maxside,widest-fit,RM,True,437,434,0.6912
ZDF5,900,maxside,widest-fit,TN,False,437,434,0.6912
ZDF5,900,maxside,widest-fit,TN,True,437,434,0.6912
ZDF5,900,maxside,widest-fit,SN,False,438,434,0.9217
ZDF5,900,maxside,widest-fit,SN,True,438,434,0.9217
ZDF5,900,maxside,widest-fit,MinD,False,436,434,0.4608
ZDF5,900,maxside,widest-fit,MinD,True,436,434,0.4608
ZDF5,900,maxside,widest-fit,MaxD,False,437,434,0.6912
ZDF5,900,maxside,widest-fit,MaxD,True,437,434,0.6912
ZDF5,900,maxside,first-fit,LM,False,441,434,1.6129
ZDF5,900,maxside,first-fit,LM,True,441,434,1.6129
ZDF5,900,maxside,first-fit,RM,False,440,434,1.3825
ZDF5,900,maxside,first-fit,RM,True,440,434,1.3825
ZDF5,900,maxside,first-fit,TN,False,438,434,0.9217
ZDF5,900,maxside,first-fit,TN,True,438,434,0.9217
ZDF5,900,maxside,first-fit,SN,False,442,434,1.8433
ZDF5,900,maxside,first-fit,SN,True,442,434,1.8433
ZDF5,900,maxside,first-fit,MinD,False,440,434,1.3825
ZDF5,900,maxside,first-fit,MinD,True,440,434,1.3825
ZDF5,900,maxside,first-fit,MaxD,False,440,434,1.3825
ZDF5,900,maxside,first-fit,MaxD,True,440,434,1.3825
ZDF5,900,maxside,tre,LM,False,436,434,0.4608
ZDF5,900,maxside,tre,LM,True,436,434,0.4608
ZDF5,900,maxside,tre,RM,False,436,434,0.4608
ZDF5,900,maxside,tre,RM,True,436,434,0.4608
ZDF5,900,maxside,tre,TN,False,436,434,0.4608
ZDF5,900,maxside,tre,TN,True,436,434,0.4608
ZDF5,900,maxside,tre,SN,False,438,434,0.9217
ZDF5,900,maxside,tre,SN,True,438,434,0.9217
ZDF5,900,maxside,tre,MinD,False,436,434,0.4608
ZDF5,900,maxside,tre,MinD,True,436,434,0.4608
ZDF5,900,maxside,tre,MaxD,False,435,434,0.2304
ZDF5,900,maxside,tre,MaxD,True,435,434,0.2304
ZDF5,900,maxside,nre,LM,False,434,434,0.0000
ZDF5,900,maxside,nre,LM,True,434,434,0.0000
ZDF5,900,maxside,nre,RM,False,434,434,0.0000
ZDF5,900,maxside,nre,RM,True,434,434,0.0000
ZDF5,900,maxside,nre,TN,False,435,434,0.2304
ZDF5,900,maxside,nre,TN,True,435,434,0.2304
ZDF5,900,maxside,nre,SN,False,435,434,0.2304
ZDF5,900,maxside,nre,SN,True,435,434,0.2304
ZDF5,900,maxside,nre,MinD,False,436,434,0.4608
ZDF5,900,maxside,nre,MinD,True,436,434,0.4608
ZDF5,900,maxside,nre,MaxD,False,434,434,0.0000
ZDF5,900,maxside,nre,MaxD,True,434,434,0.0000
ZDF5,900,maxside,fitness-number,LM,False,435,434,0.2304
ZDF5,900,maxside,fitness-number,LM,True,435,434,0.2304
ZDF5,900,maxside,fitness-number,RM,False,435,434,0.2304
ZDF5,900,maxside,fitness-number,RM,True,435,434,0.2304
ZDF5,900,maxside,fitness-number,TN,False,435,434,0.2304
ZDF5,900,maxside,fitness-number,TN,True,435,434,0.2304
ZDF5,900,maxside,fitness-number,SN,False,435,434,0.2304
ZDF5,900,maxside,fitness-number,SN,True,435,434,0.2304
ZDF5,900,maxside,fitness-number,MinD,False,435,434,0.2304
ZDF5,900,maxside,fitness-number,MinD,True,435,434,0.2304
ZDF5,900,maxside,fitness-number,MaxD,False,435,434,0.2304
ZDF5,900,maxside,fitness-number,MaxD,True,435,434,0.2304
ZDF5,900,maxside,max-area,LM,False,443,434,2.0737
ZDF5,900,maxside,max-area,LM,True,443,434,2.0737
ZDF5,900,maxside,max-area,RM,False,441,434,1.6129
ZDF5,900,maxside,max-area,RM,True,441,434,1.6129
ZDF5,900,maxside,max-area,TN,False,439,434,1.1521
ZDF5,900,maxside,max-area,TN,True,439,434,1.1521
ZDF5,900,maxside,max-area,SN,False,447,434,2.9954
ZDF5,900,maxside,max-area,SN,True,447,434,2.9954
ZDF5,900,maxside,max-area,MinD,False,440,434,1.3825
ZDF5,900,maxside,max-area,MinD,True,440,434,1.3825
ZDF5,900,maxside,max-area,MaxD,False,443,434,2.0737
ZDF5,900,maxside,max-area,MaxD,True,443,434,2.0737
ZDF5,900,diagonal,widest-fit,LM,False,437,434,0.6912
ZDF5,900,diagonal,widest-fit,LM,True,437,434,0.6912
ZDF5,900,diagonal,widest-fit,RM,False,437,434,0.6912
ZDF5,900,diagonal,widest-fit,RM,True,437,434,0.6912
ZDF5,900,diagonal,widest-fit,TN,False,437,434,0.6912
ZDF5,900,diagonal,widest-fit,TN,True,437,434,0.6912
ZDF5,900,diagonal,widest-fit,SN,False,438,434,0.9217
ZDF5,900,diagonal,widest-fit,SN,True,438,434,0.9217
ZDF5,900,diagonal,widest-fit,MinD,False,436,434,0.4608
ZDF5,900,diagonal,widest-fit,MinD,True,436,434,0.4608
ZDF5,900,diagonal,widest-fit,MaxD,False,437,434,0.6912
ZDF5,900,diagonal,widest-fit,MaxD,True,437,434,0.6912
ZDF5,900,diagonal,first-fit,LM,False,444,434,2.3041
ZDF5,900,diagonal,first-fit,LM,True,444,434,2.3041
ZDF5,900,diagonal,first-fit,RM,False,441,434,1.6129
ZDF5,900,diagonal,first-fit,RM,True,441,434,1.6129
ZDF5,900,diagonal,first-fit,TN,False,439,434,1.1521
ZDF5,900,diagonal,first-fit,TN,True,439,434,1.1521
ZDF5,900,diagonal,first-fit,SN,False,443,434,2.0737
ZDF5,900,diagonal,first-fit,SN,True,443,434,2.0737
ZDF5,900,diagonal,first-fit,MinD,False,439,434,1.1521
ZDF5,900,diagonal,first-fit,MinD,True,439,434,1.1521
ZDF5,900,diagonal,first-fit,MaxD,False,461,434,6.2212
ZDF5,900,diagonal,first-fit,MaxD,True,461,434,6.2212
ZDF5,900,diagonal,tre,LM,False,434,434,0.0000
ZDF5,900,diagonal,tre,LM,True,434,434,0.0000
ZDF5,900,diagonal,tre,RM,False,435,434,0.2304
ZDF5,900,diagonal,tre,RM,True,435,434,0.2304
ZDF5,900,diagonal,tre,TN,False,435,434,0.2304
ZDF5,900,diagonal,tre,TN,True,435,434,0.2304
ZDF5,900,diagonal,tre,SN,False,436,434,0.4608
ZDF5,900,diagonal,tre,SN,True,436,434,0.4608
ZDF5,900,diagonal,tre,MinD,False,435,434,0.2304
ZDF5,900,diagonal,tre,MinD,True,435,434,0.2304
ZDF5,900,diagonal,tre,MaxD,False,436,434,0.4608
ZDF5,900,diagonal,tre,MaxD,True,436,434,0.4608
ZDF5,900,diagonal,nre,LM,False,434,434,0.0000
ZDF5,900,diagonal,nre,LM,True,434,434,0.0000
ZDF5,900,diagonal,nre,RM,False,434,434,0.0000
ZDF5,900,diagonal,nre,RM,True,434,434,0.0000
ZDF5,900,diagonal,nre,TN,False,434,434,0.0000
ZDF5,900,diagonal,nre,TN,True,434,434,0.0000
ZDF5,900,diagonal,nre,SN,False,434,434,0.0000
ZDF5,900,diagonal,nre,SN,True,434,434,0.0000
ZDF5,900,diagonal,nre,MinD,False,434,434,0.0000
ZDF5,900,diagonal,nre,MinD,True,434,434,0.0000
ZDF5,900,diagonal,nre,MaxD,False,436,434,0.4608
ZDF5,900,diagonal,nre,MaxD,True,436,434,0.4608
ZDF5,900,diagonal,fitness-number,LM,False,436,434,0.4608
ZDF5,900,diagonal,fitness-number,LM,True,436,434,0.4608
ZDF5,900,diagonal,fitness-number,RM,False,436,434,0.4608
ZDF5,900,diagonal,fitness-number,RM,True,436,434,0.4608
ZDF5,900,diagonal,fitness-number,TN,False,436,434,0.4608
ZDF5,900,diagonal,fitness-number,TN,True,436,434,0.4608
ZDF5,900,diagonal,fitness-number,SN,False,436,434,0.4608
ZDF5,900,diagonal,fitness-number,SN,True,436,434,0.4608
ZDF5,900,diagonal,fitness-number,MinD,False,436,434,0.4608
ZDF5,900,diagonal,fitness-number,MinD,True,436,434,0.4608
ZDF5,900,diagonal,fitness-number,MaxD,False,436,434,0.4608
ZDF5,900,diagonal,fitness-number,MaxD,True,436,434,0.4608
ZDF5,900,diagonal,max-area,LM,False,442,434,1.8433
ZDF5,900,diagonal,max-area,LM,True,442,434,1.8433
ZDF5,900,diagonal,max-area,RM,False,442,434,1.8433
ZDF5,900,diagonal,max-area,RM,True,442,434,1.8433
ZDF5,900,diagonal,max-area,TN,False,439,434,1.1521
ZDF5,900,diagonal,max-area,TN,True,439,434,1.1521
ZDF5,900,diagonal,max-area,SN,False,444,434,2.3041
ZDF5,900,diagonal,max-area,SN,True,444,434,2.3041
ZDF5,900,diagonal,max-area,MinD,False,440,434,1.3825
ZDF5,900,diagonal,max-area,MinD,True,440,434,1.3825
ZDF5,900,diagonal,max-area,MaxD,False,442,434,1.8433
ZDF5,900,diagonal,max-area,MaxD,True,442,434,1.8433
ZDF6,1532,width,widest-fit,LM,False,5595,4872,14.8399
ZDF6,1532,width,widest-fit,LM,True,5595,4872,14.8399
ZDF6,1532,width,widest-fit,TN,False,5636,4872,15.6814
ZDF6,1532,width,widest-fit,TN,True,5598,4872,14.9015
ZDF6,1532,width,widest-fit,SN,False,5469,4872,12.2537
ZDF6,1532,width,widest-fit,SN,True,5469,4872,12.2537
ZDF6,1532,width,first-fit,LM,False,5347,4872,9.7496
ZDF6,1532,width,first-fit,LM,True,5347,4872,9.7496
ZDF6,1532,width,first-fit,TN,False,5453,4872,11.9253
ZDF6,1532,width,first-fit,TN,True,5453,4872,11.9253
ZDF6,1532,width,first-fit,SN,False,5507,4872,13.0337
ZDF6,1532,width,first-fit,SN,True,5507,4872,13.0337
ZDF6,1532,width,fitness-number,LM,False,5215,4872,7.0402
ZDF6,1532,width,fitness-number,LM,True,5215,4872,7.0402
ZDF6,1532,width,fitness-number,TN,False,5215,4872,7.0402
ZDF6,1532,width,fitness-number,TN,True,5215,4872,7.0402
ZDF6,1532,width,fitness-number,SN,False,5215,4872,7.0402
ZDF6,1532,width,fitness-number,SN,True,5215,4872,7.0402
ZDF6,1532,perimeter,widest-fit,LM,False,5595,4872,14.8399
ZDF6,1532,perimeter,widest-fit,LM,True,5595,4872,14.8399
ZDF6,1532,perimeter,widest-fit,TN,False,5636,4872,15.6814
ZDF6,1532,perimeter,widest-fit,TN,True,5598,4872,14.9015
ZDF6,1532,perimeter,widest-fit,SN,False,5469,4872,12.2537
ZDF6,1532,perimeter,widest-fit,SN,True,5469,4872,12.2537
ZDF6,1532,perimeter,first-fit,LM,False,5401,4872,10.8580
ZDF6,1532,perimeter,first-fit,LM,True,5401,4872,10.8580
ZDF6,1532,perimeter,first-fit,TN,False,5218,4872,7.1018
ZDF6,1532,perimeter,first-fit,TN,True,5218,4872,7.1018
ZDF6,1532,perimeter,first-fit,SN,False,5567,4872,14.2652
ZDF6,1532,perimeter,first-fit,SN,True,5567,4872,14.2652
ZDF6,1532,perimeter,fitness-number,LM,False,5405,4872,10.9401
ZDF6,1532,perimeter,fitness-number,LM,True,5405,4872,10.9401
ZDF6,1532,perimeter,fitness-number,TN,False,5405,4872,10.9401
ZDF6,1532,perimeter,fitness-number,TN,True,5405,4872,10.9401
ZDF6,1532,perimeter,fitness-number,SN,False,5405,4872,10.9401
ZDF6,1532,perimeter,fitness-number,SN,True,5405,4872,10.9401
ZDF6,1532,area,widest-fit,LM,False,5595,4872,14.8399
ZDF6,1532,area,widest-fit,LM,True,5595,4872,14.8399
ZDF6,1532,area,widest-fit,TN,False,5636,4872,15.6814
ZDF6,1532,area,widest-fit,TN,True,5598,4872,14.9015
ZDF6,1532,area,widest-fit,SN,False,5469,4872,12.2537
ZDF6,1532,area,widest-fit,SN,True,5469,4872,12.2537
ZDF6,1532,area,first-fit,LM,False,5400,4872,10.8374
ZDF6,1532,area,first-fit,LM,True,5400,4872,10.8374
ZDF6,1532,area,first-fit,TN,False,5216,4872,7.0608
ZDF6,1532,area,first-fit,TN,True,5216,4872,7.0608
ZDF6,1532,area,first-fit,SN,False,5437,4872,11.5969
ZDF6,1532,area,first-fit,SN,True,5437,4872,11.5969
ZDF6,1532,area,fitness-number,LM,False,5353,4872,9.8727
ZDF6,1532,area,fitness-number,LM,True,5353,4872,9.8727
ZDF6,1532,area,fitness-number,TN,False,5353,4872,9.8727
ZDF6,1532,area,fitness-number,TN,True,5353,4872,9.8727
ZDF6,1532,area,fitness-number,SN,False,5353,4872,9.8727
ZDF6,1532,area,fitness-number,SN,True,5353,4872,9.8727
ZDF6,1532,height,widest-fit,LM,False,5595,4872,14.8399
ZDF6,1532,height,widest-fit,LM,True,5595,4872,14.8399
ZDF6,1532,height,widest-fit,TN,False,5636,4872,15.6814
ZDF6,1532,height,widest-fit,TN,True,5598,4872,14.9015
ZDF6,1532,height,widest-fit,SN,False,5469,4872,12.2537
ZDF6,1532,height,widest-fit,SN,True,5469,4872,12.2537
ZDF6,1532,height,first-fit,LM,False,5437,4872,11.5969
ZDF6,1532,height,first-fit,LM,True,5437,4872,11.5969
ZDF6,1532,height,first-fit,TN,False,5297,4872,8.7233
ZDF6,1532,height,first-fit,TN,True,5297,4872,8.7233
ZDF6,1532,height,first-fit,SN,False,5869,4872,20.4639
ZDF6,1532,height,first-fit,SN,True,5869,4872,20.4639
ZDF6,1532,height,fitness-number,LM,False,5888,4872,20.8539
ZDF6,1532,height,fitness-number,LM,True,5806,4872,19.1708
ZDF6,1532,height,fitness-number,TN,False,5888,4872,20.8539
ZDF6,1532,height,fitness-number,TN,True,5806,4872,19.1708
ZDF6,1532,height,fitness-number,SN,False,5888,4872,20.8539
ZDF6,1532,height,fitness-number,SN,True,5806,4872,19.1708
ZDF7,2432,width,widest-fit,LM,False,5170,4852,6.5540
ZDF7,2432,width,widest-fit,LM,True,5170,4852,6.5540
ZDF7,2432,width,widest-fit,TN,False,5280,4852,8.8211
ZDF7,2432,width,widest-fit,TN,True,5280,4852,8.8211
ZDF7,2432,width,widest-fit,SN,False,5204,4852,7.2547
ZDF7,2432,width,widest-fit,SN,True,5204,4852,7.2547
ZDF7,2432,width,first-fit,LM,False,5545,4852,14.2828
ZDF7,2432,width,first-fit,LM,True,5545,4852,14.2828
ZDF7,2432,width,first-fit,TN,False,5159,4852,6.3273
ZDF7,2432,width,first-fit,TN,True,5159,4852,6.3273
ZDF7,2432,width,first-fit,SN,False,5449,4852,12.3042
ZDF7,2432,width,first-fit,SN,True,5449,4852,12.3042
ZDF7,2432,width,fitness-number,LM,False,5400,4852,11.2943
ZDF7,2432,width,fitness-number,LM,True,5400,4852,11.2943
ZDF7,2432,width,fitness-number,TN,False,5400,4852,11.2943
ZDF7,2432,width,fitness-number,TN,True,5400,4852,11.2943
ZDF7,2432,width,fitness-number,SN,False,5400,4852,11.2943
ZDF7,2432,width,fitness-number,SN,True,5400,4852,11.2943
ZDF7,2432,perimeter,widest-fit,LM,False,5170,4852,6.5540
ZDF7,2432,perimeter,widest-fit,LM,True,5170,4852,6.5540
ZDF7,2432,perimeter,widest-fit,TN,False,5280,4852,8.8211
ZDF7,2432,perimeter,widest-fit,TN,True,5280,4852,8.8211
ZDF7,2432,perimeter,widest-fit,SN,False,5204,4852,7.2547
ZDF7,2432,perimeter,widest-fit,SN,True,5204,4852,7.2547
ZDF7,2432,perimeter,first-fit,LM,False,5401,4852,11.3149
ZDF7,2432,perimeter,first-fit,LM,True,5401,4852,11.3149
ZDF7,2432,perimeter,first-fit,TN,False,5216,4852,7.5021
ZDF7,2432,perimeter,first-fit,TN,True,5216,4852,7.5021
ZDF7,2432,perimeter,first-fit,SN,False,5567,4852,14.7362
ZDF7,2432,perimeter,first-fit,SN,True,5567,4852,14.7362
ZDF7,2432,perimeter,fitness-number,LM,False,5371,4852,10.6966
ZDF7,2432,perimeter,fitness-number,LM,True,5371,4852,10.6966
ZDF7,2432,perimeter,fitness-number,TN,False,5371,4852,10.6966
ZDF7,2432,perimeter,fitness-number,TN,True,5371,4852,10.6966
ZDF7,2432,perimeter,fitness-number,SN,False,5371,4852,10.6966
ZDF7,2432,perimeter,fitness-number,SN,True,5371,4852,10.6966
ZDF7,2432,area,widest-fit,LM,False,5170,4852,6.5540
ZDF7,2432,area,widest-fit,LM,True,5170,4852,6.5540
ZDF7,2432,area,widest-fit,TN,False,5280,4852,8.8211
ZDF7,2432,area,widest-fit,TN,True,5280,4852,8.8211
ZDF7,2432,area,widest-fit,SN,False,5204,4852,7.2547
ZDF7,2432,area,widest-fit,SN,True,5204,4852,7.2547
ZDF7,2432,area,first-fit,LM,False,5375,4852,10.7791
ZDF7,2432,area,first-fit,LM,True,5375,4852,10.7791
ZDF7,2432,area,first-fit,TN,False,5216,4852,7.5021
ZDF7,2432,area,first-fit,TN,True,5216,4852,7.5021
ZDF7,2432,area,first-fit,SN,False,5600,4852,15.4163
ZDF7,2432,area,first-fit,SN,True,5600,4852,15.4163
ZDF7,2432,area,fitness-number,LM,False,5306,4852,9.3570
ZDF7,2432,area,fitness-number,LM,True,5176,4852,6.6777
ZDF7,2432,area,fitness-number,TN,False,5306,4852,9.3570
ZDF7,2432,area,fitness-number,TN,True,5176,4852,6.6777
ZDF7,2432,area,fitness-number,SN,False,5306,4852,9.3570
ZDF7,2432,area,fitness-number,SN,True,5176,4852,6.6777
ZDF7,2432,height,widest-fit,LM,False,5170,4852,6.5540
ZDF7,2432,height,widest-fit,LM,True,5170,4852,6.5540
ZDF7,2432,height,widest-fit,TN,False,5280,4852,8.8211
ZDF7,2432,height,widest-fit,TN,True,5280,4852,8.8211
ZDF7,2432,height,widest-fit,SN,False,5204,4852,7.2547
ZDF7,2432,height,widest-fit,SN,True,5204,4852,7.2547
ZDF7,2432,height,first-fit,LM,False,5824,4852,20.0330
ZDF7,2432,height,first-fit,LM,True,5712,4852,17.7246
ZDF7,2432,height,first-fit,TN,False,6226,4852,28.3182
ZDF7,2432,height,first-fit,TN,True,5758,4852,18.6727
ZDF7,2432,height,first-fit,SN,False,5530,4852,13.9736
ZDF7,2432,height,first-fit,SN,True,5472,4852,12.7782
ZDF7,2432,height,fitness-number,LM,False,5451,4852,12.3454
ZDF7,2432,height,fitness-number,LM,True,5451,4852,12.3454
ZDF7,2432,height,fitness-number,TN,False,5451,4852,12.3454
ZDF7,2432,height,fitness-number,TN,True,5451,4852,12.3454
ZDF7,2432,height,fitness-number,SN,False,5451,4852,12.3454
ZDF7,2432,height,fitness-number,SN,True,5451,4852,12.3454
ZDF8,2532,width,widest-fit,LM,False,5632,5172,8.8940
ZDF8,2532,width,widest-fit,LM,True,5632,5172,8.8940
ZDF8,2532,width,widest-fit,TN,False,5571,5172,7.7146
ZDF8,2532,width,widest-fit,TN,True,5571,5172,7.7146
ZDF8,2532,width,widest-fit,SN,False,5632,5172,8.8940
ZDF8,2532,width,widest-fit,SN,True,5632,5172,8.8940
ZDF8,2532,width,first-fit,LM,False,5661,5172,9.4548
ZDF8,2532,width,first-fit,LM,True,5661,5172,9.4548
ZDF8,2532,width,first-fit,TN,False,5604,5172,8.3527
ZDF8,2532,width,first-fit,TN,True,5604,5172,8.3527
ZDF8,2532,width,first-fit,SN,False,5661,5172,9.4548
ZDF8,2532,width,first-fit,SN,True,5661,5172,9.4548
ZDF8,2532,width,fitness-number,LM,False,5573,5172,7.7533
ZDF8,2532,width,fitness-number,LM,True,5573,5172,7.7533
ZDF8,2532,width,fitness-number,TN,False,5573,5172,7.7533
ZDF8,2532,width,fitness-number,TN,True,5573,5172,7.7533
ZDF8,2532,width,fitness-number,SN,False,5573,5172,7.7533
ZDF8,2532,width,fitness-number,SN,True,5573,5172,7.7533
ZDF8,2532,perimeter,widest-fit,LM,False,5632,5172,8.8940
ZDF8,2532,perimeter,widest-fit,LM,True,5632,5172,8.8940
ZDF8,2532,perimeter,widest-fit,TN,False,5571,5172,7.7146
ZDF8,2532,perimeter,widest-fit,TN,True,5571,5172,7.7146
ZDF8,2532,perimeter,widest-fit,SN,False,5632,5172,8.8940
ZDF8,2532,perimeter,widest-fit,SN,True,5632,5172,8.8940
ZDF8,2532,perimeter,first-fit,LM,False,5604,5172,8.3527
ZDF8,2532,perimeter,first-fit,LM,True,5604,5172,8.3527
ZDF8,2532,perimeter,first-fit,TN,False,5676,5172,9.7448
ZDF8,2532,perimeter,first-fit,TN,True,5644,5172,9.1261
ZDF8,2532,perimeter,first-fit,SN,False,5679,5172,9.8028
ZDF8,2532,perimeter,first-fit,SN,True,5679,5172,9.8028
ZDF8,2532,perimeter,fitness-number,LM,False,5409,5172,4.5824
ZDF8,2532,perimeter,fitness-number,LM,True,5409,5172,4.5824
ZDF8,2532,perimeter,fitness-number,TN,False,5409,5172,4.5824
ZDF8,2532,perimeter,fitness-number,TN,True,5409,5172,4.5824
ZDF8,2532,perimeter,fitness-number,SN,False,5409,5172,4.5824
ZDF8,2532,perimeter,fitness-number,SN,True,5409,5172,4.5824
ZDF8,2532,area,widest-fit,LM,False,5632,5172,8.8940
ZDF8,2532,area,widest-fit,LM,True,5632,5172,8.8940
ZDF8,2532,area,widest-fit,TN,False,5571,5172,7.7146
ZDF8,2532,area,widest-fit,TN,True,5571,5172,7.7146
ZDF8,2532,area,widest-fit,SN,False,5632,5172,8.8940
ZDF8,2532,area,widest-fit,SN,True,5632,5172,8.8940
ZDF8,2532,area,first-fit,LM,False,5604,5172,8.3527
ZDF8,2532,area,first-fit,LM,True,5604,5172,8.3527
ZDF8,2532,area,first-fit,TN,False,5579,5172,7.8693
ZDF8,2532,area,first-fit,TN,True,5579,5172,7.8693
ZDF8,2532,area,first-fit,SN,False,5632,5172,8.8940
ZDF8,2532,area,first-fit,SN,True,5567,5172,7.6373
ZDF8,2532,area,fitness-number,LM,False,5607,5172,8.4107
ZDF8,2532,area,fitness-number,LM,True,5607,5172,8.4107
ZDF8,2532,area,fitness-number,TN,False,5607,5172,8.4107
ZDF8,2532,area,fitness-number,TN,True,5607,5172,8.4107
ZDF8,2532,area,fitness-number,SN,False,5607,5172,8.4107
ZDF8,2532,area,fitness-number,SN,True,5607,5172,8.4107
ZDF8,2532,height,widest-fit,LM,False,5632,5172,8.8940
ZDF8,2532,height,widest-fit,LM,True,5632,5172,8.8940
ZDF8,2532,height,widest-fit,TN,False,5571,5172,7.7146
ZDF8,2532,height,widest-fit,TN,True,5571,5172,7.7146
ZDF8,2532,height,widest-fit,SN,False,5632,5172,8.8940
ZDF8,2532,height,widest-fit,SN,True,5632,5172,8.8940
ZDF8,2532,height,first-fit,LM,False,5886,5172,13.8051
ZDF8,2532,height,first-fit,LM,True,5886,5172,13.8051
ZDF8,2532,height,first-fit,TN,False,6004,5172,16.0866
ZDF8,2532,height,first-fit,TN,True,5758,5172,11.3302
ZDF8,2532,height,first-fit,SN,False,6027,5172,16.5313
ZDF8,2532,height,first-fit,SN,True,5858,5172,13.2637
ZDF8,2532,height,fitness-number,LM,False,5794,5172,12.0263
ZDF8,2532,height,fitness-number,LM,True,5577,5172,7.8306
ZDF8,2532,height,fitness-number,TN,False,5794,5172,12.0263
ZDF8,2532,height,fitness-number,TN,True,5577,5172,7.8306
ZDF8,2532,height,fitness-number,SN,False,5794,5172,12.0263
ZDF8,2532,height,fitness-number,SN,True,5577,5172,7.8306
ZDF9,5032,width,widest-fit,LM,False,5609,5172,8.4493
ZDF9,5032,width,widest-fit,LM,True,5609,5172,8.4493
ZDF9,5032,width,widest-fit,TN,False,5578,5172,7.8500
ZDF9,5032,width,widest-fit,TN,True,5578,5172,7.8500
ZDF9,5032,width,widest-fit,SN,False,5632,5172,8.8940
ZDF9,5032,width,widest-fit,SN,True,5632,5172,8.8940
ZDF9,5032,width,first-fit,LM,False,5628,5172,8.8167
ZDF9,5032,width,first-fit,LM,True,5628,5172,8.8167
ZDF9,5032,width,first-fit,TN,False,5546,5172,7.2312
ZDF9,5032,width,first-fit,TN,True,5546,5172,7.2312
ZDF9,5032,width,first-fit,SN,False,5687,5172,9.9575
ZDF9,5032,width,first-fit,SN,True,5687,5172,9.9575
ZDF9,5032,width,fitness-number,LM,False,5327,5172,2.9969
ZDF9,5032,width,fitness-number,LM,True,5327,5172,2.9969
ZDF9,5032,width,fitness-number,TN,False,5327,5172,2.9969
ZDF9,5032,width,fitness-number,TN,True,5327,5172,2.9969
ZDF9,5032,width,fitness-number,SN,False,5327,5172,2.9969
ZDF9,5032,width,fitness-number,SN,True,5327,5172,2.9969
ZDF9,5032,perimeter,widest-fit,LM,False,5609,5172,8.4493
ZDF9,5032,perimeter,widest-fit,LM,True,5609,5172,8.4493
ZDF9,5032,perimeter,widest-fit,TN,False,5578,5172,7.8500
ZDF9,5032,perimeter,widest-fit,TN,True,5578,5172,7.8500
ZDF9,5032,perimeter,widest-fit,SN,False,5632,5172,8.8940
ZDF9,5032,perimeter,widest-fit,SN,True,5632,5172,8.8940
ZDF9,5032,perimeter,first-fit,LM,False,5659,5172,9.4161
ZDF9,5032,perimeter,first-fit,LM,True,5659,5172,9.4161
ZDF9,5032,perimeter,first-fit,TN,False,5522,5172,6.7672
ZDF9,5032,perimeter,first-fit,TN,True,5522,5172,6.7672
ZDF9,5032,perimeter,first-fit,SN,False,5715,5172,10.4988
ZDF9,5032,perimeter,first-fit,SN,True,5715,5172,10.4988
ZDF9,5032,perimeter,fitness-number,LM,False,5597,5172,8.2173
ZDF9,5032,perimeter,fitness-number,LM,True,5597,5172,8.2173
ZDF9,5032,perimeter,fitness-number,TN,False,5597,5172,8.2173
ZDF9,5032,perimeter,fitness-number,TN,True,5597,5172,8.2173
ZDF9,5032,perimeter,fitness-number,SN,False,5597,5172,8.2173
ZDF9,5032,perimeter,fitness-number,SN,True,5597,5172,8.2173
ZDF9,5032,area,widest-fit,LM,False,5609,5172,8.4493
ZDF9,5032,area,widest-fit,LM,True,5609,5172,8.4493
ZDF9,5032,area,widest-fit,TN,False,5578,5172,7.8500
ZDF9,5032,area,widest-fit,TN,True,5578,5172,7.8500
ZDF9,5032,area,widest-fit,SN,False,5632,5172,8.8940
ZDF9,5032,area,widest-fit,SN,True,5632,5172,8.8940
ZDF9,5032,area,first-fit,LM,False,5454,5172,5.4524
ZDF9,5032,area,first-fit,LM,True,5454,5172,5.4524
ZDF9,5032,area,first-fit,TN,False,5622,5172,8.7007
ZDF9,5032,area,first-fit,TN,True,5622,5172,8.7007
ZDF9,5032,area,first-fit,SN,False,5604,5172,8.3527
ZDF9,5032,area,first-fit,SN,True,5604,5172,8.3527
ZDF9,5032,area,fitness-number,LM,False,5393,5172,4.2730
ZDF9,5032,area,fitness-number,LM,True,5393,5172,4.2730
ZDF9,5032,area,fitness-number,TN,False,5393,5172,4.2730
ZDF9,5032,area,fitness-number,TN,True,5393,5172,4.2730
ZDF9,5032,area,fitness-number,SN,False,5393,5172,4.2730
ZDF9,5032,area,fitness-number,SN,True,5393,5172,4.2730
ZDF9,5032,height,widest-fit,LM,False,5609,5172,8.4493
ZDF9,5032,height,widest-fit,LM,True,5609,5172,8.4493
ZDF9,5032,height,widest-fit,TN,False,5578,5172,7.8500
ZDF9,5032,height,widest-fit,TN,True,5578,5172,7.8500
ZDF9,5032,height,widest-fit,SN,False,5632,5172,8.8940
ZDF9,5032,height,widest-fit,SN,True,5632,5172,8.8940
ZDF9,5032,height,first-fit,LM,False,5834,5172,12.7997
ZDF9,5032,height,first-fit,LM,True,5834,5172,12.7997
ZDF9,5032,height,first-fit,TN,False,5886,5172,13.8051
ZDF9,5032,height,first-fit,TN,True,5886,5172,13.8051
ZDF9,5032,height,first-fit,SN,False,5886,5172,13.8051
ZDF9,5032,height,first-fit,SN,True,5886,5172,13.8051
ZDF9,5032,height,fitness-number,LM,False,5881,5172,13.7084
ZDF9,5032,height,fitness-number,LM,True,5806,5172,12.2583
ZDF9,5032,height,fitness-number,TN,False,5881,5172,13.7084
ZDF9,5032,height,fitness-number,TN,True,5806,5172,12.2583
ZDF9,5032,height,fitness-number,SN,False,5881,5172,13.7084
ZDF9,5032,height,fitness-number,SN,True,5806,5172,12.2583
