instance,selection,placement,raises,buried_area,buried_pct,top_waste_pct,exact_fill_pct,mean_residual
C1P1,widest-fit,LM,3,10,2.5,2.5,43.75,3.7777777777777777
C1P1,widest-fit,RM,3,10,2.5,2.5,43.75,3.7777777777777777
C1P1,widest-fit,TN,5,8,2.0,8.0,31.25,2.272727272727273
C1P1,widest-fit,SN,3,10,2.5,2.5,43.75,3.7777777777777777
C1P1,widest-fit,MinD,3,10,2.5,2.5,43.75,3.7777777777777777
C1P1,widest-fit,MaxD,5,8,2.0,8.0,31.25,2.272727272727273
C1P1,first-fit,LM,2,16,4.0,11.0,43.75,3
C1P1,first-fit,RM,2,16,4.0,11.0,43.75,3
C1P1,first-fit,TN,4,13,3.25,6.75,37.5,3.3
C1P1,first-fit,SN,2,16,4.0,11.0,43.75,3
C1P1,first-fit,MinD,5,27,6.75,8.25,25.0,3.1666666666666665
C1P1,first-fit,MaxD,4,20,5.0,5.0,37.5,3.1
C1P1,fitness-number,LM,0,0,0.0,5.0,37.5,5.6
C1P1,fitness-number,RM,0,0,0.0,5.0,37.5,5.6
C1P1,fitness-number,TN,0,0,0.0,5.0,37.5,5.6
C1P1,fitness-number,SN,0,0,0.0,5.0,37.5,5.6
C1P1,fitness-number,MinD,0,0,0.0,5.0,37.5,5.6
C1P1,fitness-number,MaxD,0,0,0.0,5.0,37.5,5.6
C1P1,max-area,LM,2,7,1.75,33.25,43.75,3.3333333333333335
C1P1,max-area,RM,2,7,1.75,33.25,43.75,3.3333333333333335
C1P1,max-area,TN,4,8,2.0,33.0,31.25,2.909090909090909
C1P1,max-area,SN,2,7,1.75,33.25,43.75,3.3333333333333335
C1P1,max-area,MinD,3,10,2.5,32.5,37.5,3.2
C1P1,max-area,MaxD,4,8,2.0,33.0,31.25,2.909090909090909
C1P2,widest-fit,LM,0,0,0.0,25.0,58.8235294117647,2.4285714285714284
C1P2,widest-fit,RM,0,0,0.0,25.0,58.8235294117647,2.4285714285714284
C1P2,widest-fit,TN,0,0,0.0,25.0,58.8235294117647,2.4285714285714284
C1P2,widest-fit,SN,0,0,0.0,25.0,58.8235294117647,2.857142857142857
C1P2,widest-fit,MinD,0,0,0.0,5.0,58.8235294117647,2.142857142857143
C1P2,widest-fit,MaxD,0,0,0.0,25.0,58.8235294117647,2.4285714285714284
C1P2,first-fit,LM,5,12,3.0,7.0,35.294117647058826,2.5454545454545454
C1P2,first-fit,RM,3,11,2.75,7.25,47.05882352941177,3.4444444444444446
C1P2,first-fit,TN,1,10,2.5,7.5,58.8235294117647,2.5714285714285716
C1P2,first-fit,SN,5,20,5.0,10.0,41.1764705882353,3.5
C1P2,first-fit,MinD,6,22,5.5,9.5,35.294117647058826,3.1818181818181817
C1P2,first-fit,MaxD,3,9,2.25,7.75,52.94117647058823,3.125
C1P2,fitness-number,LM,0,0,0.0,20.0,41.1764705882353,5.7
C1P2,fitness-number,RM,0,0,0.0,20.0,41.1764705882353,5.7
C1P2,fitness-number,TN,0,0,0.0,20.0,41.1764705882353,5.7
C1P2,fitness-number,SN,0,0,0.0,20.0,41.1764705882353,5.7
C1P2,fitness-number,MinD,0,0,0.0,20.0,41.1764705882353,5.7
C1P2,fitness-number,MaxD,0,0,0.0,20.0,41.1764705882353,5.7
C1P2,max-area,LM,0,0,0.0,20.0,52.94117647058823,4.625
C1P2,max-area,RM,0,0,0.0,20.0,52.94117647058823,4.625
C1P2,max-area,TN,0,0,0.0,20.0,52.94117647058823,4.625
C1P2,max-area,SN,0,0,0.0,20.0,52.94117647058823,4
C1P2,max-area,MinD,0,0,0.0,20.0,52.94117647058823,4
C1P2,max-area,MaxD,0,0,0.0,20.0,52.94117647058823,4
C1P3,widest-fit,LM,2,5,1.25,18.75,50.0,3.75
C1P3,widest-fit,RM,2,5,1.25,18.75,50.0,3.75
C1P3,widest-fit,TN,3,4,1.0,19.0,43.75,3.7777777777777777
C1P3,widest-fit,SN,2,5,1.25,18.75,50.0,3.75
C1P3,widest-fit,MinD,2,5,1.25,18.75,50.0,3.75
C1P3,widest-fit,MaxD,2,4,1.0,19.0,50.0,4.125
C1P3,first-fit,LM,3,8,2.0,3.0,31.25,4
C1P3,first-fit,RM,3,8,2.0,3.0,31.25,4
C1P3,first-fit,TN,2,2,0.5,9.5,37.5,3.3
C1P3,first-fit,SN,1,3,0.75,4.25,43.75,3
C1P3,first-fit,MinD,1,3,0.75,4.25,50.0,3.125
C1P3,first-fit,MaxD,2,2,0.5,9.5,37.5,3.3
C1P3,fitness-number,LM,3,10,2.5,2.5,18.75,6.769230769230769
C1P3,fitness-number,RM,3,10,2.5,2.5,18.75,6.769230769230769
C1P3,fitness-number,TN,3,10,2.5,2.5,18.75,6.769230769230769
C1P3,fitness-number,SN,3,10,2.5,2.5,18.75,6.769230769230769
C1P3,fitness-number,MinD,3,10,2.5,2.5,18.75,6.769230769230769
C1P3,fitness-number,MaxD,3,10,2.5,2.5,18.75,6.769230769230769
C1P3,max-area,LM,4,17,4.25,5.75,31.25,3.272727272727273
C1P3,max-area,RM,5,17,4.25,5.75,31.25,3.090909090909091
C1P3,max-area,TN,4,8,2.0,3.0,25.0,3.6666666666666665
C1P3,max-area,SN,5,18,4.5,5.5,31.25,3
C1P3,max-area,MinD,5,15,3.75,6.25,31.25,3.090909090909091
C1P3,max-area,MaxD,1,4,1.0,9.0,62.5,4.5
C2P1,widest-fit,LM,5,9,1.5,18.5,40.0,4.666666666666667
C2P1,widest-fit,RM,4,16,2.6666666666666665,17.333333333333332,40.0,4.8
C2P1,widest-fit,TN,0,0,0.0,13.333333333333334,40.0,7.933333333333334
C2P1,widest-fit,SN,6,11,1.8333333333333333,11.5,36.0,5.625
C2P1,widest-fit,MinD,5,7,1.1666666666666667,18.833333333333332,36.0,5.4375
C2P1,widest-fit,MaxD,0,0,0.0,13.333333333333334,40.0,7.933333333333334
C2P1,first-fit,LM,4,7,1.1666666666666667,18.833333333333332,40.0,4.933333333333334
C2P1,first-fit,RM,5,21,3.5,16.5,36.0,4.8125
C2P1,first-fit,TN,6,15,2.5,17.5,24.0,5.368421052631579
C2P1,first-fit,SN,7,28,4.666666666666667,15.333333333333334,24.0,5.052631578947368
C2P1,first-fit,MinD,6,19,3.1666666666666665,16.833333333333332,28.0,5.222222222222222
C2P1,first-fit,MaxD,5,20,3.3333333333333335,16.666666666666668,28.0,5.5
C2P1,fitness-number,LM,0,0,0.0,53.333333333333336,40.0,11.933333333333334
C2P1,fitness-number,RM,0,0,0.0,53.333333333333336,40.0,11.933333333333334
C2P1,fitness-number,TN,0,0,0.0,53.333333333333336,40.0,11.933333333333334
C2P1,fitness-number,SN,0,0,0.0,53.333333333333336,40.0,11.933333333333334
C2P1,fitness-number,MinD,0,0,0.0,53.333333333333336,40.0,11.933333333333334
C2P1,fitness-number,MaxD,0,0,0.0,53.333333333333336,40.0,11.933333333333334
C2P1,max-area,LM,2,6,1.0,32.333333333333336,36.0,6.3125
C2P1,max-area,RM,2,7,1.1666666666666667,45.5,32.0,5.647058823529412
C2P1,max-area,TN,2,5,0.8333333333333334,32.5,32.0,6.176470588235294
C2P1,max-area,SN,4,13,2.1666666666666665,31.166666666666668,32.0,5.764705882352941
C2P1,max-area,MinD,3,7,1.1666666666666667,32.166666666666664,36.0,6.0625
C2P1,max-area,MaxD,3,11,1.8333333333333333,31.5,36.0,5.75
C2P2,widest-fit,LM,0,0,0.0,20.0,48.0,7.461538461538462
C2P2,widest-fit,RM,1,1,0.16666666666666666,19.833333333333332,40.0,7.533333333333333
C2P2,widest-fit,TN,0,0,0.0,13.333333333333334,44.0,4.428571428571429
C2P2,widest-fit,SN,0,0,0.0,20.0,44.0,7.142857142857143
C2P2,widest-fit,MinD,0,0,0.0,20.0,48.0,7.461538461538462
C2P2,widest-fit,MaxD,0,0,0.0,13.333333333333334,48.0,4.461538461538462
C2P2,first-fit,LM,0,0,0.0,13.333333333333334,40.0,6.133333333333334
C2P2,first-fit,RM,0,0,0.0,13.333333333333334,36.0,6.125
C2P2,first-fit,TN,0,0,0.0,6.666666666666667,44.0,4.357142857142857
C2P2,first-fit,SN,0,0,0.0,13.333333333333334,40.0,6.333333333333333
C2P2,first-fit,MinD,0,0,0.0,13.333333333333334,36.0,7.3125
C2P2,first-fit,MaxD,0,0,0.0,6.666666666666667,48.0,4.3076923076923075
C2P2,fitness-number,LM,0,0,0.0,20.0,20.0,13.25
C2P2,fitness-number,RM,0,0,0.0,20.0,20.0,13.25
C2P2,fitness-number,TN,0,0,0.0,20.0,20.0,13.25
C2P2,fitness-number,SN,0,0,0.0,20.0,20.0,13.25
C2P2,fitness-number,MinD,0,0,0.0,20.0,20.0,13.25
C2P2,fitness-number,MaxD,0,0,0.0,20.0,20.0,13.25
C2P2,max-area,LM,0,0,0.0,40.0,36.0,6.5625
C2P2,max-area,RM,0,0,0.0,46.666666666666664,44.0,7.571428571428571
C2P2,max-area,TN,0,0,0.0,26.666666666666668,36.0,4.5625
C2P2,max-area,SN,0,0,0.0,46.666666666666664,44.0,6.785714285714286
C2P2,max-area,MinD,0,0,0.0,20.0,40.0,7.933333333333334
C2P2,max-area,MaxD,0,0,0.0,26.666666666666668,40.0,4.666666666666667
C2P3,widest-fit,LM,0,0,0.0,20.0,48.0,6.461538461538462
C2P3,widest-fit,RM,0,0,0.0,20.0,48.0,6.461538461538462
C2P3,widest-fit,TN,2,6,1.0,19.0,52.0,4.75
C2P3,widest-fit,SN,0,0,0.0,20.0,44.0,6.142857142857143
C2P3,widest-fit,MinD,0,0,0.0,20.0,44.0,6.857142857142857
C2P3,widest-fit,MaxD,2,3,0.5,19.5,52.0,4.833333333333333
C2P3,first-fit,LM,0,0,0.0,6.666666666666667,40.0,5.933333333333334
C2P3,first-fit,RM,0,0,0.0,13.333333333333334,40.0,6
C2P3,first-fit,TN,0,0,0.0,13.333333333333334,36.0,4.875
C2P3,first-fit,SN,0,0,0.0,13.333333333333334,40.0,6
C2P3,first-fit,MinD,0,0,0.0,13.333333333333334,40.0,6
C2P3,first-fit,MaxD,0,0,0.0,6.666666666666667,40.0,4.733333333333333
C2P3,fitness-number,LM,0,0,0.0,20.0,16.0,13.904761904761905
C2P3,fitness-number,RM,0,0,0.0,20.0,16.0,13.904761904761905
C2P3,fitness-number,TN,0,0,0.0,20.0,16.0,13.904761904761905
C2P3,fitness-number,SN,0,0,0.0,20.0,16.0,13.904761904761905
C2P3,fitness-number,MinD,0,0,0.0,20.0,16.0,13.904761904761905
C2P3,fitness-number,MaxD,0,0,0.0,20.0,16.0,13.904761904761905
C2P3,max-area,LM,0,0,0.0,13.333333333333334,32.0,8.117647058823529
C2P3,max-area,RM,0,0,0.0,13.333333333333334,24.0,7.578947368421052
C2P3,max-area,TN,0,0,0.0,13.333333333333334,20.0,7.9
C2P3,max-area,SN,0,0,0.0,13.333333333333334,24.0,7.894736842105263
C2P3,max-area,MinD,0,0,0.0,13.333333333333334,24.0,7.894736842105263
C2P3,max-area,MaxD,0,0,0.0,13.333333333333334,36.0,8.5
C3P1,widest-fit,LM,3,20,1.1111111111111112,5.555555555555555,35.714285714285715,8.333333333333334
C3P1,widest-fit,RM,3,22,1.2222222222222223,5.444444444444445,35.714285714285715,8.666666666666666
C3P1,widest-fit,TN,4,12,0.6666666666666666,9.333333333333334,39.285714285714285,8.529411764705882
C3P1,widest-fit,SN,3,22,1.2222222222222223,5.444444444444445,39.285714285714285,8.647058823529411
C3P1,widest-fit,MinD,4,20,1.1111111111111112,5.555555555555555,35.714285714285715,8.61111111111111
C3P1,widest-fit,MaxD,3,20,1.1111111111111112,5.555555555555555,39.285714285714285,8
C3P1,first-fit,LM,8,59,3.2777777777777777,6.722222222222222,28.571428571428573,6.7
C3P1,first-fit,RM,8,62,3.4444444444444446,6.555555555555555,28.571428571428573,6.55
C3P1,first-fit,TN,7,27,1.5,5.166666666666667,32.142857142857146,6.894736842105263
C3P1,first-fit,SN,8,62,3.4444444444444446,6.555555555555555,28.571428571428573,6.55
C3P1,first-fit,MinD,6,35,1.9444444444444444,8.055555555555555,28.571428571428573,8.1
C3P1,first-fit,MaxD,8,61,3.388888888888889,6.611111111111111,28.571428571428573,6.55
C3P1,fitness-number,LM,1,3,0.16666666666666666,16.5,21.428571428571427,19.545454545454547
C3P1,fitness-number,RM,1,3,0.16666666666666666,16.5,21.428571428571427,19.545454545454547
C3P1,fitness-number,TN,1,3,0.16666666666666666,16.5,21.428571428571427,19.545454545454547
C3P1,fitness-number,SN,1,3,0.16666666666666666,16.5,21.428571428571427,19.545454545454547
C3P1,fitness-number,MinD,1,3,0.16666666666666666,16.5,21.428571428571427,19.545454545454547
C3P1,fitness-number,MaxD,1,3,0.16666666666666666,16.5,21.428571428571427,19.545454545454547
C3P1,max-area,LM,5,52,2.888888888888889,23.77777777777778,32.142857142857146,8.210526315789474
C3P1,max-area,RM,5,54,3.0,23.666666666666668,28.571428571428573,8
C3P1,max-area,TN,5,18,1.0,19.0,28.571428571428573,8.65
C3P1,max-area,SN,7,84,4.666666666666667,22.0,32.142857142857146,8
C3P1,max-area,MinD,6,23,1.2777777777777777,18.72222222222222,28.571428571428573,9.1
C3P1,max-area,MaxD,6,83,4.611111111111111,15.38888888888889,35.714285714285715,7.888888888888889
C3P2,widest-fit,LM,1,1,0.05555555555555555,13.277777777777779,41.37931034482759,15.235294117647058
C3P2,widest-fit,RM,1,1,0.05555555555555555,13.277777777777779,41.37931034482759,15.235294117647058
C3P2,widest-fit,TN,1,1,0.05555555555555555,13.277777777777779,44.827586206896555,10.4375
C3P2,widest-fit,SN,3,12,0.6666666666666666,12.666666666666666,37.93103448275862,10
C3P2,widest-fit,MinD,1,1,0.05555555555555555,13.277777777777779,41.37931034482759,15.235294117647058
C3P2,widest-fit,MaxD,2,8,0.4444444444444444,12.88888888888889,41.37931034482759,10.235294117647058
C3P2,first-fit,LM,5,23,1.2777777777777777,8.722222222222221,48.275862068965516,6.333333333333333
C3P2,first-fit,RM,5,23,1.2777777777777777,8.722222222222221,48.275862068965516,6.266666666666667
C3P2,first-fit,TN,5,22,1.2222222222222223,8.777777777777779,44.827586206896555,6.0625
C3P2,first-fit,SN,6,25,1.3888888888888888,8.61111111111111,48.275862068965516,6.4
C3P2,first-fit,MinD,5,30,1.6666666666666667,8.333333333333334,41.37931034482759,6.529411764705882
C3P2,first-fit,MaxD,9,54,3.0,7.0,37.93103448275862,5.666666666666667
C3P2,fitness-number,LM,2,15,0.8333333333333334,15.833333333333334,24.137931034482758,19.09090909090909
C3P2,fitness-number,RM,2,15,0.8333333333333334,15.833333333333334,24.137931034482758,19.09090909090909
C3P2,fitness-number,TN,2,15,0.8333333333333334,15.833333333333334,24.137931034482758,19.09090909090909
C3P2,fitness-number,SN,2,15,0.8333333333333334,15.833333333333334,24.137931034482758,19.09090909090909
C3P2,fitness-number,MinD,2,15,0.8333333333333334,15.833333333333334,24.137931034482758,19.09090909090909
C3P2,fitness-number,MaxD,2,15,0.8333333333333334,15.833333333333334,24.137931034482758,19.09090909090909
C3P2,max-area,LM,9,39,2.1666666666666665,11.166666666666666,34.48275862068966,7.473684210526316
C3P2,max-area,RM,7,38,2.111111111111111,11.222222222222221,44.827586206896555,8.875
C3P2,max-area,TN,8,35,1.9444444444444444,8.055555555555555,41.37931034482759,8.823529411764707
C3P2,max-area,SN,10,49,2.7222222222222223,7.277777777777778,34.48275862068966,7.315789473684211
C3P2,max-area,MinD,9,72,4.0,6.0,37.93103448275862,8.944444444444445
C3P2,max-area,MaxD,10,83,4.611111111111111,5.388888888888889,37.93103448275862,8.055555555555555
C3P3,widest-fit,LM,3,6,0.3333333333333333,9.666666666666666,50.0,6
C3P3,widest-fit,RM,3,5,0.2777777777777778,16.38888888888889,50.0,6
C3P3,widest-fit,TN,6,28,1.5555555555555556,15.11111111111111,42.857142857142854,5.8125
C3P3,widest-fit,SN,6,44,2.4444444444444446,14.222222222222221,39.285714285714285,7
C3P3,widest-fit,MinD,5,13,0.7222222222222222,15.944444444444445,39.285714285714285,6.588235294117647
C3P3,widest-fit,MaxD,6,28,1.5555555555555556,15.11111111111111,42.857142857142854,5.8125
C3P3,first-fit,LM,5,31,1.7222222222222223,11.61111111111111,35.714285714285715,6.333333333333333
C3P3,first-fit,RM,6,41,2.2777777777777777,11.055555555555555,28.571428571428573,6.05
C3P3,first-fit,TN,4,8,0.4444444444444444,9.555555555555555,42.857142857142854,6.5625
C3P3,first-fit,SN,6,39,2.1666666666666665,11.166666666666666,32.142857142857146,6.2631578947368425
C3P3,first-fit,MinD,6,47,2.611111111111111,10.722222222222221,35.714285714285715,6.333333333333333
C3P3,first-fit,MaxD,4,29,1.6111111111111112,8.38888888888889,32.142857142857146,6.894736842105263
C3P3,fitness-number,LM,0,0,0.0,10.0,21.428571428571427,17.318181818181817
C3P3,fitness-number,RM,0,0,0.0,10.0,21.428571428571427,17.318181818181817
C3P3,fitness-number,TN,0,0,0.0,10.0,21.428571428571427,17.318181818181817
C3P3,fitness-number,SN,0,0,0.0,10.0,21.428571428571427,17.318181818181817
C3P3,fitness-number,MinD,0,0,0.0,10.0,21.428571428571427,17.318181818181817
C3P3,fitness-number,MaxD,0,0,0.0,10.0,21.428571428571427,17.318181818181817
C3P3,max-area,LM,6,42,2.3333333333333335,24.333333333333332,21.428571428571427,7.545454545454546
C3P3,max-area,RM,5,40,2.2222222222222223,24.444444444444443,21.428571428571427,7.818181818181818
C3P3,max-area,TN,7,31,1.7222222222222223,24.944444444444443,17.857142857142858,6.826086956521739
C3P3,max-area,SN,5,42,2.3333333333333335,24.333333333333332,21.428571428571427,7.545454545454546
C3P3,max-area,MinD,4,25,1.3888888888888888,25.27777777777778,25.0,7.857142857142857
C3P3,max-area,MaxD,3,16,0.8888888888888888,25.77777777777778,32.142857142857146,7.368421052631579
C4P1,widest-fit,LM,8,28,0.7777777777777778,4.222222222222222,59.183673469387756,4.4
C4P1,widest-fit,RM,10,40,1.1111111111111112,5.555555555555555,63.265306122448976,4.555555555555555
C4P1,widest-fit,TN,9,27,0.75,5.916666666666667,55.10204081632653,4
C4P1,widest-fit,SN,15,90,2.5,5.833333333333333,48.97959183673469,3.76
C4P1,widest-fit,MinD,12,60,1.6666666666666667,8.333333333333334,55.10204081632653,4.2727272727272725
C4P1,widest-fit,MaxD,10,45,1.25,5.416666666666667,55.10204081632653,4.545454545454546
C4P1,first-fit,LM,13,96,2.6666666666666665,4.0,36.734693877551024,4.903225806451613
C4P1,first-fit,RM,14,102,2.8333333333333335,3.8333333333333335,36.734693877551024,4.67741935483871
C4P1,first-fit,TN,7,37,1.0277777777777777,3.9722222222222223,53.06122448979592,4.608695652173913
C4P1,first-fit,SN,13,136,3.7777777777777777,2.888888888888889,42.857142857142854,4.285714285714286
C4P1,first-fit,MinD,16,117,3.25,5.083333333333333,42.857142857142854,4
C4P1,first-fit,MaxD,16,118,3.2777777777777777,3.388888888888889,44.89795918367347,4.148148148148148
C4P1,fitness-number,LM,1,4,0.1111111111111111,6.555555555555555,28.571428571428573,17.65714285714286
C4P1,fitness-number,RM,1,4,0.1111111111111111,6.555555555555555,28.571428571428573,17.65714285714286
C4P1,fitness-number,TN,1,4,0.1111111111111111,6.555555555555555,28.571428571428573,17.65714285714286
C4P1,fitness-number,SN,1,4,0.1111111111111111,6.555555555555555,28.571428571428573,17.65714285714286
C4P1,fitness-number,MinD,1,4,0.1111111111111111,6.555555555555555,28.571428571428573,17.65714285714286
C4P1,fitness-number,MaxD,1,4,0.1111111111111111,6.555555555555555,28.571428571428573,17.65714285714286
C4P1,max-area,LM,11,79,2.1944444444444446,12.805555555555555,44.89795918367347,6.333333333333333
C4P1,max-area,RM,12,81,2.25,9.416666666666666,46.93877551020408,6.3076923076923075
C4P1,max-area,TN,9,58,1.6111111111111112,16.72222222222222,48.97959183673469,6.8
C4P1,max-area,SN,11,101,2.8055555555555554,15.527777777777779,46.93877551020408,6.3076923076923075
C4P1,max-area,MinD,14,113,3.138888888888889,10.194444444444445,36.734693877551024,5.967741935483871
C4P1,max-area,MaxD,9,89,2.4722222222222223,12.527777777777779,53.06122448979592,6.6521739130434785
C4P2,widest-fit,LM,10,65,1.8055555555555556,9.86111111111111,48.97959183673469,5.44
C4P2,widest-fit,RM,11,55,1.5277777777777777,8.472222222222221,46.93877551020408,5.346153846153846
C4P2,widest-fit,TN,10,57,1.5833333333333333,10.083333333333334,65.3061224489796,4.117647058823529
C4P2,widest-fit,SN,6,31,0.8611111111111112,5.805555555555555,53.06122448979592,8.521739130434783
C4P2,widest-fit,MinD,7,37,1.0277777777777777,5.638888888888889,53.06122448979592,6.043478260869565
C4P2,widest-fit,MaxD,12,99,2.75,8.916666666666666,55.10204081632653,3.772727272727273
C4P2,first-fit,LM,12,97,2.6944444444444446,3.9722222222222223,46.93877551020408,5.615384615384615
C4P2,first-fit,RM,12,92,2.5555555555555554,4.111111111111111,44.89795918367347,5.851851851851852
C4P2,first-fit,TN,11,105,2.9166666666666665,5.416666666666667,57.142857142857146,4.428571428571429
C4P2,first-fit,SN,11,123,3.4166666666666665,4.916666666666667,51.02040816326531,5.666666666666667
C4P2,first-fit,MinD,11,115,3.1944444444444446,3.4722222222222223,51.02040816326531,6.333333333333333
C4P2,first-fit,MaxD,16,189,5.25,3.0833333333333335,42.857142857142854,4.392857142857143
C4P2,fitness-number,LM,0,0,0.0,3.3333333333333335,32.6530612244898,16.666666666666668
C4P2,fitness-number,RM,0,0,0.0,3.3333333333333335,32.6530612244898,16.666666666666668
C4P2,fitness-number,TN,0,0,0.0,3.3333333333333335,32.6530612244898,16.666666666666668
C4P2,fitness-number,SN,0,0,0.0,3.3333333333333335,32.6530612244898,16.666666666666668
C4P2,fitness-number,MinD,0,0,0.0,3.3333333333333335,32.6530612244898,16.666666666666668
C4P2,fitness-number,MaxD,0,0,0.0,3.3333333333333335,32.6530612244898,16.666666666666668
C4P2,max-area,LM,9,79,2.1944444444444446,11.13888888888889,59.183673469387756,8.75
C4P2,max-area,RM,11,80,2.2222222222222223,11.11111111111111,48.97959183673469,7
C4P2,max-area,TN,7,28,0.7777777777777778,19.22222222222222,48.97959183673469,6.96
C4P2,max-area,SN,8,81,2.25,12.75,51.02040816326531,7.583333333333333
C4P2,max-area,MinD,9,53,1.4722222222222223,15.194444444444445,53.06122448979592,7.3478260869565215
C4P2,max-area,MaxD,8,28,0.7777777777777778,15.88888888888889,55.10204081632653,7.545454545454546
C4P3,widest-fit,LM,5,23,0.6388888888888888,2.6944444444444446,48.97959183673469,5.72
C4P3,widest-fit,RM,8,38,1.0555555555555556,3.9444444444444446,53.06122448979592,5.6521739130434785
C4P3,widest-fit,TN,4,29,0.8055555555555556,4.194444444444445,48.97959183673469,6.4
C4P3,widest-fit,SN,7,43,1.1944444444444444,3.8055555555555554,51.02040816326531,5.75
C4P3,widest-fit,MinD,8,43,1.1944444444444444,7.138888888888889,51.02040816326531,5.791666666666667
C4P3,widest-fit,MaxD,3,24,0.6666666666666666,4.333333333333333,57.142857142857146,5
C4P3,first-fit,LM,11,65,1.8055555555555556,4.861111111111111,48.97959183673469,4.2
C4P3,first-fit,RM,9,93,2.5833333333333335,4.083333333333333,51.02040816326531,5.041666666666667
C4P3,first-fit,TN,5,30,0.8333333333333334,4.166666666666667,59.183673469387756,4.7
C4P3,first-fit,SN,10,76,2.111111111111111,4.555555555555555,48.97959183673469,5.04
C4P3,first-fit,MinD,13,59,1.6388888888888888,5.027777777777778,42.857142857142854,5.142857142857143
C4P3,first-fit,MaxD,8,43,1.1944444444444444,2.138888888888889,48.97959183673469,3.88
C4P3,fitness-number,LM,2,7,0.19444444444444445,9.805555555555555,22.448979591836736,15.131578947368421
C4P3,fitness-number,RM,2,7,0.19444444444444445,9.805555555555555,22.448979591836736,15.131578947368421
C4P3,fitness-number,TN,2,7,0.19444444444444445,9.805555555555555,22.448979591836736,15.131578947368421
C4P3,fitness-number,SN,2,7,0.19444444444444445,9.805555555555555,22.448979591836736,15.131578947368421
C4P3,fitness-number,MinD,2,7,0.19444444444444445,9.805555555555555,22.448979591836736,15.131578947368421
C4P3,fitness-number,MaxD,2,7,0.19444444444444445,9.805555555555555,22.448979591836736,15.131578947368421
C4P3,max-area,LM,7,46,1.2777777777777777,17.055555555555557,51.02040816326531,6.291666666666667
C4P3,max-area,RM,4,17,0.4722222222222222,14.527777777777779,51.02040816326531,6.333333333333333
C4P3,max-area,TN,4,10,0.2777777777777778,14.722222222222221,44.89795918367347,7.037037037037037
C4P3,max-area,SN,11,93,2.5833333333333335,17.416666666666668,44.89795918367347,6.074074074074074
C4P3,max-area,MinD,10,82,2.2777777777777777,11.055555555555555,42.857142857142854,6.142857142857143
C4P3,max-area,MaxD,8,38,1.0555555555555556,13.944444444444445,51.02040816326531,6.25
C5P1,widest-fit,LM,19,104,1.9259259259259258,2.5185185185185186,53.42465753424658,3.7058823529411766
C5P1,widest-fit,RM,13,73,1.3518518518518519,1.9814814814814814,63.013698630136986,3.962962962962963
C5P1,widest-fit,TN,14,54,1.0,2.3333333333333335,57.534246575342465,3.870967741935484
C5P1,widest-fit,SN,9,90,1.6666666666666667,2.7777777777777777,64.38356164383562,5.153846153846154
C5P1,widest-fit,MinD,15,88,1.6296296296296295,2.814814814814815,56.16438356164384,4.75
C5P1,widest-fit,MaxD,10,40,0.7407407407407407,1.4814814814814814,60.273972602739725,3.9655172413793105
C5P1,first-fit,LM,13,101,1.8703703703703705,2.574074074074074,58.9041095890411,3.6333333333333333
C5P1,first-fit,RM,13,101,1.8703703703703705,2.574074074074074,58.9041095890411,3.6333333333333333
C5P1,first-fit,TN,15,72,1.3333333333333333,3.111111111111111,56.16438356164384,3.96875
C5P1,first-fit,SN,20,174,3.2222222222222223,3.4444444444444446,50.68493150684932,3.9722222222222223
C5P1,first-fit,MinD,16,86,1.5925925925925926,2.8518518518518516,57.534246575342465,4.838709677419355
C5P1,first-fit,MaxD,20,157,2.9074074074074074,1.537037037037037,53.42465753424658,3.735294117647059
C5P1,fitness-number,LM,1,3,0.05555555555555555,4.388888888888889,21.91780821917808,21.49122807017544
C5P1,fitness-number,RM,1,3,0.05555555555555555,4.388888888888889,21.91780821917808,21.49122807017544
C5P1,fitness-number,TN,1,3,0.05555555555555555,4.388888888888889,21.91780821917808,21.49122807017544
C5P1,fitness-number,SN,1,3,0.05555555555555555,4.388888888888889,21.91780821917808,21.49122807017544
C5P1,fitness-number,MinD,1,3,0.05555555555555555,4.388888888888889,21.91780821917808,21.49122807017544
C5P1,fitness-number,MaxD,1,3,0.05555555555555555,4.388888888888889,21.91780821917808,21.49122807017544
C5P1,max-area,LM,23,244,4.518518518518518,6.592592592592593,50.68493150684932,5.25
C5P1,max-area,RM,25,264,4.888888888888889,5.111111111111111,43.83561643835616,6.804878048780488
C5P1,max-area,TN,24,242,4.481481481481482,6.62962962962963,50.68493150684932,4.888888888888889
C5P1,max-area,SN,20,219,4.055555555555555,3.7222222222222223,53.42465753424658,5.088235294117647
C5P1,max-area,MinD,23,259,4.796296296296297,6.314814814814815,49.31506849315068,5.027027027027027
C5P1,max-area,MaxD,13,89,1.6481481481481481,2.7962962962962963,58.9041095890411,5.8
C5P2,widest-fit,LM,4,11,0.2037037037037037,3.1296296296296298,67.12328767123287,4.333333333333333
C5P2,widest-fit,RM,6,56,1.037037037037037,4.518518518518518,72.6027397260274,3.5
C5P2,widest-fit,TN,4,13,0.24074074074074073,1.9814814814814814,68.4931506849315,4.391304347826087
C5P2,widest-fit,SN,14,147,2.7222222222222223,3.9444444444444446,67.12328767123287,3.5833333333333335
C5P2,widest-fit,MinD,13,82,1.5185185185185186,4.037037037037037,56.16438356164384,4.6875
C5P2,widest-fit,MaxD,5,15,0.2777777777777778,1.9444444444444444,67.12328767123287,4.875
C5P2,first-fit,LM,18,199,3.685185185185185,5.203703703703703,54.794520547945204,3.6666666666666665
C5P2,first-fit,RM,23,253,4.685185185185185,3.0925925925925926,54.794520547945204,3.3333333333333335
C5P2,first-fit,TN,20,262,4.851851851851852,8.481481481481481,56.16438356164384,3.71875
C5P2,first-fit,SN,20,230,4.2592592592592595,2.4074074074074074,56.16438356164384,4.21875
C5P2,first-fit,MinD,19,194,3.5925925925925926,4.185185185185185,58.9041095890411,4.1
C5P2,first-fit,MaxD,23,243,4.5,2.1666666666666665,50.68493150684932,3.8055555555555554
C5P2,fitness-number,LM,1,2,0.037037037037037035,3.2962962962962963,31.506849315068493,21.1
C5P2,fitness-number,RM,1,2,0.037037037037037035,3.2962962962962963,31.506849315068493,21.1
C5P2,fitness-number,TN,1,2,0.037037037037037035,3.2962962962962963,31.506849315068493,21.1
C5P2,fitness-number,SN,1,2,0.037037037037037035,3.2962962962962963,31.506849315068493,21.1
C5P2,fitness-number,MinD,1,2,0.037037037037037035,3.2962962962962963,31.506849315068493,21.1
C5P2,fitness-number,MaxD,1,2,0.037037037037037035,3.2962962962962963,31.506849315068493,21.1
C5P2,max-area,LM,14,154,2.8518518518518516,3.814814814814815,56.16438356164384,4.6875
C5P2,max-area,RM,13,177,3.2777777777777777,10.055555555555555,61.64383561643836,4.892857142857143
C5P2,max-area,TN,10,71,1.3148148148148149,5.351851851851852,61.64383561643836,5.321428571428571
C5P2,max-area,SN,14,179,3.314814814814815,15.574074074074074,58.9041095890411,4.6
C5P2,max-area,MinD,17,122,2.259259259259259,7.7407407407407405,49.31506849315068,4.513513513513513
C5P2,max-area,MaxD,13,88,1.6296296296296295,7.2592592592592595,57.534246575342465,4.580645161290323
C5P3,widest-fit,LM,18,134,2.4814814814814814,5.296296296296297,57.534246575342465,4.709677419354839
C5P3,widest-fit,RM,18,134,2.4814814814814814,5.296296296296297,57.534246575342465,4.709677419354839
C5P3,widest-fit,TN,18,85,1.5740740740740742,1.7592592592592593,54.794520547945204,3.303030303030303
C5P3,widest-fit,SN,13,83,1.537037037037037,1.7962962962962963,60.273972602739725,4
C5P3,widest-fit,MinD,20,97,1.7962962962962963,2.6481481481481484,54.794520547945204,3.090909090909091
C5P3,widest-fit,MaxD,14,66,1.2222222222222223,2.111111111111111,58.9041095890411,4.233333333333333
C5P3,first-fit,LM,21,178,3.2962962962962963,2.259259259259259,47.945205479452056,5.315789473684211
C5P3,first-fit,RM,20,181,3.3518518518518516,3.314814814814815,50.68493150684932,5.111111111111111
C5P3,first-fit,TN,14,101,1.8703703703703705,2.574074074074074,58.9041095890411,5.433333333333334
C5P3,first-fit,SN,22,242,4.481481481481482,3.2962962962962963,54.794520547945204,4.424242424242424
C5P3,first-fit,MinD,15,93,1.7222222222222223,2.7222222222222223,49.31506849315068,6.594594594594595
C5P3,first-fit,MaxD,22,167,3.0925925925925926,3.574074074074074,53.42465753424658,3.911764705882353
C5P3,fitness-number,LM,5,19,0.35185185185185186,2.9814814814814814,28.767123287671232,15.48076923076923
C5P3,fitness-number,RM,5,19,0.35185185185185186,2.9814814814814814,28.767123287671232,15.48076923076923
C5P3,fitness-number,TN,5,19,0.35185185185185186,2.9814814814814814,28.767123287671232,15.48076923076923
C5P3,fitness-number,SN,5,19,0.35185185185185186,2.9814814814814814,28.767123287671232,15.48076923076923
C5P3,fitness-number,MinD,5,19,0.35185185185185186,2.9814814814814814,28.767123287671232,15.48076923076923
C5P3,fitness-number,MaxD,5,19,0.35185185185185186,2.9814814814814814,28.767123287671232,15.48076923076923
C5P3,max-area,LM,19,154,2.8518518518518516,11.592592592592593,47.945205479452056,5.315789473684211
C5P3,max-area,RM,20,159,2.9444444444444446,12.61111111111111,49.31506849315068,5.297297297297297
C5P3,max-area,TN,18,129,2.388888888888889,2.0555555555555554,53.42465753424658,5.382352941176471
C5P3,max-area,SN,15,112,2.074074074074074,5.703703703703703,56.16438356164384,5.71875
C5P3,max-area,MinD,19,99,1.8333333333333333,3.7222222222222223,52.054794520547944,5.057142857142857
C5P3,max-area,MaxD,19,101,1.8703703703703705,3.685185185185185,45.205479452054796,4.925
C6P1,widest-fit,LM,18,85,0.8854166666666666,2.4479166666666665,59.79381443298969,4.666666666666667
C6P1,widest-fit,RM,26,155,1.6145833333333333,1.71875,52.577319587628864,4.3478260869565215
C6P1,widest-fit,TN,17,87,0.90625,1.59375,61.855670103092784,5.162162162162162
C6P1,widest-fit,SN,21,193,2.0104166666666665,3.8229166666666665,59.79381443298969,5.461538461538462
C6P1,widest-fit,MinD,15,78,0.8125,2.5208333333333335,53.608247422680414,5.866666666666666
C6P1,widest-fit,MaxD,24,130,1.3541666666666667,2.8125,51.54639175257732,4.361702127659575
C6P1,first-fit,LM,27,191,1.9895833333333333,2.1770833333333335,51.54639175257732,3.574468085106383
C6P1,first-fit,RM,24,170,1.7708333333333333,1.5625,59.79381443298969,3.6923076923076925
C6P1,first-fit,TN,33,161,1.6770833333333333,2.4895833333333335,46.391752577319586,3.230769230769231
C6P1,first-fit,SN,24,246,2.5625,3.2708333333333335,60.824742268041234,4.7894736842105265
C6P1,first-fit,MinD,30,161,1.6770833333333333,2.4895833333333335,52.577319587628864,4.130434782608695
C6P1,first-fit,MaxD,25,166,1.7291666666666667,3.2708333333333335,55.670103092783506,3.6744186046511627
C6P1,fitness-number,LM,1,2,0.020833333333333332,4.145833333333333,28.8659793814433,23.579710144927535
C6P1,fitness-number,RM,1,2,0.020833333333333332,4.145833333333333,28.8659793814433,23.579710144927535
C6P1,fitness-number,TN,1,2,0.020833333333333332,4.145833333333333,28.8659793814433,23.579710144927535
C6P1,fitness-number,SN,1,2,0.020833333333333332,4.145833333333333,28.8659793814433,23.579710144927535
C6P1,fitness-number,MinD,1,2,0.020833333333333332,4.145833333333333,28.8659793814433,23.579710144927535
C6P1,fitness-number,MaxD,1,2,0.020833333333333332,4.145833333333333,28.8659793814433,23.579710144927535
C6P1,max-area,LM,22,279,2.90625,8.760416666666666,55.670103092783506,4.674418604651163
C6P1,max-area,RM,19,123,1.28125,10.385416666666666,54.63917525773196,5.386363636363637
C6P1,max-area,TN,19,120,1.25,10.416666666666666,60.824742268041234,4.868421052631579
C6P1,max-area,SN,18,153,1.59375,3.40625,59.79381443298969,5.794871794871795
C6P1,max-area,MinD,16,72,0.75,3.4166666666666665,58.76288659793814,6.675
C6P1,max-area,MaxD,17,158,1.6458333333333333,4.1875,63.91752577319588,5.428571428571429
C6P2,widest-fit,LM,19,119,1.2395833333333333,2.09375,61.855670103092784,3.4864864864864864
C6P2,widest-fit,RM,19,120,1.25,2.0833333333333335,61.855670103092784,3.4054054054054053
C6P2,widest-fit,TN,13,59,0.6145833333333334,2.71875,64.94845360824742,3.8529411764705883
C6P2,widest-fit,SN,5,32,0.3333333333333333,3.0,63.91752577319588,8.2
C6P2,widest-fit,MinD,6,49,0.5104166666666666,1.15625,60.824742268041234,8.31578947368421
C6P2,widest-fit,MaxD,15,103,1.0729166666666667,5.59375,65.97938144329896,6.242424242424242
C6P2,first-fit,LM,19,182,1.8958333333333333,3.1041666666666665,58.76288659793814,4.1
C6P2,first-fit,RM,24,258,2.6875,2.3125,57.7319587628866,3.8292682926829267
C6P2,first-fit,TN,20,101,1.0520833333333333,5.614583333333333,59.79381443298969,3.5641025641025643
C6P2,first-fit,SN,20,188,1.9583333333333333,2.2083333333333335,61.855670103092784,4.135135135135135
C6P2,first-fit,MinD,20,133,1.3854166666666667,1.1145833333333333,50.51546391752577,3.8125
C6P2,first-fit,MaxD,20,188,1.9583333333333333,3.0416666666666665,59.79381443298969,4.205128205128205
C6P2,fitness-number,LM,1,6,0.0625,3.2708333333333335,31.95876288659794,22.21212121212121
C6P2,fitness-number,RM,1,6,0.0625,3.2708333333333335,31.95876288659794,22.21212121212121
C6P2,fitness-number,TN,1,6,0.0625,3.2708333333333335,31.95876288659794,22.21212121212121
C6P2,fitness-number,SN,1,6,0.0625,3.2708333333333335,31.95876288659794,22.21212121212121
C6P2,fitness-number,MinD,1,6,0.0625,3.2708333333333335,31.95876288659794,22.21212121212121
C6P2,fitness-number,MaxD,1,6,0.0625,3.2708333333333335,31.95876288659794,22.21212121212121
C6P2,max-area,LM,22,241,2.5104166666666665,4.989583333333333,56.70103092783505,5.5
C6P2,max-area,RM,18,176,1.8333333333333333,11.5,57.7319587628866,5.7560975609756095
C6P2,max-area,TN,21,122,1.2708333333333333,6.229166666666667,57.7319587628866,5.926829268292683
C6P2,max-area,SN,17,221,2.3020833333333335,4.364583333333333,59.79381443298969,6.384615384615385
C6P2,max-area,MinD,12,60,0.625,4.375,63.91752577319588,6.771428571428571
C6P2,max-area,MaxD,23,281,2.9270833333333335,11.239583333333334,57.7319587628866,5.634146341463414
C6P3,widest-fit,LM,16,74,0.7708333333333334,2.5625,57.7319587628866,4.560975609756097
C6P3,widest-fit,RM,19,97,1.0104166666666667,1.4895833333333333,54.63917525773196,4.363636363636363
C6P3,widest-fit,TN,32,142,1.4791666666666667,8.520833333333334,48.45360824742268,3.72
C6P3,widest-fit,SN,30,263,2.7395833333333335,1.4270833333333333,42.2680412371134,5.535714285714286
C6P3,widest-fit,MinD,21,90,0.9375,8.229166666666666,54.63917525773196,4.340909090909091
C6P3,widest-fit,MaxD,20,98,1.0208333333333333,1.4791666666666667,57.7319587628866,4.2682926829268295
C6P3,first-fit,LM,27,232,2.4166666666666665,2.5833333333333335,45.36082474226804,4.660377358490566
C6P3,first-fit,RM,20,180,1.875,2.2916666666666665,43.29896907216495,7.818181818181818
C6P3,first-fit,TN,20,137,1.4270833333333333,1.90625,54.63917525773196,4.704545454545454
C6P3,first-fit,SN,27,243,2.53125,1.6354166666666667,47.422680412371136,4.1568627450980395
C6P3,first-fit,MinD,25,187,1.9479166666666667,2.21875,47.422680412371136,4.784313725490196
C6P3,first-fit,MaxD,25,289,3.0104166666666665,2.8229166666666665,50.51546391752577,5.125
C6P3,fitness-number,LM,1,8,0.08333333333333333,3.25,23.711340206185568,28.716216216216218
C6P3,fitness-number,RM,1,8,0.08333333333333333,3.25,23.711340206185568,28.716216216216218
C6P3,fitness-number,TN,1,8,0.08333333333333333,3.25,23.711340206185568,28.716216216216218
C6P3,fitness-number,SN,1,8,0.08333333333333333,3.25,23.711340206185568,28.716216216216218
C6P3,fitness-number,MinD,1,8,0.08333333333333333,3.25,23.711340206185568,28.716216216216218
C6P3,fitness-number,MaxD,1,8,0.08333333333333333,3.25,23.711340206185568,28.716216216216218
C6P3,max-area,LM,25,251,2.6145833333333335,8.21875,52.577319587628864,5.065217391304348
C6P3,max-area,RM,32,375,3.90625,4.427083333333333,50.51546391752577,4.6875
C6P3,max-area,TN,19,115,1.1979166666666667,6.302083333333333,53.608247422680414,5.644444444444445
C6P3,max-area,SN,21,283,2.9479166666666665,10.385416666666666,51.54639175257732,6.212765957446808
C6P3,max-area,MinD,34,348,3.625,6.375,41.23711340206186,4.649122807017544
C6P3,max-area,MaxD,29,338,3.5208333333333335,5.645833333333333,49.48453608247423,4.653061224489796
C7P1,widest-fit,LM,43,559,1.4557291666666667,1.0442708333333333,63.775510204081634,5.746478873239437
C7P1,widest-fit,RM,50,722,1.8802083333333333,1.453125,59.69387755102041,6.379746835443038
C7P1,widest-fit,TN,40,565,1.4713541666666667,1.4453125,67.34693877551021,5.46875
C7P1,widest-fit,SN,56,990,2.578125,1.5885416666666667,57.142857142857146,5.535714285714286
C7P1,widest-fit,MinD,43,418,1.0885416666666667,1.4114583333333333,61.734693877551024,5.053333333333334
C7P1,widest-fit,MaxD,51,725,1.8880208333333333,1.0286458333333333,59.183673469387756,5.4125
C7P1,first-fit,LM,68,1274,3.3177083333333335,2.0989583333333335,56.12244897959184,4.755813953488372
C7P1,first-fit,RM,59,1111,2.8932291666666665,0.8567708333333334,53.57142857142857,5.6923076923076925
C7P1,first-fit,TN,70,836,2.1770833333333335,2.8229166666666665,55.10204081632653,4.693181818181818
C7P1,first-fit,SN,68,1382,3.5989583333333335,1.8177083333333333,51.02040816326531,4.864583333333333
C7P1,first-fit,MinD,59,772,2.0104166666666665,1.3229166666666667,53.06122448979592,5.369565217391305
C7P1,first-fit,MaxD,58,1439,3.7473958333333335,1.2526041666666667,58.16326530612245,6.365853658536586
C7P1,fitness-number,LM,4,37,0.09635416666666667,2.8203125,17.346938775510203,51.52469135802469
C7P1,fitness-number,RM,4,37,0.09635416666666667,2.8203125,17.346938775510203,51.52469135802469
C7P1,fitness-number,TN,4,37,0.09635416666666667,2.8203125,17.346938775510203,51.52469135802469
C7P1,fitness-number,SN,4,37,0.09635416666666667,2.8203125,17.346938775510203,51.52469135802469
C7P1,fitness-number,MinD,4,37,0.09635416666666667,2.8203125,17.346938775510203,51.52469135802469
C7P1,fitness-number,MaxD,4,37,0.09635416666666667,2.8203125,17.346938775510203,51.52469135802469
C7P1,max-area,LM,53,870,2.265625,4.401041666666667,58.16326530612245,5.865853658536586
C7P1,max-area,RM,49,724,1.8854166666666667,2.6979166666666665,59.183673469387756,5.8875
C7P1,max-area,TN,57,492,1.28125,1.21875,52.55102040816327,5.387096774193548
C7P1,max-area,SN,62,1301,3.3880208333333335,2.0286458333333335,55.10204081632653,5.534090909090909
C7P1,max-area,MinD,50,645,1.6796875,4.5703125,58.16326530612245,5.695121951219512
C7P1,max-area,MaxD,64,984,2.5625,1.1875,52.04081632653061,5
C7P2,widest-fit,LM,28,373,0.9713541666666666,1.5286458333333333,67.51269035532995,5.5
C7P2,widest-fit,RM,25,263,0.6848958333333334,1.3984375,67.51269035532995,7.984375
C7P2,widest-fit,TN,32,350,0.9114583333333334,0.7552083333333334,68.52791878172589,5.209677419354839
C7P2,widest-fit,SN,45,629,1.6380208333333333,0.8619791666666666,61.92893401015228,5.053333333333334
C7P2,widest-fit,MinD,36,276,0.71875,1.3645833333333333,63.95939086294416,6.267605633802817
C7P2,widest-fit,MaxD,25,271,0.7057291666666666,1.3776041666666667,66.49746192893402,5.7727272727272725
C7P2,first-fit,LM,57,1087,2.8307291666666665,1.7526041666666667,56.85279187817259,4.658823529411765
C7P2,first-fit,RM,55,1029,2.6796875,1.9036458333333333,57.36040609137056,5.095238095238095
C7P2,first-fit,TN,38,388,1.0104166666666667,1.90625,64.9746192893401,4.927536231884058
C7P2,first-fit,SN,35,685,1.7838541666666667,1.5494791666666667,66.49746192893402,5.5
C7P2,first-fit,MinD,45,756,1.96875,4.28125,63.95939086294416,4.957746478873239
C7P2,first-fit,MaxD,43,765,1.9921875,1.3411458333333333,64.46700507614213,5.757142857142857
C7P2,fitness-number,LM,2,7,0.018229166666666668,0.8151041666666666,30.456852791878173,46.605839416058394
C7P2,fitness-number,RM,2,7,0.018229166666666668,0.8151041666666666,30.456852791878173,46.605839416058394
C7P2,fitness-number,TN,2,7,0.018229166666666668,0.8151041666666666,30.456852791878173,46.605839416058394
C7P2,fitness-number,SN,2,7,0.018229166666666668,0.8151041666666666,30.456852791878173,46.605839416058394
C7P2,fitness-number,MinD,2,7,0.018229166666666668,0.8151041666666666,30.456852791878173,46.605839416058394
C7P2,fitness-number,MaxD,2,7,0.018229166666666668,0.8151041666666666,30.456852791878173,46.605839416058394
C7P2,max-area,LM,37,529,1.3776041666666667,1.5390625,65.48223350253807,8.191176470588236
C7P2,max-area,RM,42,760,1.9791666666666667,5.104166666666667,62.43654822335025,7.635135135135135
C7P2,max-area,TN,21,228,0.59375,2.7395833333333335,70.55837563451777,7.362068965517241
C7P2,max-area,SN,45,1407,3.6640625,4.669270833333333,62.43654822335025,7.013513513513513
C7P2,max-area,MinD,39,533,1.3880208333333333,6.111979166666667,65.98984771573605,6.776119402985074
C7P2,max-area,MaxD,29,779,2.0286458333333335,5.888020833333333,69.54314720812182,6.95
C7P3,widest-fit,LM,47,498,1.296875,0.7864583333333334,63.265306122448976,5.236111111111111
C7P3,widest-fit,RM,41,531,1.3828125,1.5338541666666667,62.244897959183675,5.8108108108108105
C7P3,widest-fit,TN,38,474,1.234375,1.6822916666666667,62.244897959183675,5.54054054054054
C7P3,widest-fit,SN,44,765,1.9921875,1.3411458333333333,66.83673469387755,4.969230769230769
C7P3,widest-fit,MinD,39,506,1.3177083333333333,2.015625,65.81632653061224,5.432835820895522
C7P3,widest-fit,MaxD,40,552,1.4375,1.0625,65.81632653061224,5.223880597014926
C7P3,first-fit,LM,63,1343,3.4973958333333335,2.3359375,56.12244897959184,5.976744186046512
C7P3,first-fit,RM,60,995,2.5911458333333335,1.5755208333333333,56.12244897959184,6.313953488372093
C7P3,first-fit,TN,56,764,1.9895833333333333,1.34375,56.12244897959184,6.337209302325581
C7P3,first-fit,SN,51,1316,3.4270833333333335,1.9895833333333333,61.224489795918366,7.197368421052632
C7P3,first-fit,MinD,49,653,1.7005208333333333,4.1328125,59.183673469387756,6.9375
C7P3,first-fit,MaxD,54,1089,2.8359375,1.3307291666666667,58.16326530612245,6.439024390243903
C7P3,fitness-number,LM,2,3,0.0078125,4.575520833333333,21.428571428571427,47.52597402597402
C7P3,fitness-number,RM,2,3,0.0078125,4.575520833333333,21.428571428571427,47.52597402597402
C7P3,fitness-number,TN,2,3,0.0078125,4.575520833333333,21.428571428571427,47.52597402597402
C7P3,fitness-number,SN,2,3,0.0078125,4.575520833333333,21.428571428571427,47.52597402597402
C7P3,fitness-number,MinD,2,3,0.0078125,4.575520833333333,21.428571428571427,47.52597402597402
C7P3,fitness-number,MaxD,2,3,0.0078125,4.575520833333333,21.428571428571427,47.52597402597402
C7P3,max-area,LM,61,1198,3.1197916666666665,4.796875,51.53061224489796,5.368421052631579
C7P3,max-area,RM,74,1207,3.1432291666666665,3.1067708333333335,41.326530612244895,5.034782608695652
C7P3,max-area,TN,55,680,1.7708333333333333,2.8125,52.55102040816327,5.827956989247312
C7P3,max-area,SN,65,1283,3.3411458333333335,4.575520833333333,50.51020408163265,5.237113402061856
C7P3,max-area,MinD,49,673,1.7526041666666667,4.9140625,52.55102040816327,5.516129032258065
C7P3,max-area,MaxD,64,1596,4.15625,3.7604166666666665,50.51020408163265,5.278350515463917
BKW01,widest-fit,LM,5,59,3.6875,16.3125,10.0,4.333333333333333
BKW01,widest-fit,RM,5,59,3.6875,16.3125,10.0,4.333333333333333
BKW01,widest-fit,TN,4,23,1.4375,16.0625,20.0,4.625
BKW01,widest-fit,SN,5,67,4.1875,25.8125,20.0,4.625
BKW01,widest-fit,MinD,5,59,3.6875,16.3125,10.0,4.333333333333333
BKW01,widest-fit,MaxD,4,23,1.4375,16.0625,20.0,4.625
BKW01,first-fit,LM,0,0,0.0,0.0,50.0,9.4
BKW01,first-fit,RM,0,0,0.0,0.0,50.0,9.4
BKW01,first-fit,TN,0,0,0.0,0.0,50.0,9.4
BKW01,first-fit,SN,0,0,0.0,0.0,50.0,9.4
BKW01,first-fit,MinD,0,0,0.0,0.0,50.0,9.4
BKW01,first-fit,MaxD,0,0,0.0,0.0,50.0,9.4
BKW01,fitness-number,LM,0,0,0.0,0.0,50.0,9.4
BKW01,fitness-number,RM,0,0,0.0,0.0,50.0,9.4
BKW01,fitness-number,TN,0,0,0.0,0.0,50.0,9.4
BKW01,fitness-number,SN,0,0,0.0,0.0,50.0,9.4
BKW01,fitness-number,MinD,0,0,0.0,0.0,50.0,9.4
BKW01,fitness-number,MaxD,0,0,0.0,0.0,50.0,9.4
BKW01,max-area,LM,4,35,2.1875,17.8125,20.0,5.125
BKW01,max-area,RM,4,35,2.1875,17.8125,20.0,5.125
BKW01,max-area,TN,3,15,0.9375,6.5625,30.0,5
BKW01,max-area,SN,3,63,3.9375,16.0625,40.0,5.5
BKW01,max-area,MinD,4,35,2.1875,17.8125,20.0,5.125
BKW01,max-area,MaxD,3,15,0.9375,6.5625,30.0,5
BKW02,widest-fit,LM,7,66,4.4,5.6,35.0,4.769230769230769
BKW02,widest-fit,RM,7,66,4.4,5.6,35.0,4.769230769230769
BKW02,widest-fit,TN,7,48,3.2,2.8,30.0,4.5
BKW02,widest-fit,SN,7,77,5.133333333333334,2.8666666666666667,45.0,2.909090909090909
BKW02,widest-fit,MinD,5,58,3.8666666666666667,2.1333333333333333,45.0,3.8181818181818183
BKW02,widest-fit,MaxD,7,58,3.8666666666666667,6.133333333333334,35.0,4.538461538461538
BKW02,first-fit,LM,10,100,6.666666666666667,5.333333333333333,25.0,2.8
BKW02,first-fit,RM,10,100,6.666666666666667,5.333333333333333,25.0,2.533333333333333
BKW02,first-fit,TN,12,100,6.666666666666667,3.3333333333333335,15.0,2.411764705882353
BKW02,first-fit,SN,8,101,6.733333333333333,5.266666666666667,30.0,3.7857142857142856
BKW02,first-fit,MinD,9,101,6.733333333333333,5.266666666666667,25.0,3.6666666666666665
BKW02,first-fit,MaxD,10,118,7.866666666666666,4.133333333333334,25.0,2.933333333333333
BKW02,fitness-number,LM,2,8,0.5333333333333333,7.466666666666667,40.0,6.583333333333333
BKW02,fitness-number,RM,2,8,0.5333333333333333,7.466666666666667,40.0,6.583333333333333
BKW02,fitness-number,TN,2,8,0.5333333333333333,7.466666666666667,40.0,6.583333333333333
BKW02,fitness-number,SN,2,8,0.5333333333333333,7.466666666666667,40.0,6.583333333333333
BKW02,fitness-number,MinD,2,8,0.5333333333333333,7.466666666666667,40.0,6.583333333333333
BKW02,fitness-number,MaxD,2,8,0.5333333333333333,7.466666666666667,40.0,6.583333333333333
BKW02,max-area,LM,5,100,6.666666666666667,5.333333333333333,45.0,4.636363636363637
BKW02,max-area,RM,8,100,6.666666666666667,5.333333333333333,30.0,4.071428571428571
BKW02,max-area,TN,8,86,5.733333333333333,6.266666666666667,30.0,4.142857142857143
BKW02,max-area,SN,9,155,10.333333333333334,9.666666666666666,25.0,4.666666666666667
BKW02,max-area,MinD,11,153,10.2,3.8,15.0,4.529411764705882
BKW02,max-area,MaxD,10,106,7.066666666666666,4.933333333333334,20.0,3.75
BKW03,widest-fit,LM,10,80,5.333333333333333,2.6666666666666665,26.666666666666668,4.7272727272727275
BKW03,widest-fit,RM,11,85,5.666666666666667,2.3333333333333335,23.333333333333332,3.9130434782608696
BKW03,widest-fit,TN,10,34,2.2666666666666666,25.733333333333334,40.0,2.6666666666666665
BKW03,widest-fit,SN,7,63,4.2,3.8,36.666666666666664,4.2105263157894735
BKW03,widest-fit,MinD,11,65,4.333333333333333,3.6666666666666665,23.333333333333332,4.043478260869565
BKW03,widest-fit,MaxD,12,44,2.933333333333333,25.066666666666666,36.666666666666664,2.8421052631578947
BKW03,first-fit,LM,12,68,4.533333333333333,1.4666666666666666,26.666666666666668,4
BKW03,first-fit,RM,9,71,4.733333333333333,1.2666666666666666,26.666666666666668,5.454545454545454
BKW03,first-fit,TN,14,79,5.266666666666667,2.7333333333333334,13.333333333333334,4.3076923076923075
BKW03,first-fit,SN,9,74,4.933333333333334,1.0666666666666667,30.0,5.619047619047619
BKW03,first-fit,MinD,5,53,3.533333333333333,2.466666666666667,30.0,7.761904761904762
BKW03,first-fit,MaxD,12,74,4.933333333333334,1.0666666666666667,30.0,4.142857142857143
BKW03,fitness-number,LM,3,12,0.8,3.2,26.666666666666668,9.045454545454545
BKW03,fitness-number,RM,3,12,0.8,3.2,26.666666666666668,9.045454545454545
BKW03,fitness-number,TN,3,12,0.8,3.2,26.666666666666668,9.045454545454545
BKW03,fitness-number,SN,3,12,0.8,3.2,26.666666666666668,9.045454545454545
BKW03,fitness-number,MinD,3,12,0.8,3.2,26.666666666666668,9.045454545454545
BKW03,fitness-number,MaxD,3,12,0.8,3.2,26.666666666666668,9.045454545454545
BKW03,max-area,LM,13,130,8.666666666666666,3.3333333333333335,23.333333333333332,3.6956521739130435
BKW03,max-area,RM,13,130,8.666666666666666,3.3333333333333335,23.333333333333332,3.6956521739130435
BKW03,max-area,TN,11,59,3.933333333333333,6.066666666666666,40.0,3.5555555555555554
BKW03,max-area,SN,8,129,8.6,3.4,36.666666666666664,4.368421052631579
BKW03,max-area,MinD,6,91,6.066666666666666,1.9333333333333333,43.333333333333336,4.294117647058823
BKW03,max-area,MaxD,10,89,5.933333333333334,4.066666666666666,26.666666666666668,4.5
BKW04,widest-fit,LM,11,151,2.359375,26.390625,37.5,5.16
BKW04,widest-fit,RM,15,164,2.5625,24.9375,30.0,4.285714285714286
BKW04,widest-fit,TN,11,69,1.078125,30.171875,30.0,5.678571428571429
BKW04,widest-fit,SN,19,226,3.53125,30.21875,25.0,6.766666666666667
BKW04,widest-fit,MinD,15,199,3.109375,28.140625,30.0,4.642857142857143
BKW04,widest-fit,MaxD,14,91,1.421875,26.078125,35.0,4.615384615384615
BKW04,first-fit,LM,9,343,5.359375,2.140625,35.0,8.461538461538462
BKW04,first-fit,RM,9,344,5.375,2.125,30.0,8.321428571428571
BKW04,first-fit,TN,11,115,1.796875,3.203125,20.0,7.21875
BKW04,first-fit,SN,14,403,6.296875,2.453125,25.0,7.6
BKW04,first-fit,MinD,14,362,5.65625,3.09375,27.5,7.206896551724138
BKW04,first-fit,MaxD,13,133,2.078125,2.921875,37.5,6.12
BKW04,fitness-number,LM,2,12,0.1875,4.8125,25.0,19.2
BKW04,fitness-number,RM,2,12,0.1875,4.8125,25.0,19.2
BKW04,fitness-number,TN,2,12,0.1875,4.8125,25.0,19.2
BKW04,fitness-number,SN,2,12,0.1875,4.8125,25.0,19.2
BKW04,fitness-number,MinD,2,12,0.1875,4.8125,25.0,19.2
BKW04,fitness-number,MaxD,2,12,0.1875,4.8125,25.0,19.2
BKW04,max-area,LM,16,246,3.84375,44.90625,15.0,7.352941176470588
BKW04,max-area,RM,16,270,4.21875,44.53125,17.5,6.848484848484849
BKW04,max-area,TN,10,131,2.046875,47.953125,27.5,7.827586206896552
BKW04,max-area,SN,13,197,3.078125,63.171875,22.5,8.709677419354838
BKW04,max-area,MinD,15,181,2.828125,63.421875,17.5,8.151515151515152
BKW04,max-area,MaxD,15,145,2.265625,47.734375,25.0,6.9
BKW05,widest-fit,LM,18,207,2.07,2.93,32.0,7.970588235294118
BKW05,widest-fit,RM,20,231,2.31,1.69,30.0,7.485714285714286
BKW05,widest-fit,TN,18,218,2.18,2.82,36.0,7.25
BKW05,widest-fit,SN,19,277,2.77,5.23,30.0,7.828571428571428
BKW05,widest-fit,MinD,21,237,2.37,12.63,32.0,7.5
BKW05,widest-fit,MaxD,19,256,2.56,2.44,30.0,9.228571428571428
BKW05,first-fit,LM,26,620,6.2,3.8,18.0,6.439024390243903
BKW05,first-fit,RM,24,579,5.79,4.21,20.0,6.875
BKW05,first-fit,TN,26,506,5.06,1.94,16.0,6.261904761904762
BKW05,first-fit,SN,24,651,6.51,2.49,22.0,6.128205128205129
BKW05,first-fit,MinD,16,402,4.02,1.98,40.0,7.2
BKW05,first-fit,MaxD,20,574,5.74,3.26,26.0,6.783783783783784
BKW05,fitness-number,LM,8,70,0.7,4.3,30.0,22.114285714285714
BKW05,fitness-number,RM,8,70,0.7,4.3,30.0,22.114285714285714
BKW05,fitness-number,TN,8,70,0.7,4.3,30.0,22.114285714285714
BKW05,fitness-number,SN,8,70,0.7,4.3,30.0,22.114285714285714
BKW05,fitness-number,MinD,8,70,0.7,4.3,30.0,22.114285714285714
BKW05,fitness-number,MaxD,8,70,0.7,4.3,30.0,22.114285714285714
BKW05,max-area,LM,20,518,5.18,4.82,32.0,8.941176470588236
BKW05,max-area,RM,17,528,5.28,4.72,38.0,9.709677419354838
BKW05,max-area,TN,18,559,5.59,4.41,36.0,9.8125
BKW05,max-area,SN,21,699,6.99,3.01,30.0,8.628571428571428
BKW05,max-area,MinD,18,448,4.48,5.52,36.0,9.21875
BKW05,max-area,MaxD,23,749,7.49,3.51,28.0,8.527777777777779
BKW06,widest-fit,LM,10,62,1.24,0.76,51.666666666666664,5.758620689655173
BKW06,widest-fit,RM,11,65,1.3,5.7,48.333333333333336,6.225806451612903
BKW06,widest-fit,TN,16,95,1.9,3.1,30.0,8.357142857142858
BKW06,widest-fit,SN,10,73,1.46,5.54,55.0,5.555555555555555
BKW06,widest-fit,MinD,10,51,1.02,1.98,55.0,5.333333333333333
BKW06,widest-fit,MaxD,23,135,2.7,1.3,28.333333333333332,4.325581395348837
BKW06,first-fit,LM,18,126,2.52,0.48,33.333333333333336,4.35
BKW06,first-fit,RM,20,157,3.14,1.86,31.666666666666668,4.7073170731707314
BKW06,first-fit,TN,10,101,2.02,0.98,33.333333333333336,8.05
BKW06,first-fit,SN,14,119,2.38,0.62,48.333333333333336,4.290322580645161
BKW06,first-fit,MinD,18,123,2.46,1.54,41.666666666666664,4.085714285714285
BKW06,first-fit,MaxD,19,140,2.8,1.2,33.333333333333336,4.8
BKW06,fitness-number,LM,9,95,1.9,1.1,20.0,14.3125
BKW06,fitness-number,RM,9,95,1.9,1.1,20.0,14.3125
BKW06,fitness-number,TN,9,95,1.9,1.1,20.0,14.3125
BKW06,fitness-number,SN,9,95,1.9,1.1,20.0,14.3125
BKW06,fitness-number,MinD,9,95,1.9,1.1,20.0,14.3125
BKW06,fitness-number,MaxD,9,95,1.9,1.1,20.0,14.3125
BKW06,max-area,LM,24,130,2.6,31.4,33.333333333333336,4.325
BKW06,max-area,RM,22,119,2.38,31.62,31.666666666666668,4.2682926829268295
BKW06,max-area,TN,19,94,1.88,32.12,35.0,4.846153846153846
BKW06,max-area,SN,15,124,2.48,31.52,30.0,5.642857142857143
BKW06,max-area,MinD,18,112,2.24,30.76,36.666666666666664,5.105263157894737
BKW06,max-area,MaxD,20,136,2.72,22.28,33.333333333333336,5
BKW07,widest-fit,LM,22,300,3.75,6.25,52.857142857142854,2.909090909090909
BKW07,widest-fit,RM,22,182,2.275,7.725,45.714285714285715,2.8947368421052633
BKW07,widest-fit,TN,24,73,0.9125,12.0875,40.0,2.619047619047619
BKW07,widest-fit,SN,20,192,2.4,7.6,44.285714285714285,3.3333333333333335
BKW07,widest-fit,MinD,19,165,2.0625,8.9375,48.57142857142857,3.0555555555555554
BKW07,widest-fit,MaxD,30,120,1.5,11.5,35.714285714285715,2.422222222222222
BKW07,first-fit,LM,18,178,2.225,9.775,44.285714285714285,7.384615384615385
BKW07,first-fit,RM,20,340,4.25,7.75,41.42857142857143,7.7560975609756095
BKW07,first-fit,TN,21,277,3.4625,13.5375,41.42857142857143,8.170731707317072
BKW07,first-fit,SN,18,277,3.4625,13.5375,45.714285714285715,9.236842105263158
BKW07,first-fit,MinD,20,220,2.75,15.25,44.285714285714285,7.0256410256410255
BKW07,first-fit,MaxD,17,352,4.4,12.6,48.57142857142857,8.055555555555555
BKW07,fitness-number,LM,5,34,0.425,13.575,18.571428571428573,27.666666666666668
BKW07,fitness-number,RM,5,34,0.425,13.575,18.571428571428573,27.666666666666668
BKW07,fitness-number,TN,5,34,0.425,13.575,18.571428571428573,27.666666666666668
BKW07,fitness-number,SN,5,34,0.425,13.575,18.571428571428573,27.666666666666668
BKW07,fitness-number,MinD,5,34,0.425,13.575,18.571428571428573,27.666666666666668
BKW07,fitness-number,MaxD,5,34,0.425,13.575,18.571428571428573,27.666666666666668
BKW07,max-area,LM,11,85,1.0625,52.9375,32.857142857142854,6.8936170212765955
BKW07,max-area,RM,11,97,1.2125,52.7875,30.0,7.204081632653061
BKW07,max-area,TN,15,78,0.975,46.025,30.0,5.836734693877551
BKW07,max-area,SN,13,135,1.6875,52.3125,31.428571428571427,7
BKW07,max-area,MinD,15,81,1.0125,52.9875,31.428571428571427,5.979166666666667
BKW07,max-area,MaxD,11,97,1.2125,52.7875,34.285714285714285,5.695652173913044
BKW08,widest-fit,LM,20,145,1.8125,4.4375,42.5,5.8478260869565215
BKW08,widest-fit,RM,19,146,1.825,4.425,45.0,5.840909090909091
BKW08,widest-fit,TN,21,123,1.5375,2.2125,40.0,5.9375
BKW08,widest-fit,SN,18,207,2.5875,3.6625,42.5,5.934782608695652
BKW08,widest-fit,MinD,14,116,1.45,2.3,43.75,7
BKW08,widest-fit,MaxD,17,132,1.65,2.1,43.75,6.022222222222222
BKW08,first-fit,LM,18,179,2.2375,1.5125,47.5,4.904761904761905
BKW08,first-fit,RM,19,197,2.4625,1.2875,40.0,5.1875
BKW08,first-fit,TN,23,178,2.225,2.775,30.0,5.125
BKW08,first-fit,SN,23,255,3.1875,1.8125,33.75,6.547169811320755
BKW08,first-fit,MinD,18,125,1.5625,7.1875,51.25,5.538461538461538
BKW08,first-fit,MaxD,19,212,2.65,4.85,51.25,5.128205128205129
BKW08,fitness-number,LM,5,45,0.5625,13.1875,16.25,31.52238805970149
BKW08,fitness-number,RM,5,45,0.5625,13.1875,16.25,31.52238805970149
BKW08,fitness-number,TN,5,45,0.5625,13.1875,16.25,31.52238805970149
BKW08,fitness-number,SN,5,45,0.5625,13.1875,16.25,31.52238805970149
BKW08,fitness-number,MinD,5,45,0.5625,13.1875,16.25,31.52238805970149
BKW08,fitness-number,MaxD,5,45,0.5625,13.1875,16.25,31.52238805970149
BKW08,max-area,LM,25,307,3.8375,6.1625,31.25,7.0181818181818185
BKW08,max-area,RM,23,321,4.0125,4.7375,35.0,7.096153846153846
BKW08,max-area,TN,22,182,2.275,21.475,32.5,7.7407407407407405
BKW08,max-area,SN,27,352,4.4,8.1,30.0,7.017857142857143
BKW08,max-area,MinD,22,293,3.6625,5.0875,35.0,7.326923076923077
BKW08,max-area,MaxD,20,227,2.8375,15.9125,37.5,7.8
BKW09,widest-fit,LM,19,60,0.8,7.866666666666666,52.0,3.7708333333333335
BKW09,widest-fit,RM,15,60,0.8,7.866666666666666,52.0,4.270833333333333
BKW09,widest-fit,TN,21,65,0.8666666666666667,7.8,54.0,3.239130434782609
BKW09,widest-fit,SN,14,83,1.1066666666666667,7.56,54.0,5.391304347826087
BKW09,widest-fit,MinD,15,58,0.7733333333333333,7.8933333333333335,54.0,4.608695652173913
BKW09,widest-fit,MaxD,18,96,1.28,7.386666666666667,54.0,4.130434782608695
BKW09,first-fit,LM,37,293,3.9066666666666667,2.76,43.0,5.315789473684211
BKW09,first-fit,RM,47,740,9.866666666666667,2.8,35.0,4.676923076923077
BKW09,first-fit,TN,31,790,10.533333333333333,2.8,43.0,5.912280701754386
BKW09,first-fit,SN,31,790,10.533333333333333,2.8,43.0,5.894736842105263
BKW09,first-fit,MinD,32,290,3.8666666666666667,2.8,38.0,6.483870967741935
BKW09,first-fit,MaxD,36,640,8.533333333333333,2.8,56.0,5.636363636363637
BKW09,fitness-number,LM,7,51,0.68,1.32,23.0,18.77922077922078
BKW09,fitness-number,RM,7,51,0.68,1.32,23.0,18.77922077922078
BKW09,fitness-number,TN,7,51,0.68,1.32,23.0,18.77922077922078
BKW09,fitness-number,SN,7,51,0.68,1.32,23.0,18.77922077922078
BKW09,fitness-number,MinD,7,51,0.68,1.32,23.0,18.77922077922078
BKW09,fitness-number,MaxD,7,51,0.68,1.32,23.0,18.77922077922078
BKW09,max-area,LM,31,196,2.6133333333333333,10.72,42.0,3.6206896551724137
BKW09,max-area,RM,23,186,2.48,8.186666666666667,46.0,3.962962962962963
BKW09,max-area,TN,32,141,1.88,8.786666666666667,45.0,3.036363636363636
BKW09,max-area,SN,32,232,3.0933333333333333,8.906666666666666,43.0,3.3157894736842106
BKW09,max-area,MinD,27,150,2.0,1.3333333333333333,41.0,3.9491525423728815
BKW09,max-area,MaxD,36,275,3.6666666666666665,1.0,43.0,2.736842105263158
BKW10,widest-fit,LM,46,113,1.0761904761904761,0.9238095238095239,33.5,4.368421052631579
BKW10,widest-fit,RM,31,101,0.9619047619047619,0.37142857142857144,40.0,8.75
BKW10,widest-fit,TN,25,49,0.4666666666666667,4.866666666666666,42.0,4.810344827586207
BKW10,widest-fit,SN,32,91,0.8666666666666667,6.466666666666667,35.0,7.984615384615385
BKW10,widest-fit,MinD,34,103,0.9809523809523809,2.3523809523809525,32.5,9.748148148148148
BKW10,widest-fit,MaxD,34,109,1.0380952380952382,0.9619047619047619,43.5,4.389380530973451
BKW10,first-fit,LM,27,137,1.3047619047619048,0.6952380952380952,32.5,7.066666666666666
BKW10,first-fit,RM,34,142,1.3523809523809525,0.6476190476190476,32.0,5.522058823529412
BKW10,first-fit,TN,28,116,1.1047619047619048,0.8952380952380953,32.0,6.625
BKW10,first-fit,SN,19,72,0.6857142857142857,0.6476190476190476,36.5,6.826771653543307
BKW10,first-fit,MinD,41,100,0.9523809523809523,0.38095238095238093,32.5,3.6148148148148147
BKW10,first-fit,MaxD,30,166,1.5809523809523809,0.41904761904761906,36.5,5.4015748031496065
BKW10,fitness-number,LM,3,4,0.0380952380952381,0.6285714285714286,19.0,22.203703703703702
BKW10,fitness-number,RM,3,4,0.0380952380952381,0.6285714285714286,19.0,22.203703703703702
BKW10,fitness-number,TN,3,4,0.0380952380952381,0.6285714285714286,19.0,22.203703703703702
BKW10,fitness-number,SN,3,4,0.0380952380952381,0.6285714285714286,19.0,22.203703703703702
BKW10,fitness-number,MinD,3,4,0.0380952380952381,0.6285714285714286,19.0,22.203703703703702
BKW10,fitness-number,MaxD,3,4,0.0380952380952381,0.6285714285714286,19.0,22.203703703703702
BKW10,max-area,LM,30,102,0.9714285714285714,8.361904761904762,33.0,5.507462686567164
BKW10,max-area,RM,40,142,1.3523809523809525,3.3142857142857145,39.5,3.5041322314049586
BKW10,max-area,TN,36,158,1.5047619047619047,4.495238095238095,36.5,4.094488188976378
BKW10,max-area,SN,40,159,1.5142857142857142,0.4857142857142857,42.0,3.7758620689655173
BKW10,max-area,MinD,20,96,0.9142857142857143,0.41904761904761906,30.5,8.417266187050359
BKW10,max-area,MaxD,45,159,1.5142857142857142,7.152380952380953,43.5,3.3185840707964602
BKW11,widest-fit,LM,36,122,1.161904761904762,0.8380952380952381,44.333333333333336,5.041916167664671
BKW11,widest-fit,RM,17,88,0.8380952380952381,0.49523809523809526,44.0,8.910714285714286
BKW11,widest-fit,TN,30,86,0.819047619047619,1.180952380952381,37.666666666666664,17.518716577540108
BKW11,widest-fit,SN,34,186,1.7714285714285714,0.8952380952380953,33.333333333333336,9.055
BKW11,widest-fit,MinD,23,82,0.780952380952381,0.5523809523809524,45.666666666666664,6.067484662576687
BKW11,widest-fit,MaxD,32,99,0.9428571428571428,1.0571428571428572,44.333333333333336,5.736526946107785
BKW11,first-fit,LM,39,230,2.1904761904761907,0.47619047619047616,42.0,6.545977011494253
BKW11,first-fit,RM,36,202,1.9238095238095239,2.0761904761904764,60.0,3.4916666666666667
BKW11,first-fit,TN,27,91,0.8666666666666667,0.4666666666666667,58.333333333333336,4.496
BKW11,first-fit,SN,43,248,2.361904761904762,0.3047619047619048,57.666666666666664,4.094488188976378
BKW11,first-fit,MinD,18,40,0.38095238095238093,0.9523809523809523,58.0,6.944444444444445
BKW11,first-fit,MaxD,31,195,1.8571428571428572,0.8095238095238095,40.333333333333336,7.625698324022347
BKW11,fitness-number,LM,7,8,0.0761904761904762,0.5904761904761905,15.666666666666666,28.68774703557312
BKW11,fitness-number,RM,7,8,0.0761904761904762,0.5904761904761905,15.666666666666666,28.68774703557312
BKW11,fitness-number,TN,7,8,0.0761904761904762,0.5904761904761905,15.666666666666666,28.68774703557312
BKW11,fitness-number,SN,7,8,0.0761904761904762,0.5904761904761905,15.666666666666666,28.68774703557312
BKW11,fitness-number,MinD,7,8,0.0761904761904762,0.5904761904761905,15.666666666666666,28.68774703557312
BKW11,fitness-number,MaxD,7,8,0.0761904761904762,0.5904761904761905,15.666666666666666,28.68774703557312
BKW11,max-area,LM,32,131,1.2476190476190476,0.7523809523809524,40.666666666666664,5.814606741573034
BKW11,max-area,RM,48,165,1.5714285714285714,0.42857142857142855,41.333333333333336,5.732954545454546
BKW11,max-area,TN,41,102,0.9714285714285714,0.3619047619047619,44.0,6.375
BKW11,max-area,SN,45,190,1.8095238095238095,0.8571428571428571,44.333333333333336,6.425149700598802
BKW11,max-area,MinD,36,145,1.380952380952381,0.6190476190476191,48.333333333333336,4.251612903225807
BKW11,max-area,MaxD,39,197,1.8761904761904762,0.7904761904761904,46.0,5.018518518518518
BKW12,widest-fit,LM,64,362,1.2066666666666668,14.46,45.8,6.3099630996309966
BKW12,widest-fit,RM,53,348,1.16,10.506666666666666,48.0,10.546153846153846
BKW12,widest-fit,TN,81,317,1.0566666666666666,0.61,39.2,7.253289473684211
BKW12,widest-fit,SN,79,491,1.6366666666666667,19.363333333333333,50.4,5.44758064516129
BKW12,widest-fit,MinD,96,617,2.0566666666666666,17.276666666666667,35.2,7.246913580246914
BKW12,widest-fit,MaxD,90,389,1.2966666666666666,0.7033333333333334,47.6,6.194656488549619
BKW12,first-fit,LM,137,709,2.3633333333333333,0.6366666666666667,34.4,6.079268292682927
BKW12,first-fit,RM,96,673,2.243333333333333,0.7566666666666667,39.0,14.544262295081968
BKW12,first-fit,TN,85,387,1.29,0.71,42.6,8.759581881533101
BKW12,first-fit,SN,95,672,2.24,0.4266666666666667,44.0,8.721428571428572
BKW12,first-fit,MinD,95,486,1.62,0.7133333333333334,39.8,10.066445182724253
BKW12,first-fit,MaxD,88,599,1.9966666666666666,0.33666666666666667,51.8,7.817427385892116
BKW12,fitness-number,LM,13,81,0.27,0.73,10.4,42.64955357142857
BKW12,fitness-number,RM,13,81,0.27,0.73,10.4,42.64955357142857
BKW12,fitness-number,TN,13,81,0.27,0.73,10.4,42.64955357142857
BKW12,fitness-number,SN,13,81,0.27,0.73,10.4,42.64955357142857
BKW12,fitness-number,MinD,13,81,0.27,0.73,10.4,42.64955357142857
BKW12,fitness-number,MaxD,13,81,0.27,0.73,10.4,42.64955357142857
BKW12,max-area,LM,98,583,1.9433333333333334,0.39,31.8,7.4340175953079175
BKW12,max-area,RM,114,943,3.1433333333333335,0.5233333333333333,36.2,5.54858934169279
BKW12,max-area,TN,87,438,1.46,0.54,37.4,7.4089456869009584
BKW12,max-area,SN,152,1192,3.973333333333333,0.36,43.0,4.424561403508772
BKW12,max-area,MinD,76,697,2.3233333333333333,0.6766666666666666,40.4,15.37248322147651
BKW12,max-area,MaxD,130,1013,3.3766666666666665,0.6233333333333333,41.4,7.703071672354949
BKW13,widest-fit,LM,395,3146,0.5120442708333334,0.3212890625,73.28680203045685,20.252969121140143
BKW13,widest-fit,RM,348,2771,0.4510091145833333,0.2781575520833333,71.41497461928934,22.264150943396228
BKW13,widest-fit,TN,278,1286,0.20930989583333334,0.3115234375,77.31598984771574,11.797202797202797
BKW13,widest-fit,SN,308,3327,0.54150390625,0.2918294270833333,77.06218274111676,16.632088520055326
BKW13,widest-fit,MinD,319,1713,0.27880859375,0.24202473958333334,73.09644670050761,16.221698113207548
BKW13,widest-fit,MaxD,204,1457,0.23714192708333334,0.17952473958333334,78.61675126903553,10.808605341246292
BKW13,first-fit,LM,490,5074,0.8258463541666666,0.4241536458333333,74.61928934010152,12.7375
BKW13,first-fit,RM,481,4576,0.7447916666666666,0.296875,74.71446700507614,11.619824341279799
BKW13,first-fit,TN,518,3992,0.6497395833333334,0.3919270833333333,73.69923857868021,7.893848009650181
BKW13,first-fit,SN,677,10446,1.7001953125,0.3831380208333333,68.33756345177665,10.220440881763528
BKW13,first-fit,MinD,376,3481,0.5665690104166666,0.5792643229166666,79.98096446700508,13.931854199683043
BKW13,first-fit,MaxD,556,8623,1.4034830729166667,0.26318359375,73.69923857868021,7.001206272617612
BKW13,fitness-number,LM,13,103,0.016764322916666668,0.19156901041666666,5.520304568527918,264.3831430490262
BKW13,fitness-number,RM,13,103,0.016764322916666668,0.19156901041666666,5.520304568527918,264.3831430490262
BKW13,fitness-number,TN,13,103,0.016764322916666668,0.19156901041666666,5.520304568527918,264.3831430490262
BKW13,fitness-number,SN,13,103,0.016764322916666668,0.19156901041666666,5.520304568527918,264.3831430490262
BKW13,fitness-number,MinD,13,103,0.016764322916666668,0.19156901041666666,5.520304568527918,264.3831430490262
BKW13,fitness-number,MaxD,13,103,0.016764322916666668,0.19156901041666666,5.520304568527918,264.3831430490262
BKW13,max-area,LM,280,2115,0.34423828125,0.3849283854166667,76.39593908629442,19.6747311827957
BKW13,max-area,RM,319,2165,0.3523763020833333,0.2726236979166667,73.3502538071066,18.11547619047619
BKW13,max-area,TN,319,2333,0.3797200520833333,0.24527994791666666,72.46192893401015,17.388248847926267
BKW13,max-area,SN,664,10499,1.7088216145833333,0.37451171875,66.65609137055837,13.581351094196004
BKW13,max-area,MinD,405,2679,0.43603515625,0.2931315104166667,68.75,15.908629441624365
BKW13,max-area,MaxD,603,10692,1.740234375,0.3430989583333333,68.65482233502539,9.76923076923077
N1A,widest-fit,LM,10,1828,4.57,9.93,17.647058823529413,14.785714285714286
N1A,widest-fit,RM,10,1828,4.57,9.93,17.647058823529413,14.785714285714286
N1A,widest-fit,TN,11,1319,3.2975,11.2025,11.764705882352942,14.4
N1A,widest-fit,SN,11,2187,5.4675,9.0325,17.647058823529413,18.214285714285715
N1A,widest-fit,MinD,9,1691,4.2275,10.2725,23.529411764705884,17.076923076923077
N1A,widest-fit,MaxD,11,1057,2.6425,11.8575,11.764705882352942,13.066666666666666
N1A,first-fit,LM,10,3670,9.175,2.825,23.529411764705884,22.307692307692307
N1A,first-fit,RM,10,3670,9.175,2.825,23.529411764705884,22.307692307692307
N1A,first-fit,TN,13,3861,9.6525,8.8475,5.882352941176471,23
N1A,first-fit,SN,8,2534,6.335,15.165,29.41176470588235,23.333333333333332
N1A,first-fit,MinD,9,2326,5.815,15.685,23.529411764705884,22
N1A,first-fit,MaxD,10,3612,9.03,12.47,23.529411764705884,23
N1A,fitness-number,LM,6,659,1.6475,11.3525,17.647058823529413,35.285714285714285
N1A,fitness-number,RM,6,659,1.6475,11.3525,17.647058823529413,35.285714285714285
N1A,fitness-number,TN,6,659,1.6475,11.3525,17.647058823529413,35.285714285714285
N1A,fitness-number,SN,6,659,1.6475,11.3525,17.647058823529413,35.285714285714285
N1A,fitness-number,MinD,6,659,1.6475,11.3525,17.647058823529413,35.285714285714285
N1A,fitness-number,MaxD,6,659,1.6475,11.3525,17.647058823529413,35.285714285714285
N1A,max-area,LM,11,2128,5.32,39.68,17.647058823529413,24.571428571428573
N1A,max-area,RM,11,2128,5.32,39.68,17.647058823529413,24.571428571428573
N1A,max-area,TN,10,1252,3.13,34.37,11.764705882352942,22.066666666666666
N1A,max-area,SN,11,2560,6.4,38.6,17.647058823529413,24.5
N1A,max-area,MinD,9,4291,10.7275,26.7725,17.647058823529413,27.928571428571427
N1A,max-area,MaxD,12,2128,5.32,39.68,11.764705882352942,23.6
N1B,widest-fit,LM,8,2280,5.7,11.8,23.529411764705884,15.538461538461538
N1B,widest-fit,RM,8,2280,5.7,11.8,23.529411764705884,15.538461538461538
N1B,widest-fit,TN,9,831,2.0775,9.9225,17.647058823529413,13.285714285714286
N1B,widest-fit,SN,8,1598,3.995,9.505,11.764705882352942,13.733333333333333
N1B,widest-fit,MinD,8,1147,2.8675,10.6325,11.764705882352942,14.466666666666667
N1B,widest-fit,MaxD,8,473,1.1825,10.8175,23.529411764705884,13.692307692307692
N1B,first-fit,LM,12,3791,9.4775,13.0225,5.882352941176471,13.3125
N1B,first-fit,RM,12,3791,9.4775,13.0225,5.882352941176471,13.3125
N1B,first-fit,TN,13,2566,6.415,12.085,5.882352941176471,15.125
N1B,first-fit,SN,11,3828,9.57,12.93,11.764705882352942,14.266666666666667
N1B,first-fit,MinD,12,3418,8.545,13.955,5.882352941176471,15.75
N1B,first-fit,MaxD,12,4164,10.41,13.59,11.764705882352942,18.866666666666667
N1B,fitness-number,LM,7,961,2.4025,13.0975,11.764705882352942,37.333333333333336
N1B,fitness-number,RM,7,961,2.4025,13.0975,11.764705882352942,37.333333333333336
N1B,fitness-number,TN,7,961,2.4025,13.0975,11.764705882352942,37.333333333333336
N1B,fitness-number,SN,7,961,2.4025,13.0975,11.764705882352942,37.333333333333336
N1B,fitness-number,MinD,7,961,2.4025,13.0975,11.764705882352942,37.333333333333336
N1B,fitness-number,MaxD,7,961,2.4025,13.0975,11.764705882352942,37.333333333333336
N1B,max-area,LM,6,994,2.485,24.515,17.647058823529413,28.428571428571427
N1B,max-area,RM,6,994,2.485,24.515,17.647058823529413,28.428571428571427
N1B,max-area,TN,6,259,0.6475,26.3525,23.529411764705884,27.53846153846154
N1B,max-area,SN,6,1041,2.6025,24.3975,17.647058823529413,29.285714285714285
N1B,max-area,MinD,5,680,1.7,25.3,23.529411764705884,30.76923076923077
N1B,max-area,MaxD,6,692,1.73,24.77,17.647058823529413,27.571428571428573
N1C,widest-fit,LM,8,1040,2.6,27.9,29.41176470588235,15.5
N1C,widest-fit,RM,8,1040,2.6,27.9,29.41176470588235,15.5
N1C,widest-fit,TN,10,1287,3.2175,28.2825,17.647058823529413,14.214285714285714
N1C,widest-fit,SN,11,1748,4.37,9.13,5.882352941176471,13.3125
N1C,widest-fit,MinD,11,1730,4.325,9.175,5.882352941176471,14.0625
N1C,widest-fit,MaxD,8,549,1.3725,8.6275,17.647058823529413,13.428571428571429
N1C,first-fit,LM,11,1486,3.715,4.785,5.882352941176471,15.3125
N1C,first-fit,RM,11,1486,3.715,4.785,5.882352941176471,15.3125
N1C,first-fit,TN,13,2481,6.2025,2.7975,5.882352941176471,14.9375
N1C,first-fit,SN,10,1963,4.9075,3.5925,5.882352941176471,15.5
N1C,first-fit,MinD,10,1713,4.2825,4.2175,5.882352941176471,14.5
N1C,first-fit,MaxD,11,2310,5.775,12.725,11.764705882352942,16.533333333333335
N1C,fitness-number,LM,7,664,1.66,17.34,11.764705882352942,28.866666666666667
N1C,fitness-number,RM,7,664,1.66,17.34,11.764705882352942,28.866666666666667
N1C,fitness-number,TN,7,664,1.66,17.34,11.764705882352942,28.866666666666667
N1C,fitness-number,SN,7,664,1.66,17.34,11.764705882352942,28.866666666666667
N1C,fitness-number,MinD,7,664,1.66,17.34,11.764705882352942,28.866666666666667
N1C,fitness-number,MaxD,7,664,1.66,17.34,11.764705882352942,28.866666666666667
N1C,max-area,LM,7,2649,6.6225,17.8775,29.41176470588235,27.583333333333332
N1C,max-area,RM,9,1960,4.9,19.6,17.647058823529413,23.785714285714285
N1C,max-area,TN,6,347,0.8675,19.6325,11.764705882352942,23.133333333333333
N1C,max-area,SN,8,2300,5.75,18.75,23.529411764705884,27.846153846153847
N1C,max-area,MinD,7,1879,4.6975,19.8025,29.41176470588235,27.583333333333332
N1C,max-area,MaxD,7,1960,4.9,19.6,29.41176470588235,27.583333333333332
N1D,widest-fit,LM,9,1384,3.46,17.04,23.529411764705884,14
N1D,widest-fit,RM,9,1384,3.46,17.04,23.529411764705884,14
N1D,widest-fit,TN,8,1014,2.535,17.965,29.41176470588235,13.333333333333334
N1D,widest-fit,SN,10,2709,6.7725,12.2275,17.647058823529413,13.785714285714286
N1D,widest-fit,MinD,8,2328,5.82,9.68,23.529411764705884,14.461538461538462
N1D,widest-fit,MaxD,8,1006,2.515,17.985,29.41176470588235,13.333333333333334
N1D,first-fit,LM,11,3167,7.9175,3.0825,17.647058823529413,16.071428571428573
N1D,first-fit,RM,11,3167,7.9175,3.0825,17.647058823529413,16.071428571428573
N1D,first-fit,TN,7,1236,3.09,5.91,23.529411764705884,16.692307692307693
N1D,first-fit,SN,11,2578,6.445,4.555,11.764705882352942,17.733333333333334
N1D,first-fit,MinD,12,3503,8.7575,7.2425,11.764705882352942,16.333333333333332
N1D,first-fit,MaxD,9,2822,7.055,3.945,11.764705882352942,15.733333333333333
N1D,fitness-number,LM,9,736,1.84,7.66,23.529411764705884,17
N1D,fitness-number,RM,9,736,1.84,7.66,23.529411764705884,17
N1D,fitness-number,TN,9,736,1.84,7.66,23.529411764705884,17
N1D,fitness-number,SN,9,736,1.84,7.66,23.529411764705884,17
N1D,fitness-number,MinD,9,736,1.84,7.66,23.529411764705884,17
N1D,fitness-number,MaxD,9,736,1.84,7.66,23.529411764705884,17
N1D,max-area,LM,7,742,1.855,30.645,11.764705882352942,23.466666666666665
N1D,max-area,RM,7,742,1.855,30.645,11.764705882352942,23.266666666666666
N1D,max-area,TN,6,702,1.755,30.745,17.647058823529413,25.285714285714285
N1D,max-area,SN,5,1220,3.05,29.45,23.529411764705884,26.53846153846154
N1D,max-area,MinD,5,674,1.685,30.815,23.529411764705884,26.53846153846154
N1D,max-area,MaxD,5,1436,3.59,28.91,23.529411764705884,26.692307692307693
N1E,widest-fit,LM,11,2382,5.955,10.045,5.882352941176471,18.4375
N1E,widest-fit,RM,11,2382,5.955,10.045,5.882352941176471,18.4375
N1E,widest-fit,TN,13,1480,3.7,6.3,0.0,15.705882352941176
N1E,widest-fit,SN,11,2734,6.835,9.165,5.882352941176471,18.5
N1E,widest-fit,MinD,10,2187,5.4675,10.5325,11.764705882352942,16.866666666666667
N1E,widest-fit,MaxD,13,1511,3.7775,6.2225,0.0,16.529411764705884
N1E,first-fit,LM,10,2069,5.1725,5.8275,11.764705882352942,17.266666666666666
N1E,first-fit,RM,10,2069,5.1725,5.8275,11.764705882352942,17.266666666666666
N1E,first-fit,TN,11,2688,6.72,8.78,11.764705882352942,16.933333333333334
N1E,first-fit,SN,12,2992,7.48,10.52,11.764705882352942,19.2
N1E,first-fit,MinD,11,2467,6.1675,8.3325,11.764705882352942,18.8
N1E,first-fit,MaxD,12,2976,7.44,5.56,11.764705882352942,19.933333333333334
N1E,fitness-number,LM,8,1167,2.9175,7.5825,11.764705882352942,18.333333333333332
N1E,fitness-number,RM,8,1167,2.9175,7.5825,11.764705882352942,18.333333333333332
N1E,fitness-number,TN,8,1167,2.9175,7.5825,11.764705882352942,18.333333333333332
N1E,fitness-number,SN,8,1167,2.9175,7.5825,11.764705882352942,18.333333333333332
N1E,fitness-number,MinD,8,1167,2.9175,7.5825,11.764705882352942,18.333333333333332
N1E,fitness-number,MaxD,8,1167,2.9175,7.5825,11.764705882352942,18.333333333333332
N1E,max-area,LM,7,1094,2.735,17.265,11.764705882352942,20.066666666666666
N1E,max-area,RM,7,1094,2.735,17.265,11.764705882352942,20.066666666666666
N1E,max-area,TN,10,1186,2.965,21.535,11.764705882352942,16.066666666666666
N1E,max-area,SN,9,1295,3.2375,16.7625,5.882352941176471,17.5
N1E,max-area,MinD,8,1500,3.75,16.25,11.764705882352942,20.733333333333334
N1E,max-area,MaxD,8,1485,3.7125,16.2875,11.764705882352942,21
N2A,widest-fit,LM,15,2556,6.39,23.61,24.0,11.789473684210526
N2A,widest-fit,RM,15,2556,6.39,23.61,24.0,11.789473684210526
N2A,widest-fit,TN,15,944,2.36,17.14,20.0,8.9
N2A,widest-fit,SN,14,1637,4.0925,23.4075,24.0,10.31578947368421
N2A,widest-fit,MinD,14,1695,4.2375,21.7625,24.0,10.631578947368421
N2A,widest-fit,MaxD,15,967,2.4175,17.0825,20.0,8.8
N2A,first-fit,LM,13,1931,4.8275,8.1725,20.0,14.8
N2A,first-fit,RM,13,1931,4.8275,8.1725,20.0,14.8
N2A,first-fit,TN,13,1042,2.605,5.395,16.0,14.047619047619047
N2A,first-fit,SN,11,2085,5.2125,3.7875,28.0,14.88888888888889
N2A,first-fit,MinD,14,1937,4.8425,8.1575,16.0,12.523809523809524
N2A,first-fit,MaxD,14,2746,6.865,5.135,20.0,15.45
N2A,fitness-number,LM,5,430,1.075,9.425,36.0,19.3125
N2A,fitness-number,RM,5,430,1.075,9.425,36.0,19.3125
N2A,fitness-number,TN,5,430,1.075,9.425,36.0,19.3125
N2A,fitness-number,SN,5,430,1.075,9.425,36.0,19.3125
N2A,fitness-number,MinD,5,430,1.075,9.425,36.0,19.3125
N2A,fitness-number,MaxD,5,430,1.075,9.425,36.0,19.3125
N2A,max-area,LM,10,811,2.0275,18.9725,16.0,22.476190476190474
N2A,max-area,RM,10,811,2.0275,18.9725,16.0,22.476190476190474
N2A,max-area,TN,10,785,1.9625,17.5375,20.0,22.15
N2A,max-area,SN,13,3137,7.8425,13.1575,16.0,20.952380952380953
N2A,max-area,MinD,12,1976,4.94,15.06,12.0,21.636363636363637
N2A,max-area,MaxD,12,1445,3.6125,15.8875,12.0,19.59090909090909
N2B,widest-fit,LM,14,1584,3.96,19.04,24.0,13.947368421052632
N2B,widest-fit,RM,14,1584,3.96,19.04,24.0,13.947368421052632
N2B,widest-fit,TN,16,1235,3.0875,8.4125,16.0,9.80952380952381
N2B,widest-fit,SN,13,1788,4.47,11.53,20.0,22.95
N2B,widest-fit,MinD,13,1309,3.2725,12.7275,16.0,21.523809523809526
N2B,widest-fit,MaxD,14,1472,3.68,9.82,28.0,10.777777777777779
N2B,first-fit,LM,20,2573,6.4325,15.5675,4.0,13.208333333333334
N2B,first-fit,RM,20,2573,6.4325,15.5675,4.0,13.208333333333334
N2B,first-fit,TN,18,1752,4.38,13.12,4.0,13.75
N2B,first-fit,SN,20,3792,9.48,8.02,4.0,15.5
N2B,first-fit,MinD,19,2808,7.02,11.98,0.0,14.68
N2B,first-fit,MaxD,17,2443,6.1075,15.8925,12.0,16.636363636363637
N2B,fitness-number,LM,10,1108,2.77,13.23,16.0,24.095238095238095
N2B,fitness-number,RM,10,1108,2.77,13.23,16.0,24.095238095238095
N2B,fitness-number,TN,10,1108,2.77,13.23,16.0,24.095238095238095
N2B,fitness-number,SN,10,1108,2.77,13.23,16.0,24.095238095238095
N2B,fitness-number,MinD,10,1108,2.77,13.23,16.0,24.095238095238095
N2B,fitness-number,MaxD,10,1108,2.77,13.23,16.0,24.095238095238095
N2B,max-area,LM,12,1016,2.54,22.46,16.0,19.238095238095237
N2B,max-area,RM,12,931,2.3275,22.6725,16.0,19.238095238095237
N2B,max-area,TN,13,923,2.3075,11.6925,12.0,18.772727272727273
N2B,max-area,SN,13,2179,5.4475,45.5525,20.0,21.3
N2B,max-area,MinD,11,996,2.49,22.51,20.0,20.25
N2B,max-area,MaxD,11,1318,3.295,11.205,24.0,21.36842105263158
N2C,widest-fit,LM,14,3015,7.5375,10.9625,24.0,16.210526315789473
N2C,widest-fit,RM,14,3015,7.5375,10.9625,24.0,16.210526315789473
N2C,widest-fit,TN,18,1330,3.325,4.675,12.0,12
N2C,widest-fit,SN,17,3428,8.57,10.93,16.0,16.571428571428573
N2C,widest-fit,MinD,14,1779,4.4475,14.0525,24.0,14.052631578947368
N2C,widest-fit,MaxD,18,1943,4.8575,13.6425,16.0,13.476190476190476
N2C,first-fit,LM,21,2891,7.2275,9.2725,4.0,14.416666666666666
N2C,first-fit,RM,21,2891,7.2275,9.2725,4.0,14.416666666666666
N2C,first-fit,TN,19,1315,3.2875,13.2125,4.0,15.375
N2C,first-fit,SN,21,5823,14.5575,14.4425,4.0,18.625
N2C,first-fit,MinD,21,5510,13.775,6.725,4.0,19.208333333333332
N2C,first-fit,MaxD,18,3241,8.1025,8.3975,12.0,15.954545454545455
N2C,fitness-number,LM,10,1226,3.065,5.935,20.0,28.85
N2C,fitness-number,RM,10,1226,3.065,5.935,20.0,28.85
N2C,fitness-number,TN,10,1226,3.065,5.935,20.0,28.85
N2C,fitness-number,SN,10,1226,3.065,5.935,20.0,28.85
N2C,fitness-number,MinD,10,1226,3.065,5.935,20.0,28.85
N2C,fitness-number,MaxD,10,1226,3.065,5.935,20.0,28.85
N2C,max-area,LM,11,1286,3.215,28.285,20.0,21.35
N2C,max-area,RM,11,1286,3.215,28.285,20.0,21.35
N2C,max-area,TN,14,1518,3.795,28.205,8.0,18.869565217391305
N2C,max-area,SN,14,2700,6.75,30.75,12.0,19.727272727272727
N2C,max-area,MinD,14,3111,7.7775,29.7225,12.0,19.636363636363637
N2C,max-area,MaxD,15,3219,8.0475,22.9525,8.0,19.17391304347826
N2D,widest-fit,LM,11,1084,2.71,7.79,28.0,13.055555555555555
N2D,widest-fit,RM,11,1084,2.71,7.79,28.0,13.055555555555555
N2D,widest-fit,TN,14,1596,3.99,9.51,16.0,13.238095238095237
N2D,widest-fit,SN,15,2246,5.615,12.385,20.0,13.35
N2D,widest-fit,MinD,12,1267,3.1675,6.8325,24.0,12.947368421052632
N2D,widest-fit,MaxD,15,1290,3.225,8.775,12.0,11.409090909090908
N2D,first-fit,LM,17,3044,7.61,4.39,12.0,14.136363636363637
N2D,first-fit,RM,17,3044,7.61,4.39,12.0,14.136363636363637
N2D,first-fit,TN,15,1855,4.6375,7.3625,16.0,16.904761904761905
N2D,first-fit,SN,19,3631,9.0775,9.9225,4.0,14.25
N2D,first-fit,MinD,16,3905,9.7625,11.2375,12.0,17.59090909090909
N2D,first-fit,MaxD,16,1222,3.055,13.445,16.0,14.761904761904763
N2D,fitness-number,LM,6,707,1.7675,15.2325,36.0,33.8125
N2D,fitness-number,RM,6,707,1.7675,15.2325,36.0,33.8125
N2D,fitness-number,TN,6,707,1.7675,15.2325,36.0,33.8125
N2D,fitness-number,SN,6,707,1.7675,15.2325,36.0,33.8125
N2D,fitness-number,MinD,6,707,1.7675,15.2325,36.0,33.8125
N2D,fitness-number,MaxD,6,707,1.7675,15.2325,36.0,33.8125
N2D,max-area,LM,12,1155,2.8875,8.6125,20.0,15.35
N2D,max-area,RM,12,1155,2.8875,8.6125,20.0,15.35
N2D,max-area,TN,14,549,1.3725,10.1275,8.0,11.782608695652174
N2D,max-area,SN,14,1782,4.455,6.545,20.0,11.75
N2D,max-area,MinD,14,1372,3.43,12.07,16.0,12.523809523809524
N2D,max-area,MaxD,13,1271,3.1775,6.3225,16.0,12.142857142857142
N2E,widest-fit,LM,11,1566,3.915,7.585,32.0,14.705882352941176
N2E,widest-fit,RM,11,1566,3.915,7.585,32.0,14.705882352941176
N2E,widest-fit,TN,15,857,2.1425,6.8575,20.0,11.95
N2E,widest-fit,SN,16,3011,7.5275,9.9725,16.0,14.619047619047619
N2E,widest-fit,MinD,12,1449,3.6225,11.3775,32.0,14.117647058823529
N2E,widest-fit,MaxD,12,1503,3.7575,6.2425,28.0,13.666666666666666
N2E,first-fit,LM,15,1713,4.2825,9.7175,8.0,13.565217391304348
N2E,first-fit,RM,15,1704,4.26,9.74,8.0,13.173913043478262
N2E,first-fit,TN,14,1689,4.2225,8.2775,20.0,14.9
N2E,first-fit,SN,12,2388,5.97,9.03,20.0,22.2
N2E,first-fit,MinD,16,2337,5.8425,9.6575,20.0,14.75
N2E,first-fit,MaxD,17,2386,5.965,12.035,4.0,12.5
N2E,fitness-number,LM,8,1724,4.31,16.69,28.0,24.88888888888889
N2E,fitness-number,RM,8,1724,4.31,16.69,28.0,24.88888888888889
N2E,fitness-number,TN,8,1724,4.31,16.69,28.0,24.88888888888889
N2E,fitness-number,SN,8,1724,4.31,16.69,28.0,24.88888888888889
N2E,fitness-number,MinD,8,1724,4.31,16.69,28.0,24.88888888888889
N2E,fitness-number,MaxD,8,1724,4.31,16.69,28.0,24.88888888888889
N2E,max-area,LM,12,1670,4.175,18.325,16.0,17.285714285714285
N2E,max-area,RM,12,1670,4.175,18.325,16.0,17.285714285714285
N2E,max-area,TN,10,1122,2.805,19.195,28.0,20.833333333333332
N2E,max-area,SN,14,2479,6.1975,18.3025,12.0,16.045454545454547
N2E,max-area,MinD,10,1795,4.4875,12.5125,24.0,18.736842105263158
N2E,max-area,MaxD,10,1407,3.5175,15.4825,20.0,17.3
N3A,widest-fit,LM,16,1070,2.675,11.325,24.137931034482758,10.045454545454545
N3A,widest-fit,RM,16,1070,2.675,11.325,24.137931034482758,10.045454545454545
N3A,widest-fit,TN,17,1130,2.825,14.175,24.137931034482758,11.227272727272727
N3A,widest-fit,SN,14,1456,3.64,4.86,27.586206896551722,12.714285714285714
N3A,widest-fit,MinD,15,1887,4.7175,5.7825,27.586206896551722,12.523809523809524
N3A,widest-fit,MaxD,16,1169,2.9225,11.5775,27.586206896551722,11.19047619047619
N3A,first-fit,LM,18,2830,7.075,12.425,20.689655172413794,17.217391304347824
N3A,first-fit,RM,20,3282,8.205,13.295,17.24137931034483,16.833333333333332
N3A,first-fit,TN,18,1788,4.47,10.53,17.24137931034483,18.416666666666668
N3A,first-fit,SN,21,5030,12.575,13.425,17.24137931034483,17.5
N3A,first-fit,MinD,20,4565,11.4125,11.5875,20.689655172413794,18.08695652173913
N3A,first-fit,MaxD,20,2652,6.63,5.37,13.793103448275861,16.76
N3A,fitness-number,LM,9,989,2.4725,5.5275,31.03448275862069,18.75
N3A,fitness-number,RM,9,989,2.4725,5.5275,31.03448275862069,18.75
N3A,fitness-number,TN,9,989,2.4725,5.5275,31.03448275862069,18.75
N3A,fitness-number,SN,9,989,2.4725,5.5275,31.03448275862069,18.75
N3A,fitness-number,MinD,9,989,2.4725,5.5275,31.03448275862069,18.75
N3A,fitness-number,MaxD,9,989,2.4725,5.5275,31.03448275862069,18.75
N3A,max-area,LM,11,900,2.25,15.25,24.137931034482758,15.590909090909092
N3A,max-area,RM,11,900,2.25,15.25,24.137931034482758,15.590909090909092
N3A,max-area,TN,9,396,0.99,21.01,27.586206896551722,16.666666666666668
N3A,max-area,SN,8,1252,3.13,14.37,31.03448275862069,17.45
N3A,max-area,MinD,13,1262,3.155,25.845,20.689655172413794,14.217391304347826
N3A,max-area,MaxD,9,829,2.0725,18.9275,24.137931034482758,17.181818181818183
N3B,widest-fit,LM,15,1004,2.51,6.49,24.137931034482758,9.863636363636363
N3B,widest-fit,RM,15,1454,3.635,5.365,24.137931034482758,9.863636363636363
N3B,widest-fit,TN,15,1137,2.8425,17.6575,27.586206896551722,11.19047619047619
N3B,widest-fit,SN,19,2332,5.83,2.67,17.24137931034483,10.166666666666666
N3B,widest-fit,MinD,15,2576,6.44,15.56,27.586206896551722,12.952380952380953
N3B,widest-fit,MaxD,16,1285,3.2125,6.2875,20.689655172413794,13.434782608695652
N3B,first-fit,LM,18,3039,7.5975,6.4025,17.24137931034483,14.041666666666666
N3B,first-fit,RM,18,3039,7.5975,6.4025,17.24137931034483,14.041666666666666
N3B,first-fit,TN,23,3194,7.985,10.015,10.344827586206897,15.076923076923077
N3B,first-fit,SN,18,2974,7.435,4.565,17.24137931034483,13.666666666666666
N3B,first-fit,MinD,21,3973,9.9325,3.0675,13.793103448275861,14.52
N3B,first-fit,MaxD,20,2438,6.095,5.905,17.24137931034483,13.958333333333334
N3B,fitness-number,LM,12,994,2.485,7.515,27.586206896551722,25.714285714285715
N3B,fitness-number,RM,12,994,2.485,7.515,27.586206896551722,25.714285714285715
N3B,fitness-number,TN,12,994,2.485,7.515,27.586206896551722,25.714285714285715
N3B,fitness-number,SN,12,994,2.485,7.515,27.586206896551722,25.714285714285715
N3B,fitness-number,MinD,12,994,2.485,7.515,27.586206896551722,25.714285714285715
N3B,fitness-number,MaxD,12,994,2.485,7.515,27.586206896551722,25.714285714285715
N3B,max-area,LM,18,1770,4.425,20.075,6.896551724137931,19.37037037037037
N3B,max-area,RM,18,1770,4.425,20.075,6.896551724137931,19.37037037037037
N3B,max-area,TN,18,1215,3.0375,10.9625,6.896551724137931,18.11111111111111
N3B,max-area,SN,13,1492,3.73,15.77,20.689655172413794,19.608695652173914
N3B,max-area,MinD,16,1402,3.505,30.995,13.793103448275861,20.4
N3B,max-area,MaxD,14,1147,2.8675,25.1325,17.24137931034483,20.625
N3C,widest-fit,LM,19,1158,2.895,14.105,13.793103448275861,10.28
N3C,widest-fit,RM,19,1158,2.895,14.105,13.793103448275861,10.28
N3C,widest-fit,TN,15,841,2.1025,16.3975,20.689655172413794,10.347826086956522
N3C,widest-fit,SN,20,2021,5.0525,13.9475,13.793103448275861,9.88
N3C,widest-fit,MinD,21,2684,6.71,15.29,13.793103448275861,9.6
N3C,widest-fit,MaxD,19,1166,2.915,6.085,10.344827586206897,9.884615384615385
N3C,first-fit,LM,20,3194,7.985,4.515,10.344827586206897,14
N3C,first-fit,RM,20,3194,7.985,4.515,10.344827586206897,14
N3C,first-fit,TN,19,1908,4.77,9.73,13.793103448275861,12.56
N3C,first-fit,SN,20,4181,10.4525,3.5475,13.793103448275861,14.92
N3C,first-fit,MinD,19,2614,6.535,3.465,10.344827586206897,14.576923076923077
N3C,first-fit,MaxD,20,1902,4.755,7.745,10.344827586206897,13.423076923076923
N3C,fitness-number,LM,20,1671,4.1775,8.8225,13.793103448275861,17.52
N3C,fitness-number,RM,20,1671,4.1775,8.8225,13.793103448275861,17.52
N3C,fitness-number,TN,20,1671,4.1775,8.8225,13.793103448275861,17.52
N3C,fitness-number,SN,20,1671,4.1775,8.8225,13.793103448275861,17.52
N3C,fitness-number,MinD,20,1671,4.1775,8.8225,13.793103448275861,17.52
N3C,fitness-number,MaxD,20,1671,4.1775,8.8225,13.793103448275861,17.52
N3C,max-area,LM,13,1557,3.8925,20.1075,24.137931034482758,18.318181818181817
N3C,max-area,RM,13,1557,3.8925,20.1075,24.137931034482758,18.318181818181817
N3C,max-area,TN,13,1249,3.1225,15.8775,17.24137931034483,18.916666666666668
N3C,max-area,SN,14,2523,6.3075,23.6925,24.137931034482758,17.40909090909091
N3C,max-area,MinD,13,1459,3.6475,18.3525,27.586206896551722,20
N3C,max-area,MaxD,16,1524,3.81,18.19,17.24137931034483,16.625
N3D,widest-fit,LM,13,1416,3.54,13.46,27.586206896551722,11.285714285714286
N3D,widest-fit,RM,13,1416,3.54,13.46,27.586206896551722,11.285714285714286
N3D,widest-fit,TN,14,580,1.45,14.55,24.137931034482758,10.136363636363637
N3D,widest-fit,SN,11,676,1.69,11.81,31.03448275862069,11.15
N3D,widest-fit,MinD,11,1007,2.5175,13.4825,34.48275862068966,10.736842105263158
N3D,widest-fit,MaxD,17,1309,3.2725,14.7275,13.793103448275861,9.32
N3D,first-fit,LM,16,2286,5.715,9.285,20.689655172413794,13.608695652173912
N3D,first-fit,RM,16,2286,5.715,9.285,20.689655172413794,13.608695652173912
N3D,first-fit,TN,17,1468,3.67,4.33,20.689655172413794,13.652173913043478
N3D,first-fit,SN,18,3380,8.45,6.05,17.24137931034483,13.25
N3D,first-fit,MinD,17,2350,5.875,4.125,17.24137931034483,13.583333333333334
N3D,first-fit,MaxD,14,1830,4.575,4.925,27.586206896551722,15.095238095238095
N3D,fitness-number,LM,9,832,2.08,6.42,24.137931034482758,26.772727272727273
N3D,fitness-number,RM,9,832,2.08,6.42,24.137931034482758,26.772727272727273
N3D,fitness-number,TN,9,832,2.08,6.42,24.137931034482758,26.772727272727273
N3D,fitness-number,SN,9,832,2.08,6.42,24.137931034482758,26.772727272727273
N3D,fitness-number,MinD,9,832,2.08,6.42,24.137931034482758,26.772727272727273
N3D,fitness-number,MaxD,9,832,2.08,6.42,24.137931034482758,26.772727272727273
N3D,max-area,LM,11,1182,2.955,24.045,20.689655172413794,21.652173913043477
N3D,max-area,RM,11,1182,2.955,24.045,20.689655172413794,21.652173913043477
N3D,max-area,TN,12,596,1.49,27.01,13.793103448275861,16.36
N3D,max-area,SN,9,719,1.7975,30.2025,27.586206896551722,19.047619047619047
N3D,max-area,MinD,11,725,1.8125,26.6875,20.689655172413794,17.52173913043478
N3D,max-area,MaxD,11,773,1.9325,30.0675,20.689655172413794,17.47826086956522
N3E,widest-fit,LM,17,977,2.4425,4.5575,10.344827586206897,15.384615384615385
N3E,widest-fit,RM,17,977,2.4425,4.5575,10.344827586206897,15.384615384615385
N3E,widest-fit,TN,17,983,2.4575,4.5425,17.24137931034483,11.416666666666666
N3E,widest-fit,SN,19,2172,5.43,4.07,17.24137931034483,10.291666666666666
N3E,widest-fit,MinD,16,867,2.1675,8.8325,20.689655172413794,10.391304347826088
N3E,widest-fit,MaxD,16,1037,2.5925,6.9075,20.689655172413794,12.304347826086957
N3E,first-fit,LM,20,1939,4.8475,10.1525,6.896551724137931,13.481481481481481
N3E,first-fit,RM,20,1939,4.8475,10.1525,6.896551724137931,13.481481481481481
N3E,first-fit,TN,21,1754,4.385,7.615,3.4482758620689653,12.285714285714286
N3E,first-fit,SN,21,3072,7.68,13.82,13.793103448275861,11.92
N3E,first-fit,MinD,19,2493,6.2325,4.2675,17.24137931034483,14.041666666666666
N3E,first-fit,MaxD,20,2249,5.6225,6.3775,13.793103448275861,12.64
N3E,fitness-number,LM,10,785,1.9625,17.5375,34.48275862068966,36.36842105263158
N3E,fitness-number,RM,10,785,1.9625,17.5375,34.48275862068966,36.36842105263158
N3E,fitness-number,TN,10,785,1.9625,17.5375,34.48275862068966,36.36842105263158
N3E,fitness-number,SN,10,785,1.9625,17.5375,34.48275862068966,36.36842105263158
N3E,fitness-number,MinD,10,785,1.9625,17.5375,34.48275862068966,36.36842105263158
N3E,fitness-number,MaxD,10,785,1.9625,17.5375,34.48275862068966,36.36842105263158
N3E,max-area,LM,16,2699,6.7475,32.7525,10.344827586206897,19.23076923076923
N3E,max-area,RM,16,2699,6.7475,32.7525,10.344827586206897,19.23076923076923
N3E,max-area,TN,11,863,2.1575,40.3425,27.586206896551722,21.714285714285715
N3E,max-area,SN,14,1979,4.9475,34.5525,17.24137931034483,20.041666666666668
N3E,max-area,MinD,13,1442,3.605,34.895,20.689655172413794,20.217391304347824
N3E,max-area,MaxD,18,1969,4.9225,34.5775,6.896551724137931,17.48148148148148
N4A,widest-fit,LM,29,1918,4.795,18.205,30.612244897959183,8.5
N4A,widest-fit,RM,28,1682,4.205,6.295,32.6530612244898,8.727272727272727
N4A,widest-fit,TN,25,844,2.11,7.39,38.775510204081634,9.7
N4A,widest-fit,SN,27,1754,4.385,4.115,34.69387755102041,8.3125
N4A,widest-fit,MinD,27,2509,6.2725,5.7275,36.734693877551024,10.064516129032258
N4A,widest-fit,MaxD,25,1403,3.5075,3.4925,36.734693877551024,9.32258064516129
N4A,first-fit,LM,27,1845,4.6125,3.3875,26.53061224489796,11.166666666666666
N4A,first-fit,RM,29,1879,4.6975,2.8025,24.489795918367346,11.54054054054054
N4A,first-fit,TN,30,1146,2.865,5.135,18.367346938775512,8.675
N4A,first-fit,SN,30,2865,7.1625,5.8375,20.408163265306122,11.564102564102564
N4A,first-fit,MinD,29,1425,3.5625,4.4375,22.448979591836736,10
N4A,first-fit,MaxD,28,1983,4.9575,5.0425,26.53061224489796,10.555555555555555
N4A,fitness-number,LM,11,656,1.64,6.36,34.69387755102041,25.84375
N4A,fitness-number,RM,11,656,1.64,6.36,34.69387755102041,25.84375
N4A,fitness-number,TN,11,656,1.64,6.36,34.69387755102041,25.84375
N4A,fitness-number,SN,11,656,1.64,6.36,34.69387755102041,25.84375
N4A,fitness-number,MinD,11,656,1.64,6.36,34.69387755102041,25.84375
N4A,fitness-number,MaxD,11,656,1.64,6.36,34.69387755102041,25.84375
N4A,max-area,LM,20,1425,3.5625,15.4375,30.612244897959183,15.235294117647058
N4A,max-area,RM,20,1603,4.0075,14.9925,32.6530612244898,15.515151515151516
N4A,max-area,TN,22,913,2.2825,9.2175,30.612244897959183,14.941176470588236
N4A,max-area,SN,23,1885,4.7125,13.2875,30.612244897959183,15.117647058823529
N4A,max-area,MinD,18,1205,3.0125,19.9875,36.734693877551024,16.580645161290324
N4A,max-area,MaxD,16,559,1.3975,12.6025,38.775510204081634,17.2
N4B,widest-fit,LM,24,1228,3.07,3.43,36.734693877551024,8.32258064516129
N4B,widest-fit,RM,25,1251,3.1275,5.8725,32.6530612244898,8.969696969696969
N4B,widest-fit,TN,24,571,1.4275,5.0725,34.69387755102041,8.125
N4B,widest-fit,SN,25,1145,2.8625,5.6375,32.6530612244898,8.151515151515152
N4B,widest-fit,MinD,23,1247,3.1175,6.3825,32.6530612244898,9.030303030303031
N4B,widest-fit,MaxD,28,1419,3.5475,2.9525,26.53061224489796,8.027777777777779
N4B,first-fit,LM,34,1988,4.97,3.53,16.3265306122449,9.902439024390244
N4B,first-fit,RM,26,1739,4.3475,5.1525,28.571428571428573,11.6
N4B,first-fit,TN,25,1018,2.545,5.455,36.734693877551024,12.516129032258064
N4B,first-fit,SN,39,3054,7.635,11.865,8.16326530612245,9.911111111111111
N4B,first-fit,MinD,34,1903,4.7575,6.2425,18.367346938775512,10.75
N4B,first-fit,MaxD,30,2797,6.9925,8.0075,22.448979591836736,11.710526315789474
N4B,fitness-number,LM,8,266,0.665,9.335,32.6530612244898,32.09090909090909
N4B,fitness-number,RM,8,266,0.665,9.335,32.6530612244898,32.09090909090909
N4B,fitness-number,TN,8,266,0.665,9.335,32.6530612244898,32.09090909090909
N4B,fitness-number,SN,8,266,0.665,9.335,32.6530612244898,32.09090909090909
N4B,fitness-number,MinD,8,266,0.665,9.335,32.6530612244898,32.09090909090909
N4B,fitness-number,MaxD,8,266,0.665,9.335,32.6530612244898,32.09090909090909
N4B,max-area,LM,22,2029,5.0725,15.4275,36.734693877551024,13.225806451612904
N4B,max-area,RM,23,1773,4.4325,15.0675,34.69387755102041,12.09375
N4B,max-area,TN,21,1694,4.235,13.265,36.734693877551024,12.451612903225806
N4B,max-area,SN,22,2407,6.0175,13.9825,34.69387755102041,13.46875
N4B,max-area,MinD,17,919,2.2975,16.7025,44.89795918367347,13.666666666666666
N4B,max-area,MaxD,17,1725,4.3125,15.6875,42.857142857142854,13.071428571428571
N4C,widest-fit,LM,23,826,2.065,9.935,36.734693877551024,8.806451612903226
N4C,widest-fit,RM,23,682,1.705,14.795,34.69387755102041,10.4375
N4C,widest-fit,TN,18,367,0.9175,4.5825,36.734693877551024,8.64516129032258
N4C,widest-fit,SN,27,1600,4.0,10.0,28.571428571428573,8.028571428571428
N4C,widest-fit,MinD,26,1207,3.0175,9.9825,32.6530612244898,8.303030303030303
N4C,widest-fit,MaxD,25,1078,2.695,7.305,28.571428571428573,7.885714285714286
N4C,first-fit,LM,26,1546,3.865,4.135,22.448979591836736,11.526315789473685
N4C,first-fit,RM,23,1050,2.625,2.375,28.571428571428573,12.057142857142857
N4C,first-fit,TN,25,893,2.2325,5.2675,26.53061224489796,10.833333333333334
N4C,first-fit,SN,28,2127,5.3175,8.1825,22.448979591836736,12.236842105263158
N4C,first-fit,MinD,27,1564,3.91,3.09,18.367346938775512,11.825
N4C,first-fit,MaxD,28,1906,4.765,7.735,26.53061224489796,11.11111111111111
N4C,fitness-number,LM,10,567,1.4175,7.5825,30.612244897959183,34.470588235294116
N4C,fitness-number,RM,10,567,1.4175,7.5825,30.612244897959183,34.470588235294116
N4C,fitness-number,TN,10,567,1.4175,7.5825,30.612244897959183,34.470588235294116
N4C,fitness-number,SN,10,567,1.4175,7.5825,30.612244897959183,34.470588235294116
N4C,fitness-number,MinD,10,567,1.4175,7.5825,30.612244897959183,34.470588235294116
N4C,fitness-number,MaxD,10,567,1.4175,7.5825,30.612244897959183,34.470588235294116
N4C,max-area,LM,14,538,1.345,18.155,36.734693877551024,17.548387096774192
N4C,max-area,RM,13,432,1.08,18.42,32.6530612244898,18.12121212121212
N4C,max-area,TN,18,686,1.715,19.285,24.489795918367346,16.37837837837838
N4C,max-area,SN,19,1070,2.675,12.325,30.612244897959183,16.11764705882353
N4C,max-area,MinD,18,803,2.0075,13.4925,26.53061224489796,15.61111111111111
N4C,max-area,MaxD,20,1009,2.5225,14.9775,20.408163265306122,15.666666666666666
N4D,widest-fit,LM,22,417,1.0425,4.9575,34.69387755102041,10.5
N4D,widest-fit,RM,22,417,1.0425,4.9575,34.69387755102041,10.5
N4D,widest-fit,TN,29,1030,2.575,2.425,24.489795918367346,8.08108108108108
N4D,widest-fit,SN,28,1710,4.275,5.725,30.612244897959183,7.823529411764706
N4D,widest-fit,MinD,20,459,1.1475,2.8525,28.571428571428573,11.628571428571428
N4D,widest-fit,MaxD,20,446,1.115,2.385,32.6530612244898,8.727272727272727
N4D,first-fit,LM,30,1581,3.9525,8.5475,24.489795918367346,12.243243243243244
N4D,first-fit,RM,32,1634,4.085,6.915,18.367346938775512,10.025
N4D,first-fit,TN,30,1338,3.345,8.655,22.448979591836736,10.81578947368421
N4D,first-fit,SN,28,1975,4.9375,6.5625,26.53061224489796,10.88888888888889
N4D,first-fit,MinD,30,1523,3.8075,4.6925,22.448979591836736,9.894736842105264
N4D,first-fit,MaxD,27,1701,4.2525,7.7475,28.571428571428573,11.571428571428571
N4D,fitness-number,LM,12,1240,3.1,14.4,32.6530612244898,25.03030303030303
N4D,fitness-number,RM,12,1240,3.1,14.4,32.6530612244898,25.03030303030303
N4D,fitness-number,TN,12,1240,3.1,14.4,32.6530612244898,25.03030303030303
N4D,fitness-number,SN,12,1240,3.1,14.4,32.6530612244898,25.03030303030303
N4D,fitness-number,MinD,12,1240,3.1,14.4,32.6530612244898,25.03030303030303
N4D,fitness-number,MaxD,12,1240,3.1,14.4,32.6530612244898,25.03030303030303
N4D,max-area,LM,23,1045,2.6125,13.3875,24.489795918367346,14.486486486486486
N4D,max-area,RM,24,1059,2.6475,13.3525,22.448979591836736,14.263157894736842
N4D,max-area,TN,25,1203,3.0075,12.9925,24.489795918367346,14.432432432432432
N4D,max-area,SN,24,1771,4.4275,11.5725,26.53061224489796,15.083333333333334
N4D,max-area,MinD,24,1167,2.9175,13.0825,24.489795918367346,14.513513513513514
N4D,max-area,MaxD,20,1020,2.55,13.45,30.612244897959183,16.41176470588235
N4E,widest-fit,LM,17,648,1.62,6.38,40.816326530612244,13.689655172413794
N4E,widest-fit,RM,17,648,1.62,6.38,40.816326530612244,13.689655172413794
N4E,widest-fit,TN,19,561,1.4025,4.0975,38.775510204081634,11.166666666666666
N4E,widest-fit,SN,24,1518,3.795,6.705,32.6530612244898,10.424242424242424
N4E,widest-fit,MinD,20,586,1.465,9.035,40.816326530612244,10.10344827586207
N4E,widest-fit,MaxD,22,910,2.275,5.225,32.6530612244898,10.787878787878787
N4E,first-fit,LM,26,2019,5.0475,13.9525,30.612244897959183,10.470588235294118
N4E,first-fit,RM,26,2060,5.15,13.85,30.612244897959183,10.676470588235293
N4E,first-fit,TN,27,1436,3.59,10.41,28.571428571428573,10.114285714285714
N4E,first-fit,SN,32,3248,8.12,4.38,14.285714285714286,10.071428571428571
N4E,first-fit,MinD,26,1531,3.8275,9.1725,26.53061224489796,9.833333333333334
N4E,first-fit,MaxD,28,2449,6.1225,5.8775,20.408163265306122,9.76923076923077
N4E,fitness-number,LM,12,479,1.1975,12.8025,34.69387755102041,26.875
N4E,fitness-number,RM,12,479,1.1975,12.8025,34.69387755102041,26.875
N4E,fitness-number,TN,12,479,1.1975,12.8025,34.69387755102041,26.875
N4E,fitness-number,SN,12,479,1.1975,12.8025,34.69387755102041,26.875
N4E,fitness-number,MinD,12,479,1.1975,12.8025,34.69387755102041,26.875
N4E,fitness-number,MaxD,12,479,1.1975,12.8025,34.69387755102041,26.875
N4E,max-area,LM,16,695,1.7375,13.2625,36.734693877551024,13.161290322580646
N4E,max-area,RM,15,653,1.6325,13.3675,36.734693877551024,12.32258064516129
N4E,max-area,TN,19,717,1.7925,12.7075,30.612244897959183,11.235294117647058
N4E,max-area,SN,19,1063,2.6575,11.8425,34.69387755102041,11.90625
N4E,max-area,MinD,21,951,2.3775,10.6225,32.6530612244898,11
N4E,max-area,MaxD,16,975,2.4375,11.5625,36.734693877551024,12.935483870967742
N5A,widest-fit,LM,28,1019,2.5475,3.9525,46.57534246575342,7.615384615384615
N5A,widest-fit,RM,28,1019,2.5475,3.9525,46.57534246575342,7.615384615384615
N5A,widest-fit,TN,26,595,1.4875,5.0125,49.31506849315068,7.324324324324325
N5A,widest-fit,SN,27,882,2.205,6.795,46.57534246575342,8.153846153846153
N5A,widest-fit,MinD,28,673,1.6825,9.3175,46.57534246575342,9
N5A,widest-fit,MaxD,31,1598,3.995,10.005,46.57534246575342,7.17948717948718
N5A,first-fit,LM,33,1514,3.785,6.715,41.0958904109589,10.30232558139535
N5A,first-fit,RM,34,1200,3.0,3.5,39.726027397260275,10.090909090909092
N5A,first-fit,TN,42,915,2.2875,4.7125,30.136986301369863,9.450980392156863
N5A,first-fit,SN,37,1642,4.105,5.895,36.986301369863014,9.695652173913043
N5A,first-fit,MinD,46,2248,5.62,5.38,26.027397260273972,9.537037037037036
N5A,first-fit,MaxD,39,1976,4.94,12.56,35.61643835616438,9.76595744680851
N5A,fitness-number,LM,7,266,0.665,8.835,27.397260273972602,44.9622641509434
N5A,fitness-number,RM,7,266,0.665,8.835,27.397260273972602,44.9622641509434
N5A,fitness-number,TN,7,266,0.665,8.835,27.397260273972602,44.9622641509434
N5A,fitness-number,SN,7,266,0.665,8.835,27.397260273972602,44.9622641509434
N5A,fitness-number,MinD,7,266,0.665,8.835,27.397260273972602,44.9622641509434
N5A,fitness-number,MaxD,7,266,0.665,8.835,27.397260273972602,44.9622641509434
N5A,max-area,LM,20,375,0.9375,11.0625,50.68493150684932,10.11111111111111
N5A,max-area,RM,20,414,1.035,10.965,50.68493150684932,10.11111111111111
N5A,max-area,TN,12,111,0.2775,11.7225,56.16438356164384,10.96875
N5A,max-area,SN,20,802,2.005,6.995,47.945205479452056,9.473684210526315
N5A,max-area,MinD,18,527,1.3175,7.6825,53.42465753424658,9.941176470588236
N5A,max-area,MaxD,23,717,1.7925,10.2075,41.0958904109589,9.511627906976743
N5B,widest-fit,LM,21,562,1.405,6.095,53.42465753424658,10.676470588235293
N5B,widest-fit,RM,21,562,1.405,6.095,53.42465753424658,10.676470588235293
N5B,widest-fit,TN,33,474,1.185,2.315,36.986301369863014,8.130434782608695
N5B,widest-fit,SN,28,1038,2.595,3.405,35.61643835616438,13.446808510638299
N5B,widest-fit,MinD,27,964,2.41,5.09,46.57534246575342,8.794871794871796
N5B,widest-fit,MaxD,33,811,2.0275,1.9725,36.986301369863014,7.239130434782608
N5B,first-fit,LM,37,1178,2.945,4.055,34.24657534246575,7.770833333333333
N5B,first-fit,RM,35,1058,2.645,2.355,36.986301369863014,8.130434782608695
N5B,first-fit,TN,40,1309,3.2725,3.2275,26.027397260273972,8.407407407407407
N5B,first-fit,SN,35,1861,4.6525,2.8475,36.986301369863014,8.08695652173913
N5B,first-fit,MinD,37,1510,3.775,3.725,36.986301369863014,8.23913043478261
N5B,first-fit,MaxD,35,1409,3.5225,1.9775,30.136986301369863,8.254901960784315
N5B,fitness-number,LM,8,162,0.405,5.095,35.61643835616438,35.276595744680854
N5B,fitness-number,RM,8,162,0.405,5.095,35.61643835616438,35.276595744680854
N5B,fitness-number,TN,8,162,0.405,5.095,35.61643835616438,35.276595744680854
N5B,fitness-number,SN,8,162,0.405,5.095,35.61643835616438,35.276595744680854
N5B,fitness-number,MinD,8,162,0.405,5.095,35.61643835616438,35.276595744680854
N5B,fitness-number,MaxD,8,162,0.405,5.095,35.61643835616438,35.276595744680854
N5B,max-area,LM,24,789,1.9725,17.5275,41.0958904109589,11.651162790697674
N5B,max-area,RM,24,526,1.315,18.185,39.726027397260275,11.431818181818182
N5B,max-area,TN,26,627,1.5675,10.4325,38.35616438356164,11.044444444444444
N5B,max-area,SN,28,1366,3.415,12.585,39.726027397260275,10.840909090909092
N5B,max-area,MinD,26,705,1.7625,12.7375,38.35616438356164,11.28888888888889
N5B,max-area,MaxD,22,902,2.255,13.745,46.57534246575342,11.743589743589743
N5C,widest-fit,LM,26,929,2.3225,6.6775,47.945205479452056,9.368421052631579
N5C,widest-fit,RM,28,772,1.93,6.57,45.205479452054796,9.225
N5C,widest-fit,TN,21,494,1.235,7.765,52.054794520547944,8.82857142857143
N5C,widest-fit,SN,31,1091,2.7275,9.2725,41.0958904109589,6.953488372093023
N5C,widest-fit,MinD,29,1055,2.6375,7.3625,42.465753424657535,7.190476190476191
N5C,widest-fit,MaxD,24,692,1.73,2.77,43.83561643835616,7.7073170731707314
N5C,first-fit,LM,30,756,1.89,5.11,43.83561643835616,7.975609756097561
N5C,first-fit,RM,31,1216,3.04,2.46,43.83561643835616,8.585365853658537
N5C,first-fit,TN,37,799,1.9975,6.0025,34.24657534246575,7
N5C,first-fit,SN,38,1956,4.89,7.61,38.35616438356164,6.933333333333334
N5C,first-fit,MinD,35,1488,3.72,7.28,39.726027397260275,7.613636363636363
N5C,first-fit,MaxD,38,1616,4.04,3.96,30.136986301369863,7.137254901960785
N5C,fitness-number,LM,9,149,0.3725,6.6275,32.87671232876713,31.06122448979592
N5C,fitness-number,RM,9,149,0.3725,6.6275,32.87671232876713,31.06122448979592
N5C,fitness-number,TN,9,149,0.3725,6.6275,32.87671232876713,31.06122448979592
N5C,fitness-number,SN,9,149,0.3725,6.6275,32.87671232876713,31.06122448979592
N5C,fitness-number,MinD,9,149,0.3725,6.6275,32.87671232876713,31.06122448979592
N5C,fitness-number,MaxD,9,149,0.3725,6.6275,32.87671232876713,31.06122448979592
N5C,max-area,LM,25,1201,3.0025,8.9975,42.465753424657535,14.095238095238095
N5C,max-area,RM,26,1334,3.335,8.665,42.465753424657535,14.023809523809524
N5C,max-area,TN,24,944,2.36,16.14,39.726027397260275,14.522727272727273
N5C,max-area,SN,25,1581,3.9525,15.5475,42.465753424657535,14.857142857142858
N5C,max-area,MinD,27,1063,2.6575,16.3425,36.986301369863014,13.978260869565217
N5C,max-area,MaxD,32,2071,5.1775,15.3225,34.24657534246575,13.75
N5D,widest-fit,LM,32,756,1.89,6.61,41.0958904109589,7.093023255813954
N5D,widest-fit,RM,34,1336,3.34,5.16,38.35616438356164,7.488888888888889
N5D,widest-fit,TN,28,698,1.745,7.255,45.205479452054796,7.6
N5D,widest-fit,SN,37,1463,3.6575,7.3425,35.61643835616438,6.76595744680851
N5D,widest-fit,MinD,35,1285,3.2125,5.7875,34.24657534246575,7.354166666666667
N5D,widest-fit,MaxD,37,1935,4.8375,7.1625,36.986301369863014,7.3478260869565215
N5D,first-fit,LM,41,1761,4.4025,3.5975,28.767123287671232,7.634615384615385
N5D,first-fit,RM,37,1679,4.1975,4.3025,32.87671232876713,7.591836734693878
N5D,first-fit,TN,42,1098,2.745,4.755,26.027397260273972,7.092592592592593
N5D,first-fit,SN,43,2766,6.915,4.085,23.28767123287671,7.482142857142857
N5D,first-fit,MinD,37,2072,5.18,3.32,30.136986301369863,8.156862745098039
N5D,first-fit,MaxD,40,2303,5.7575,4.7425,32.87671232876713,7.795918367346939
N5D,fitness-number,LM,15,934,2.335,6.165,35.61643835616438,32.38297872340426
N5D,fitness-number,RM,15,934,2.335,6.165,35.61643835616438,32.38297872340426
N5D,fitness-number,TN,15,934,2.335,6.165,35.61643835616438,32.38297872340426
N5D,fitness-number,SN,15,934,2.335,6.165,35.61643835616438,32.38297872340426
N5D,fitness-number,MinD,15,934,2.335,6.165,35.61643835616438,32.38297872340426
N5D,fitness-number,MaxD,15,934,2.335,6.165,35.61643835616438,32.38297872340426
N5D,max-area,LM,24,985,2.4625,9.5375,41.0958904109589,13.093023255813954
N5D,max-area,RM,25,1004,2.51,9.49,39.726027397260275,12.818181818181818
N5D,max-area,TN,31,991,2.4775,8.0225,31.506849315068493,12.42
N5D,max-area,SN,32,1416,3.54,6.46,34.24657534246575,11.791666666666666
N5D,max-area,MinD,26,795,1.9875,9.0125,38.35616438356164,13.422222222222222
N5D,max-area,MaxD,29,1386,3.465,10.035,32.87671232876713,12.857142857142858
N5E,widest-fit,LM,28,954,2.385,9.615,47.945205479452056,6.7631578947368425
N5E,widest-fit,RM,25,533,1.3325,4.1675,50.68493150684932,6.944444444444445
N5E,widest-fit,TN,28,515,1.2875,7.2125,46.57534246575342,6.948717948717949
N5E,widest-fit,SN,31,883,2.2075,6.7925,41.0958904109589,6.046511627906977
N5E,widest-fit,MinD,24,792,1.98,7.52,53.42465753424658,7.764705882352941
N5E,widest-fit,MaxD,21,431,1.0775,5.9225,53.42465753424658,7.352941176470588
N5E,first-fit,LM,40,1688,4.22,10.78,35.61643835616438,9.404255319148936
N5E,first-fit,RM,35,1230,3.075,8.425,36.986301369863014,9.108695652173912
N5E,first-fit,TN,37,1337,3.3425,10.6575,38.35616438356164,9.577777777777778
N5E,first-fit,SN,42,2590,6.475,12.025,31.506849315068493,8.3
N5E,first-fit,MinD,38,1658,4.145,4.855,32.87671232876713,9.918367346938776
N5E,first-fit,MaxD,34,1508,3.77,10.73,38.35616438356164,9.422222222222222
N5E,fitness-number,LM,11,299,0.7475,6.7525,24.65753424657534,42.70909090909091
N5E,fitness-number,RM,11,299,0.7475,6.7525,24.65753424657534,42.70909090909091
N5E,fitness-number,TN,11,299,0.7475,6.7525,24.65753424657534,42.70909090909091
N5E,fitness-number,SN,11,299,0.7475,6.7525,24.65753424657534,42.70909090909091
N5E,fitness-number,MinD,11,299,0.7475,6.7525,24.65753424657534,42.70909090909091
N5E,fitness-number,MaxD,11,299,0.7475,6.7525,24.65753424657534,42.70909090909091
N5E,max-area,LM,16,392,0.98,7.02,49.31506849315068,10.405405405405405
N5E,max-area,RM,18,630,1.575,9.425,45.205479452054796,12.025
N5E,max-area,TN,16,281,0.7025,10.7975,49.31506849315068,10.945945945945946
N5E,max-area,SN,19,708,1.77,9.23,41.0958904109589,12.744186046511627
N5E,max-area,MinD,19,442,1.105,14.395,43.83561643835616,11.878048780487806
N5E,max-area,MaxD,16,442,1.105,10.395,45.205479452054796,11.3
N6A,widest-fit,LM,29,461,1.1525,6.3475,53.608247422680414,6.8
N6A,widest-fit,RM,33,787,1.9675,5.0325,51.54639175257732,6.553191489361702
N6A,widest-fit,TN,23,315,0.7875,4.7125,54.63917525773196,7.75
N6A,widest-fit,SN,28,593,1.4825,3.5175,53.608247422680414,8.088888888888889
N6A,widest-fit,MinD,28,565,1.4125,9.5875,54.63917525773196,7.340909090909091
N6A,widest-fit,MaxD,33,647,1.6175,9.3825,46.391752577319586,6.634615384615385
N6A,first-fit,LM,43,1238,3.095,5.905,40.20618556701031,9.862068965517242
N6A,first-fit,RM,40,1391,3.4775,6.0225,43.29896907216495,10.6
N6A,first-fit,TN,32,575,1.4375,4.0625,49.48453608247423,11.183673469387756
N6A,first-fit,SN,40,1849,4.6225,2.3775,41.23711340206186,10.43859649122807
N6A,first-fit,MinD,43,1140,2.85,6.65,41.23711340206186,9.929824561403509
N6A,first-fit,MaxD,39,1619,4.0475,4.4525,43.29896907216495,10.745454545454546
N6A,fitness-number,LM,5,164,0.41,11.59,32.98969072164948,47.55384615384615
N6A,fitness-number,RM,5,164,0.41,11.59,32.98969072164948,47.55384615384615
N6A,fitness-number,TN,5,164,0.41,11.59,32.98969072164948,47.55384615384615
N6A,fitness-number,SN,5,164,0.41,11.59,32.98969072164948,47.55384615384615
N6A,fitness-number,MinD,5,164,0.41,11.59,32.98969072164948,47.55384615384615
N6A,fitness-number,MaxD,5,164,0.41,11.59,32.98969072164948,47.55384615384615
N6A,max-area,LM,27,567,1.4175,14.5825,53.608247422680414,10.911111111111111
N6A,max-area,RM,29,1055,2.6375,13.3625,49.48453608247423,10.612244897959183
N6A,max-area,TN,24,446,1.115,9.885,54.63917525773196,10.272727272727273
N6A,max-area,SN,29,1468,3.67,8.33,52.577319587628864,10.021739130434783
N6A,max-area,MinD,30,1428,3.57,7.43,48.45360824742268,9.96
N6A,max-area,MaxD,33,1243,3.1075,12.8925,46.391752577319586,9.98076923076923
N6B,widest-fit,LM,30,637,1.5925,5.9075,53.608247422680414,7.044444444444444
N6B,widest-fit,RM,29,640,1.6,3.4,52.577319587628864,7.891304347826087
N6B,widest-fit,TN,32,526,1.315,5.185,50.51546391752577,7.166666666666667
N6B,widest-fit,SN,36,1090,2.725,2.775,50.51546391752577,7.145833333333333
N6B,widest-fit,MinD,29,771,1.9275,5.0725,56.70103092783505,7.571428571428571
N6B,widest-fit,MaxD,29,517,1.2925,7.2075,55.670103092783506,7.558139534883721
N6B,first-fit,LM,38,788,1.97,4.53,50.51546391752577,8.4375
N6B,first-fit,RM,40,1045,2.6125,3.3875,46.391752577319586,8.865384615384615
N6B,first-fit,TN,33,487,1.2175,6.7825,51.54639175257732,8.638297872340425
N6B,first-fit,SN,39,1734,4.335,3.165,45.36082474226804,8.660377358490566
N6B,first-fit,MinD,40,854,2.135,4.865,48.45360824742268,8.3
N6B,first-fit,MaxD,35,744,1.86,8.14,47.422680412371136,8.509803921568627
N6B,fitness-number,LM,8,139,0.3475,2.6525,26.804123711340207,42.478873239436616
N6B,fitness-number,RM,8,139,0.3475,2.6525,26.804123711340207,42.478873239436616
N6B,fitness-number,TN,8,139,0.3475,2.6525,26.804123711340207,42.478873239436616
N6B,fitness-number,SN,8,139,0.3475,2.6525,26.804123711340207,42.478873239436616
N6B,fitness-number,MinD,8,139,0.3475,2.6525,26.804123711340207,42.478873239436616
N6B,fitness-number,MaxD,8,139,0.3475,2.6525,26.804123711340207,42.478873239436616
N6B,max-area,LM,27,514,1.285,10.715,46.391752577319586,11.326923076923077
N6B,max-area,RM,24,738,1.845,10.155,52.577319587628864,12.73913043478261
N6B,max-area,TN,27,392,0.98,11.02,50.51546391752577,11.5
N6B,max-area,SN,26,879,2.1975,14.8025,51.54639175257732,12.893617021276595
N6B,max-area,MinD,23,464,1.16,16.34,51.54639175257732,12.382978723404255
N6B,max-area,MaxD,27,501,1.2525,16.7475,50.51546391752577,11
N6C,widest-fit,LM,37,918,2.295,7.705,48.45360824742268,6.34
N6C,widest-fit,RM,31,696,1.74,7.76,50.51546391752577,6.833333333333333
N6C,widest-fit,TN,36,628,1.57,4.93,45.36082474226804,6.660377358490566
N6C,widest-fit,SN,38,1020,2.55,4.95,44.329896907216494,5.925925925925926
N6C,widest-fit,MinD,22,419,1.0475,5.9525,57.7319587628866,7.804878048780488
N6C,widest-fit,MaxD,32,494,1.235,3.265,48.45360824742268,6.84
N6C,first-fit,LM,38,1614,4.035,1.965,47.422680412371136,9.07843137254902
N6C,first-fit,RM,39,1350,3.375,4.125,46.391752577319586,8.788461538461538
N6C,first-fit,TN,35,859,2.1475,3.3525,47.422680412371136,9.980392156862745
N6C,first-fit,SN,34,1282,3.205,5.295,50.51546391752577,9.5625
N6C,first-fit,MinD,28,862,2.155,2.845,56.70103092783505,10.452380952380953
N6C,first-fit,MaxD,31,1259,3.1475,2.3525,55.670103092783506,9.720930232558139
N6C,fitness-number,LM,5,31,0.0775,4.9225,24.742268041237114,44.06849315068493
N6C,fitness-number,RM,5,31,0.0775,4.9225,24.742268041237114,44.06849315068493
N6C,fitness-number,TN,5,31,0.0775,4.9225,24.742268041237114,44.06849315068493
N6C,fitness-number,SN,5,31,0.0775,4.9225,24.742268041237114,44.06849315068493
N6C,fitness-number,MinD,5,31,0.0775,4.9225,24.742268041237114,44.06849315068493
N6C,fitness-number,MaxD,5,31,0.0775,4.9225,24.742268041237114,44.06849315068493
N6C,max-area,LM,21,344,0.86,9.14,46.391752577319586,10.73076923076923
N6C,max-area,RM,23,465,1.1625,11.3375,48.45360824742268,9.42
N6C,max-area,TN,19,299,0.7475,6.2525,48.45360824742268,10.86
N6C,max-area,SN,24,939,2.3475,18.6525,47.422680412371136,10.333333333333334
N6C,max-area,MinD,29,701,1.7525,19.2475,46.391752577319586,9.884615384615385
N6C,max-area,MaxD,21,712,1.78,6.72,49.48453608247423,11.183673469387756
N6D,widest-fit,LM,23,453,1.1325,2.3675,55.670103092783506,8.581395348837209
N6D,widest-fit,RM,25,453,1.1325,3.8675,54.63917525773196,8.75
N6D,widest-fit,TN,19,256,0.64,2.36,58.76288659793814,9.85
N6D,widest-fit,SN,21,496,1.24,2.26,54.63917525773196,9.181818181818182
N6D,widest-fit,MinD,27,420,1.05,3.95,54.63917525773196,7.954545454545454
N6D,widest-fit,MaxD,21,436,1.09,3.41,58.76288659793814,8.05
N6D,first-fit,LM,40,1212,3.03,5.47,43.29896907216495,6.909090909090909
N6D,first-fit,RM,45,1404,3.51,6.49,41.23711340206186,6.87719298245614
N6D,first-fit,TN,36,1073,2.6825,5.3175,50.51546391752577,7.958333333333333
N6D,first-fit,SN,45,2503,6.2575,4.2425,42.2680412371134,7.5
N6D,first-fit,MinD,43,1272,3.18,4.32,44.329896907216494,7.574074074074074
N6D,first-fit,MaxD,42,2086,5.215,4.785,46.391752577319586,7.480769230769231
N6D,fitness-number,LM,8,93,0.2325,6.7675,36.08247422680412,31.967741935483872
N6D,fitness-number,RM,8,93,0.2325,6.7675,36.08247422680412,31.967741935483872
N6D,fitness-number,TN,8,93,0.2325,6.7675,36.08247422680412,31.967741935483872
N6D,fitness-number,SN,8,93,0.2325,6.7675,36.08247422680412,31.967741935483872
N6D,fitness-number,MinD,8,93,0.2325,6.7675,36.08247422680412,31.967741935483872
N6D,fitness-number,MaxD,8,93,0.2325,6.7675,36.08247422680412,31.967741935483872
N6D,max-area,LM,32,1569,3.9225,10.0775,41.23711340206186,11.175438596491228
N6D,max-area,RM,34,1674,4.185,4.815,43.29896907216495,10.49090909090909
N6D,max-area,TN,35,1233,3.0825,12.4175,41.23711340206186,10.210526315789474
N6D,max-area,SN,36,1767,4.4175,20.0825,40.20618556701031,10.482758620689655
N6D,max-area,MinD,35,1850,4.625,6.375,42.2680412371134,10.357142857142858
N6D,max-area,MaxD,37,1680,4.2,10.8,40.20618556701031,9.689655172413794
N6E,widest-fit,LM,25,610,1.525,6.975,55.670103092783506,7.604651162790698
N6E,widest-fit,RM,27,622,1.555,6.945,55.670103092783506,7.953488372093023
N6E,widest-fit,TN,20,293,0.7325,5.2675,57.7319587628866,8.487804878048781
N6E,widest-fit,SN,32,880,2.2,4.3,50.51546391752577,6.833333333333333
N6E,widest-fit,MinD,26,706,1.765,6.735,53.608247422680414,7.555555555555555
N6E,widest-fit,MaxD,30,507,1.2675,7.2325,50.51546391752577,6.875
N6E,first-fit,LM,41,935,2.3375,7.1625,44.329896907216494,8.87037037037037
N6E,first-fit,RM,50,1388,3.47,6.03,36.08247422680412,7.419354838709677
N6E,first-fit,TN,40,795,1.9875,6.5125,47.422680412371136,8.96078431372549
N6E,first-fit,SN,44,1475,3.6875,6.8125,38.144329896907216,8.25
N6E,first-fit,MinD,43,1660,4.15,5.85,44.329896907216494,9.351851851851851
N6E,first-fit,MaxD,37,1186,2.965,7.535,40.20618556701031,8.293103448275861
N6E,fitness-number,LM,4,47,0.1175,13.3825,26.804123711340207,52.647887323943664
N6E,fitness-number,RM,4,47,0.1175,13.3825,26.804123711340207,52.647887323943664
N6E,fitness-number,TN,4,47,0.1175,13.3825,26.804123711340207,52.647887323943664
N6E,fitness-number,SN,4,47,0.1175,13.3825,26.804123711340207,52.647887323943664
N6E,fitness-number,MinD,4,47,0.1175,13.3825,26.804123711340207,52.647887323943664
N6E,fitness-number,MaxD,4,47,0.1175,13.3825,26.804123711340207,52.647887323943664
N6E,max-area,LM,38,1194,2.985,3.015,45.36082474226804,11.075471698113208
N6E,max-area,RM,31,734,1.835,20.665,50.51546391752577,10.9375
N6E,max-area,TN,23,495,1.2375,4.7625,53.608247422680414,14.022222222222222
N6E,max-area,SN,30,771,1.9275,9.5725,50.51546391752577,11.854166666666666
N6E,max-area,MinD,20,314,0.785,7.215,56.70103092783505,13.166666666666666
N6E,max-area,MaxD,26,714,1.785,5.715,55.670103092783506,13.627906976744185
N7A,widest-fit,LM,29,241,0.6025,1.8975,68.02030456852792,7.238095238095238
N7A,widest-fit,RM,29,145,0.3625,3.6375,67.00507614213198,7.030769230769231
N7A,widest-fit,TN,19,107,0.2675,3.2325,68.02030456852792,6.73015873015873
N7A,widest-fit,SN,21,148,0.37,1.13,66.49746192893402,7.212121212121212
N7A,widest-fit,MinD,32,268,0.67,2.33,63.95939086294416,6.690140845070423
N7A,widest-fit,MaxD,21,200,0.5,3.0,70.05076142131979,6.864406779661017
N7A,first-fit,LM,48,1163,2.9075,2.0925,61.421319796954315,6.881578947368421
N7A,first-fit,RM,50,738,1.845,3.155,60.91370558375635,5.8441558441558445
N7A,first-fit,TN,54,776,1.94,3.06,62.43654822335025,6.135135135135135
N7A,first-fit,SN,55,1026,2.565,3.935,61.421319796954315,5.631578947368421
N7A,first-fit,MinD,44,658,1.645,3.355,63.95939086294416,6.676056338028169
N7A,first-fit,MaxD,50,974,2.435,2.565,59.898477157360404,6.012658227848101
N7A,fitness-number,LM,1,2,0.005,1.495,19.289340101522843,55.289308176100626
N7A,fitness-number,RM,1,2,0.005,1.495,19.289340101522843,55.289308176100626
N7A,fitness-number,TN,1,2,0.005,1.495,19.289340101522843,55.289308176100626
N7A,fitness-number,SN,1,2,0.005,1.495,19.289340101522843,55.289308176100626
N7A,fitness-number,MinD,1,2,0.005,1.495,19.289340101522843,55.289308176100626
N7A,fitness-number,MaxD,1,2,0.005,1.495,19.289340101522843,55.289308176100626
N7A,max-area,LM,50,1016,2.54,7.46,55.83756345177665,8.459770114942529
N7A,max-area,RM,45,1083,2.7075,13.2925,58.88324873096447,8.777777777777779
N7A,max-area,TN,38,411,1.0275,5.4725,59.898477157360404,8.569620253164556
N7A,max-area,SN,57,1297,3.2425,13.7575,53.2994923857868,8.282608695652174
N7A,max-area,MinD,46,699,1.7475,9.2525,55.83756345177665,9.080459770114942
N7A,max-area,MaxD,49,1015,2.5375,8.4625,56.85279187817259,8.470588235294118
N7B,widest-fit,LM,14,109,0.2725,2.2275,64.46700507614213,7.328571428571428
N7B,widest-fit,RM,15,86,0.215,2.285,70.05076142131979,7.135593220338983
N7B,widest-fit,TN,17,82,0.205,2.295,65.98984771573605,6.746268656716418
N7B,widest-fit,SN,21,133,0.3325,1.6675,68.02030456852792,6.698412698412699
N7B,widest-fit,MinD,11,45,0.1125,1.3875,71.06598984771574,8.614035087719298
N7B,widest-fit,MaxD,19,133,0.3325,1.1675,68.52791878172589,7.306451612903226
N7B,first-fit,LM,59,1345,3.3625,2.1375,54.82233502538071,6.292134831460674
N7B,first-fit,RM,63,1164,2.91,3.59,57.36040609137056,5.380952380952381
N7B,first-fit,TN,48,460,1.15,2.35,61.421319796954315,5.7631578947368425
N7B,first-fit,SN,69,1906,4.765,3.735,53.2994923857868,5.923913043478261
N7B,first-fit,MinD,64,927,2.3175,1.1825,54.31472081218274,5.2444444444444445
N7B,first-fit,MaxD,54,944,2.36,3.14,57.868020304568525,5.542168674698795
N7B,fitness-number,LM,0,0,0.0,5.0,20.304568527918782,60.910828025477706
N7B,fitness-number,RM,0,0,0.0,5.0,20.304568527918782,60.910828025477706
N7B,fitness-number,TN,0,0,0.0,5.0,20.304568527918782,60.910828025477706
N7B,fitness-number,SN,0,0,0.0,5.0,20.304568527918782,60.910828025477706
N7B,fitness-number,MinD,0,0,0.0,5.0,20.304568527918782,60.910828025477706
N7B,fitness-number,MaxD,0,0,0.0,5.0,20.304568527918782,60.910828025477706
N7B,max-area,LM,46,815,2.0375,7.4625,59.390862944162436,8.7125
N7B,max-area,RM,37,663,1.6575,5.3425,62.944162436548226,9.356164383561644
N7B,max-area,TN,37,777,1.9425,7.5575,64.46700507614213,9.4
N7B,max-area,SN,42,1445,3.6125,3.8875,64.9746192893401,9.72463768115942
N7B,max-area,MinD,34,517,1.2925,12.2075,65.48223350253807,9.764705882352942
N7B,max-area,MaxD,39,1071,2.6775,11.3225,63.45177664974619,8.833333333333334
N7C,widest-fit,LM,33,534,1.335,3.165,67.51269035532995,6.796875
N7C,widest-fit,RM,42,492,1.23,1.27,63.95939086294416,6.619718309859155
N7C,widest-fit,TN,31,336,0.84,4.66,69.03553299492386,6.819672131147541
N7C,widest-fit,SN,23,357,0.8925,2.6075,69.03553299492386,7.80327868852459
N7C,widest-fit,MinD,38,506,1.265,3.235,65.98984771573605,6.268656716417911
N7C,widest-fit,MaxD,27,426,1.065,3.935,70.05076142131979,7.796610169491525
N7C,first-fit,LM,49,779,1.9475,2.0525,57.36040609137056,6.928571428571429
N7C,first-fit,RM,47,875,2.1875,1.8125,59.390862944162436,7.925
N7C,first-fit,TN,42,623,1.5575,1.9425,59.898477157360404,7.177215189873418
N7C,first-fit,SN,46,1015,2.5375,2.9625,58.88324873096447,7.3580246913580245
N7C,first-fit,MinD,43,506,1.265,1.735,59.898477157360404,7.848101265822785
N7C,first-fit,MaxD,45,1089,2.7225,1.7775,56.34517766497462,7.348837209302325
N7C,fitness-number,LM,1,4,0.01,4.49,19.289340101522843,62.056603773584904
N7C,fitness-number,RM,1,4,0.01,4.49,19.289340101522843,62.056603773584904
N7C,fitness-number,TN,1,4,0.01,4.49,19.289340101522843,62.056603773584904
N7C,fitness-number,SN,1,4,0.01,4.49,19.289340101522843,62.056603773584904
N7C,fitness-number,MinD,1,4,0.01,4.49,19.289340101522843,62.056603773584904
N7C,fitness-number,MaxD,1,4,0.01,4.49,19.289340101522843,62.056603773584904
N7C,max-area,LM,46,918,2.295,3.705,61.421319796954315,7.855263157894737
N7C,max-area,RM,34,905,2.2625,3.2375,63.45177664974619,8.041666666666666
N7C,max-area,TN,45,560,1.4,4.1,60.40609137055838,7.628205128205129
N7C,max-area,SN,41,1356,3.39,16.61,62.944162436548226,8.876712328767123
N7C,max-area,MinD,36,778,1.945,17.555,62.944162436548226,8.904109589041095
N7C,max-area,MaxD,45,1088,2.72,4.78,60.91370558375635,8.233766233766234
N7D,widest-fit,LM,22,229,0.5725,2.4275,70.05076142131979,7.338983050847458
N7D,widest-fit,RM,26,237,0.5925,4.4075,69.54314720812182,6.683333333333334
N7D,widest-fit,TN,26,203,0.5075,2.4925,67.00507614213198,6.661538461538462
N7D,widest-fit,SN,22,268,0.67,2.83,70.55837563451777,7.5
N7D,widest-fit,MinD,23,183,0.4575,4.5425,68.02030456852792,6.7936507936507935
N7D,widest-fit,MaxD,19,174,0.435,2.565,72.08121827411168,7.363636363636363
N7D,first-fit,LM,45,759,1.8975,4.6025,62.944162436548226,5.808219178082192
N7D,first-fit,RM,53,1100,2.75,3.25,60.91370558375635,6.025974025974026
N7D,first-fit,TN,38,533,1.3325,2.1675,68.02030456852792,6.73015873015873
N7D,first-fit,SN,45,1033,2.5825,2.9175,62.944162436548226,6.287671232876712
N7D,first-fit,MinD,48,765,1.9125,3.5875,62.43654822335025,5.905405405405405
N7D,first-fit,MaxD,51,1113,2.7825,1.7175,59.898477157360404,6.025316455696203
N7D,fitness-number,LM,0,0,0.0,4.5,24.365482233502537,64.00671140939598
N7D,fitness-number,RM,0,0,0.0,4.5,24.365482233502537,64.00671140939598
N7D,fitness-number,TN,0,0,0.0,4.5,24.365482233502537,64.00671140939598
N7D,fitness-number,SN,0,0,0.0,4.5,24.365482233502537,64.00671140939598
N7D,fitness-number,MinD,0,0,0.0,4.5,24.365482233502537,64.00671140939598
N7D,fitness-number,MaxD,0,0,0.0,4.5,24.365482233502537,64.00671140939598
N7D,max-area,LM,34,610,1.525,4.475,64.46700507614213,7.585714285714285
N7D,max-area,RM,31,563,1.4075,9.5925,66.49746192893402,8.181818181818182
N7D,max-area,TN,38,397,0.9925,9.0075,64.46700507614213,7.285714285714286
N7D,max-area,SN,37,634,1.585,6.915,62.944162436548226,8.013698630136986
N7D,max-area,MinD,38,737,1.8425,8.6575,64.46700507614213,7.6571428571428575
N7D,max-area,MaxD,42,605,1.5125,6.9875,60.91370558375635,7.090909090909091
N7E,widest-fit,LM,30,325,0.8125,2.1875,68.02030456852792,8.634920634920634
N7E,widest-fit,RM,24,155,0.3875,3.1125,70.55837563451777,7.9655172413793105
N7E,widest-fit,TN,25,220,0.55,2.45,71.57360406091371,6.625
N7E,widest-fit,SN,36,388,0.97,3.53,68.52791878172589,6.370967741935484
N7E,widest-fit,MinD,24,133,0.3325,2.1675,72.58883248730965,6.666666666666667
N7E,widest-fit,MaxD,26,290,0.725,3.275,70.05076142131979,7.101694915254237
N7E,first-fit,LM,50,868,2.17,3.33,59.898477157360404,5.810126582278481
N7E,first-fit,RM,61,733,1.8325,2.1675,54.31472081218274,5.555555555555555
N7E,first-fit,TN,60,1055,2.6375,2.8625,59.898477157360404,5.784810126582278
N7E,first-fit,SN,59,1336,3.34,2.16,58.3756345177665,5.658536585365853
N7E,first-fit,MinD,59,874,2.185,2.815,55.32994923857868,5.681818181818182
N7E,first-fit,MaxD,58,1236,3.09,3.41,59.390862944162436,5.7625
N7E,fitness-number,LM,5,30,0.075,3.425,21.31979695431472,59.76129032258064
N7E,fitness-number,RM,5,30,0.075,3.425,21.31979695431472,59.76129032258064
N7E,fitness-number,TN,5,30,0.075,3.425,21.31979695431472,59.76129032258064
N7E,fitness-number,SN,5,30,0.075,3.425,21.31979695431472,59.76129032258064
N7E,fitness-number,MinD,5,30,0.075,3.425,21.31979695431472,59.76129032258064
N7E,fitness-number,MaxD,5,30,0.075,3.425,21.31979695431472,59.76129032258064
N7E,max-area,LM,33,449,1.1225,2.8775,68.02030456852792,7.031746031746032
N7E,max-area,RM,50,711,1.7775,5.2225,57.868020304568525,6.554216867469879
N7E,max-area,TN,39,511,1.2775,2.7225,63.95939086294416,6.394366197183099
N7E,max-area,SN,53,748,1.87,3.13,57.36040609137056,5.738095238095238
N7E,max-area,MinD,46,512,1.28,3.72,56.85279187817259,5.776470588235294
N7E,max-area,MaxD,47,1025,2.5625,2.9375,60.40609137055838,6.512820512820513
T1A,widest-fit,LM,8,800,2.0,19.5,17.647058823529413,15.571428571428571
T1A,widest-fit,RM,8,800,2.0,19.5,17.647058823529413,15.571428571428571
T1A,widest-fit,TN,11,1532,3.83,24.67,5.882352941176471,15.25
T1A,widest-fit,SN,10,2602,6.505,8.995,17.647058823529413,14.428571428571429
T1A,widest-fit,MinD,10,2086,5.215,13.285,17.647058823529413,16.857142857142858
T1A,widest-fit,MaxD,10,1532,3.83,24.67,17.647058823529413,15.857142857142858
T1A,first-fit,LM,8,2812,7.03,11.47,5.882352941176471,17.375
T1A,first-fit,RM,8,2812,7.03,11.47,5.882352941176471,17.4375
T1A,first-fit,TN,10,766,1.915,13.585,0.0,17.529411764705884
T1A,first-fit,SN,7,1744,4.36,8.14,11.764705882352942,16.2
T1A,first-fit,MinD,11,2570,6.425,21.075,0.0,15.588235294117647
T1A,first-fit,MaxD,9,2029,5.0725,15.9275,5.882352941176471,16.4375
T1A,fitness-number,LM,7,431,1.0775,9.4225,5.882352941176471,27.5625
T1A,fitness-number,RM,7,431,1.0775,9.4225,5.882352941176471,27.5625
T1A,fitness-number,TN,7,431,1.0775,9.4225,5.882352941176471,27.5625
T1A,fitness-number,SN,7,431,1.0775,9.4225,5.882352941176471,27.5625
T1A,fitness-number,MinD,7,431,1.0775,9.4225,5.882352941176471,27.5625
T1A,fitness-number,MaxD,7,431,1.0775,9.4225,5.882352941176471,27.5625
T1A,max-area,LM,6,813,2.0325,34.9675,17.647058823529413,28.428571428571427
T1A,max-area,RM,6,813,2.0325,34.9675,17.647058823529413,28.428571428571427
T1A,max-area,TN,8,406,1.015,35.985,5.882352941176471,26.875
T1A,max-area,SN,7,943,2.3575,29.6425,11.764705882352942,25.2
T1A,max-area,MinD,7,921,2.3025,29.6975,11.764705882352942,27.8
T1A,max-area,MaxD,7,748,1.87,30.13,11.764705882352942,27
T1B,widest-fit,LM,9,1384,3.46,17.04,23.529411764705884,14
T1B,widest-fit,RM,9,1384,3.46,17.04,23.529411764705884,14
T1B,widest-fit,TN,8,1014,2.535,17.965,29.41176470588235,13.333333333333334
T1B,widest-fit,SN,10,2709,6.7725,12.2275,17.647058823529413,13.785714285714286
T1B,widest-fit,MinD,8,2328,5.82,9.68,23.529411764705884,14.461538461538462
T1B,widest-fit,MaxD,8,1006,2.515,17.985,29.41176470588235,13.333333333333334
T1B,first-fit,LM,11,3167,7.9175,3.0825,17.647058823529413,16.071428571428573
T1B,first-fit,RM,11,3167,7.9175,3.0825,17.647058823529413,16.071428571428573
T1B,first-fit,TN,7,1236,3.09,5.91,23.529411764705884,16.692307692307693
T1B,first-fit,SN,11,2578,6.445,4.555,11.764705882352942,17.733333333333334
T1B,first-fit,MinD,12,3503,8.7575,7.2425,11.764705882352942,16.333333333333332
T1B,first-fit,MaxD,9,2822,7.055,3.945,11.764705882352942,15.733333333333333
T1B,fitness-number,LM,9,736,1.84,7.66,23.529411764705884,17
T1B,fitness-number,RM,9,736,1.84,7.66,23.529411764705884,17
T1B,fitness-number,TN,9,736,1.84,7.66,23.529411764705884,17
T1B,fitness-number,SN,9,736,1.84,7.66,23.529411764705884,17
T1B,fitness-number,MinD,9,736,1.84,7.66,23.529411764705884,17
T1B,fitness-number,MaxD,9,736,1.84,7.66,23.529411764705884,17
T1B,max-area,LM,7,742,1.855,30.645,11.764705882352942,23.466666666666665
T1B,max-area,RM,7,742,1.855,30.645,11.764705882352942,23.266666666666666
T1B,max-area,TN,6,702,1.755,30.745,17.647058823529413,25.285714285714285
T1B,max-area,SN,5,1220,3.05,29.45,23.529411764705884,26.53846153846154
T1B,max-area,MinD,5,674,1.685,30.815,23.529411764705884,26.53846153846154
T1B,max-area,MaxD,5,1436,3.59,28.91,23.529411764705884,26.692307692307693
T1C,widest-fit,LM,11,3189,7.9725,21.5275,11.764705882352942,11.2
T1C,widest-fit,RM,11,3189,7.9725,21.5275,11.764705882352942,11.2
T1C,widest-fit,TN,11,1991,4.9775,15.5225,17.647058823529413,11.571428571428571
T1C,widest-fit,SN,9,2317,5.7925,16.7075,23.529411764705884,11.76923076923077
T1C,widest-fit,MinD,13,3957,9.8925,15.6075,11.764705882352942,18.133333333333333
T1C,widest-fit,MaxD,12,2854,7.135,22.365,11.764705882352942,11.4
T1C,first-fit,LM,13,2552,6.38,15.12,5.882352941176471,14
T1C,first-fit,RM,13,2552,6.38,15.12,5.882352941176471,14
T1C,first-fit,TN,11,1668,4.17,10.83,17.647058823529413,13.071428571428571
T1C,first-fit,SN,13,1824,4.56,16.94,5.882352941176471,11.4375
T1C,first-fit,MinD,15,3264,8.16,17.34,5.882352941176471,20.75
T1C,first-fit,MaxD,12,1668,4.17,10.83,5.882352941176471,12.6875
T1C,fitness-number,LM,11,1523,3.8075,10.1925,17.647058823529413,13.571428571428571
T1C,fitness-number,RM,11,1523,3.8075,10.1925,17.647058823529413,13.571428571428571
T1C,fitness-number,TN,11,1523,3.8075,10.1925,17.647058823529413,13.571428571428571
T1C,fitness-number,SN,11,1523,3.8075,10.1925,17.647058823529413,13.571428571428571
T1C,fitness-number,MinD,11,1523,3.8075,10.1925,17.647058823529413,13.571428571428571
T1C,fitness-number,MaxD,11,1523,3.8075,10.1925,17.647058823529413,13.571428571428571
T1C,max-area,LM,1,82,0.205,28.295,29.41176470588235,31
T1C,max-area,RM,1,82,0.205,28.295,29.41176470588235,31
T1C,max-area,TN,1,82,0.205,28.295,29.41176470588235,31
T1C,max-area,SN,3,172,0.43,28.07,17.647058823529413,30.071428571428573
T1C,max-area,MinD,1,82,0.205,28.295,29.41176470588235,31
T1C,max-area,MaxD,3,172,0.43,28.07,17.647058823529413,30.071428571428573
T1D,widest-fit,LM,10,615,1.5375,7.4625,5.882352941176471,11.375
T1D,widest-fit,RM,10,615,1.5375,7.4625,5.882352941176471,11.375
T1D,widest-fit,TN,9,379,0.9475,10.0525,11.764705882352942,11.6
T1D,widest-fit,SN,10,885,2.2125,7.7875,5.882352941176471,10.625
T1D,widest-fit,MinD,11,912,2.28,10.72,5.882352941176471,11.125
T1D,widest-fit,MaxD,9,497,1.2425,8.7575,11.764705882352942,11
T1D,first-fit,LM,9,1375,3.4375,3.0625,17.647058823529413,17.642857142857142
T1D,first-fit,RM,9,1375,3.4375,3.0625,17.647058823529413,17.642857142857142
T1D,first-fit,TN,8,453,1.1325,6.8675,17.647058823529413,16.642857142857142
T1D,first-fit,SN,9,1526,3.815,5.185,17.647058823529413,17.571428571428573
T1D,first-fit,MinD,9,1592,3.98,5.02,17.647058823529413,18
T1D,first-fit,MaxD,9,1431,3.5775,5.4225,17.647058823529413,18.357142857142858
T1D,fitness-number,LM,7,427,1.0675,6.9325,23.529411764705884,20.076923076923077
T1D,fitness-number,RM,7,427,1.0675,6.9325,23.529411764705884,20.076923076923077
T1D,fitness-number,TN,7,427,1.0675,6.9325,23.529411764705884,20.076923076923077
T1D,fitness-number,SN,7,427,1.0675,6.9325,23.529411764705884,20.076923076923077
T1D,fitness-number,MinD,7,427,1.0675,6.9325,23.529411764705884,20.076923076923077
T1D,fitness-number,MaxD,7,427,1.0675,6.9325,23.529411764705884,20.076923076923077
T1D,max-area,LM,10,811,2.0275,5.9725,17.647058823529413,12.857142857142858
T1D,max-area,RM,10,811,2.0275,5.9725,17.647058823529413,12.857142857142858
T1D,max-area,TN,8,302,0.755,7.245,17.647058823529413,13.428571428571429
T1D,max-area,SN,9,810,2.025,7.975,11.764705882352942,12.666666666666666
T1D,max-area,MinD,8,729,1.8225,8.1775,17.647058823529413,13.785714285714286
T1D,max-area,MaxD,10,547,1.3675,8.6325,5.882352941176471,12.1875
T1E,widest-fit,LM,12,5751,14.3775,11.6225,11.764705882352942,13.066666666666666
T1E,widest-fit,RM,12,5751,14.3775,11.6225,11.764705882352942,13.066666666666666
T1E,widest-fit,TN,12,3426,8.565,17.935,11.764705882352942,14.266666666666667
T1E,widest-fit,SN,13,4177,10.4425,10.5575,11.764705882352942,13.866666666666667
T1E,widest-fit,MinD,11,4059,10.1475,10.8525,11.764705882352942,12.333333333333334
T1E,widest-fit,MaxD,10,1586,3.965,16.535,17.647058823529413,13.357142857142858
T1E,first-fit,LM,13,3900,9.75,11.75,5.882352941176471,17.8125
T1E,first-fit,RM,13,3900,9.75,11.75,5.882352941176471,17.8125
T1E,first-fit,TN,10,1824,4.56,6.44,17.647058823529413,16.071428571428573
T1E,first-fit,SN,12,5984,14.96,14.04,17.647058823529413,17.785714285714285
T1E,first-fit,MinD,12,5288,13.22,7.78,11.764705882352942,17.466666666666665
T1E,first-fit,MaxD,13,4434,11.085,10.415,5.882352941176471,14.75
T1E,fitness-number,LM,8,1813,4.5325,8.9675,23.529411764705884,21.076923076923077
T1E,fitness-number,RM,8,1813,4.5325,8.9675,23.529411764705884,21.076923076923077
T1E,fitness-number,TN,8,1813,4.5325,8.9675,23.529411764705884,21.076923076923077
T1E,fitness-number,SN,8,1813,4.5325,8.9675,23.529411764705884,21.076923076923077
T1E,fitness-number,MinD,8,1813,4.5325,8.9675,23.529411764705884,21.076923076923077
T1E,fitness-number,MaxD,8,1813,4.5325,8.9675,23.529411764705884,21.076923076923077
T1E,max-area,LM,7,724,1.81,26.69,5.882352941176471,24.875
T1E,max-area,RM,7,724,1.81,26.69,5.882352941176471,24.875
T1E,max-area,TN,4,134,0.335,28.165,23.529411764705884,27.692307692307693
T1E,max-area,SN,8,1404,3.51,24.99,5.882352941176471,24
T1E,max-area,MinD,6,400,1.0,27.5,5.882352941176471,25.25
T1E,max-area,MaxD,8,1400,3.5,25.0,5.882352941176471,24.125
T2A,widest-fit,LM,12,606,1.515,13.485,32.0,10.941176470588236
T2A,widest-fit,RM,12,606,1.515,13.485,32.0,10.941176470588236
T2A,widest-fit,TN,10,770,1.925,12.575,40.0,12.866666666666667
T2A,widest-fit,SN,13,1785,4.4625,12.0375,24.0,9.68421052631579
T2A,widest-fit,MinD,14,2449,6.1225,9.3775,24.0,11.842105263157896
T2A,widest-fit,MaxD,12,1212,3.03,12.47,32.0,9.941176470588236
T2A,first-fit,LM,15,2011,5.0275,9.9725,24.0,13.263157894736842
T2A,first-fit,RM,15,2011,5.0275,9.9725,24.0,13.263157894736842
T2A,first-fit,TN,17,2445,6.1125,6.8875,16.0,12.857142857142858
T2A,first-fit,SN,15,2380,5.95,9.05,20.0,16.7
T2A,first-fit,MinD,15,1743,4.3575,5.6425,24.0,13.894736842105264
T2A,first-fit,MaxD,15,1543,3.8575,6.6425,24.0,14.578947368421053
T2A,fitness-number,LM,5,211,0.5275,11.9725,28.0,27.166666666666668
T2A,fitness-number,RM,5,211,0.5275,11.9725,28.0,27.166666666666668
T2A,fitness-number,TN,5,211,0.5275,11.9725,28.0,27.166666666666668
T2A,fitness-number,SN,5,211,0.5275,11.9725,28.0,27.166666666666668
T2A,fitness-number,MinD,5,211,0.5275,11.9725,28.0,27.166666666666668
T2A,fitness-number,MaxD,5,211,0.5275,11.9725,28.0,27.166666666666668
T2A,max-area,LM,10,1231,3.0775,25.4225,28.0,19
T2A,max-area,RM,10,1231,3.0775,25.4225,28.0,19
T2A,max-area,TN,8,458,1.145,32.855,36.0,20.8125
T2A,max-area,SN,11,1887,4.7175,19.2825,28.0,18.666666666666668
T2A,max-area,MinD,11,1155,2.8875,26.1125,28.0,17.61111111111111
T2A,max-area,MaxD,10,1990,4.975,24.025,28.0,18.88888888888889
T2B,widest-fit,LM,12,1110,2.775,10.225,28.0,9.555555555555555
T2B,widest-fit,RM,12,1110,2.775,10.225,28.0,9.555555555555555
T2B,widest-fit,TN,13,916,2.29,23.71,32.0,10
T2B,widest-fit,SN,10,1508,3.77,22.73,40.0,12.2
T2B,widest-fit,MinD,13,1593,3.9825,7.0175,36.0,18.5
T2B,widest-fit,MaxD,12,1996,4.99,3.51,36.0,16
T2B,first-fit,LM,16,1915,4.7875,11.7125,12.0,11.727272727272727
T2B,first-fit,RM,16,1915,4.7875,11.7125,12.0,11.727272727272727
T2B,first-fit,TN,14,865,2.1625,11.3375,20.0,12.9
T2B,first-fit,SN,15,1910,4.775,11.225,12.0,12.318181818181818
T2B,first-fit,MinD,15,1619,4.0475,3.9525,12.0,11.954545454545455
T2B,first-fit,MaxD,15,1858,4.645,11.355,8.0,12.826086956521738
T2B,fitness-number,LM,9,973,2.4325,17.0675,24.0,26.57894736842105
T2B,fitness-number,RM,9,973,2.4325,17.0675,24.0,26.57894736842105
T2B,fitness-number,TN,9,973,2.4325,17.0675,24.0,26.57894736842105
T2B,fitness-number,SN,9,973,2.4325,17.0675,24.0,26.57894736842105
T2B,fitness-number,MinD,9,973,2.4325,17.0675,24.0,26.57894736842105
T2B,fitness-number,MaxD,9,973,2.4325,17.0675,24.0,26.57894736842105
T2B,max-area,LM,11,893,2.2325,23.2675,20.0,16.1
T2B,max-area,RM,11,893,2.2325,23.2675,20.0,16.1
T2B,max-area,TN,11,703,1.7575,23.7425,20.0,16.75
T2B,max-area,SN,8,801,2.0025,26.4975,28.0,16.5
T2B,max-area,MinD,10,1170,2.925,22.575,24.0,16.526315789473685
T2B,max-area,MaxD,10,734,1.835,23.165,20.0,15.3
T2C,widest-fit,LM,17,1072,2.68,7.32,16.0,12.428571428571429
T2C,widest-fit,RM,17,1072,2.68,7.32,16.0,12.428571428571429
T2C,widest-fit,TN,18,2365,5.9125,15.5875,12.0,16.318181818181817
T2C,widest-fit,SN,13,1501,3.7525,7.7475,28.0,12.38888888888889
T2C,widest-fit,MinD,13,1269,3.1725,6.8275,24.0,12.31578947368421
T2C,widest-fit,MaxD,17,2365,5.9125,15.5875,16.0,17.095238095238095
T2C,first-fit,LM,19,3376,8.44,4.06,8.0,14.043478260869565
T2C,first-fit,RM,19,3376,8.44,4.06,8.0,14.043478260869565
T2C,first-fit,TN,18,3591,8.9775,5.0225,8.0,17.304347826086957
T2C,first-fit,SN,18,4533,11.3325,6.6675,16.0,15.380952380952381
T2C,first-fit,MinD,19,4380,10.95,9.55,8.0,15.347826086956522
T2C,first-fit,MaxD,18,3591,8.9775,5.0225,12.0,14.136363636363637
T2C,fitness-number,LM,7,1085,2.7125,7.2875,32.0,30.647058823529413
T2C,fitness-number,RM,7,1085,2.7125,7.2875,32.0,30.647058823529413
T2C,fitness-number,TN,7,1085,2.7125,7.2875,32.0,30.647058823529413
T2C,fitness-number,SN,7,1085,2.7125,7.2875,32.0,30.647058823529413
T2C,fitness-number,MinD,7,1085,2.7125,7.2875,32.0,30.647058823529413
T2C,fitness-number,MaxD,7,1085,2.7125,7.2875,32.0,30.647058823529413
T2C,max-area,LM,10,776,1.94,17.56,24.0,20.263157894736842
T2C,max-area,RM,10,776,1.94,17.56,24.0,20.263157894736842
T2C,max-area,TN,14,986,2.465,30.535,20.0,17.6
T2C,max-area,SN,14,2141,5.3525,29.6475,16.0,18.523809523809526
T2C,max-area,MinD,10,619,1.5475,26.9525,24.0,19.210526315789473
T2C,max-area,MaxD,16,1818,4.545,16.955,8.0,15.652173913043478
T2D,widest-fit,LM,11,1566,3.915,7.585,32.0,14.705882352941176
T2D,widest-fit,RM,11,1566,3.915,7.585,32.0,14.705882352941176
T2D,widest-fit,TN,15,857,2.1425,6.8575,20.0,11.95
T2D,widest-fit,SN,16,3011,7.5275,9.9725,16.0,14.619047619047619
T2D,widest-fit,MinD,12,1449,3.6225,11.3775,32.0,14.117647058823529
T2D,widest-fit,MaxD,12,1503,3.7575,6.2425,28.0,13.666666666666666
T2D,first-fit,LM,15,1713,4.2825,9.7175,8.0,13.565217391304348
T2D,first-fit,RM,15,1704,4.26,9.74,8.0,13.173913043478262
T2D,first-fit,TN,14,1689,4.2225,8.2775,20.0,14.9
T2D,first-fit,SN,12,2388,5.97,9.03,20.0,22.2
T2D,first-fit,MinD,16,2337,5.8425,9.6575,20.0,14.75
T2D,first-fit,MaxD,17,2386,5.965,12.035,4.0,12.5
T2D,fitness-number,LM,8,1724,4.31,16.69,28.0,24.88888888888889
T2D,fitness-number,RM,8,1724,4.31,16.69,28.0,24.88888888888889
T2D,fitness-number,TN,8,1724,4.31,16.69,28.0,24.88888888888889
T2D,fitness-number,SN,8,1724,4.31,16.69,28.0,24.88888888888889
T2D,fitness-number,MinD,8,1724,4.31,16.69,28.0,24.88888888888889
T2D,fitness-number,MaxD,8,1724,4.31,16.69,28.0,24.88888888888889
T2D,max-area,LM,12,1670,4.175,18.325,16.0,17.285714285714285
T2D,max-area,RM,12,1670,4.175,18.325,16.0,17.285714285714285
T2D,max-area,TN,10,1122,2.805,19.195,28.0,20.833333333333332
T2D,max-area,SN,14,2479,6.1975,18.3025,12.0,16.045454545454547
T2D,max-area,MinD,10,1795,4.4875,12.5125,24.0,18.736842105263158
T2D,max-area,MaxD,10,1407,3.5175,15.4825,20.0,17.3
T2E,widest-fit,LM,14,1584,3.96,19.04,24.0,13.947368421052632
T2E,widest-fit,RM,14,1584,3.96,19.04,24.0,13.947368421052632
T2E,widest-fit,TN,16,1235,3.0875,8.4125,16.0,9.80952380952381
T2E,widest-fit,SN,13,1788,4.47,11.53,20.0,22.95
T2E,widest-fit,MinD,13,1309,3.2725,12.7275,16.0,21.523809523809526
T2E,widest-fit,MaxD,14,1472,3.68,9.82,28.0,10.777777777777779
T2E,first-fit,LM,20,2573,6.4325,15.5675,4.0,13.208333333333334
T2E,first-fit,RM,20,2573,6.4325,15.5675,4.0,13.208333333333334
T2E,first-fit,TN,18,1752,4.38,13.12,4.0,13.75
T2E,first-fit,SN,20,3792,9.48,8.02,4.0,15.5
T2E,first-fit,MinD,19,2808,7.02,11.98,0.0,14.68
T2E,first-fit,MaxD,17,2443,6.1075,15.8925,12.0,16.636363636363637
T2E,fitness-number,LM,10,1108,2.77,13.23,16.0,24.095238095238095
T2E,fitness-number,RM,10,1108,2.77,13.23,16.0,24.095238095238095
T2E,fitness-number,TN,10,1108,2.77,13.23,16.0,24.095238095238095
T2E,fitness-number,SN,10,1108,2.77,13.23,16.0,24.095238095238095
T2E,fitness-number,MinD,10,1108,2.77,13.23,16.0,24.095238095238095
T2E,fitness-number,MaxD,10,1108,2.77,13.23,16.0,24.095238095238095
T2E,max-area,LM,12,1016,2.54,22.46,16.0,19.238095238095237
T2E,max-area,RM,12,931,2.3275,22.6725,16.0,19.238095238095237
T2E,max-area,TN,13,923,2.3075,11.6925,12.0,18.772727272727273
T2E,max-area,SN,13,2179,5.4475,45.5525,20.0,21.3
T2E,max-area,MinD,11,996,2.49,22.51,20.0,20.25
T2E,max-area,MaxD,11,1318,3.295,11.205,24.0,21.36842105263158
T3A,widest-fit,LM,13,1416,3.54,13.46,27.586206896551722,11.285714285714286
T3A,widest-fit,RM,13,1416,3.54,13.46,27.586206896551722,11.285714285714286
T3A,widest-fit,TN,14,580,1.45,14.55,24.137931034482758,10.136363636363637
T3A,widest-fit,SN,11,676,1.69,11.81,31.03448275862069,11.15
T3A,widest-fit,MinD,11,1007,2.5175,13.4825,34.48275862068966,10.736842105263158
T3A,widest-fit,MaxD,17,1309,3.2725,14.7275,13.793103448275861,9.32
T3A,first-fit,LM,16,2286,5.715,9.285,20.689655172413794,13.608695652173912
T3A,first-fit,RM,16,2286,5.715,9.285,20.689655172413794,13.608695652173912
T3A,first-fit,TN,17,1468,3.67,4.33,20.689655172413794,13.652173913043478
T3A,first-fit,SN,18,3380,8.45,6.05,17.24137931034483,13.25
T3A,first-fit,MinD,17,2350,5.875,4.125,17.24137931034483,13.583333333333334
T3A,first-fit,MaxD,14,1830,4.575,4.925,27.586206896551722,15.095238095238095
T3A,fitness-number,LM,9,832,2.08,6.42,24.137931034482758,26.772727272727273
T3A,fitness-number,RM,9,832,2.08,6.42,24.137931034482758,26.772727272727273
T3A,fitness-number,TN,9,832,2.08,6.42,24.137931034482758,26.772727272727273
T3A,fitness-number,SN,9,832,2.08,6.42,24.137931034482758,26.772727272727273
T3A,fitness-number,MinD,9,832,2.08,6.42,24.137931034482758,26.772727272727273
T3A,fitness-number,MaxD,9,832,2.08,6.42,24.137931034482758,26.772727272727273
T3A,max-area,LM,11,1182,2.955,24.045,20.689655172413794,21.652173913043477
T3A,max-area,RM,11,1182,2.955,24.045,20.689655172413794,21.652173913043477
T3A,max-area,TN,12,596,1.49,27.01,13.793103448275861,16.36
T3A,max-area,SN,9,719,1.7975,30.2025,27.586206896551722,19.047619047619047
T3A,max-area,MinD,11,725,1.8125,26.6875,20.689655172413794,17.52173913043478
T3A,max-area,MaxD,11,773,1.9325,30.0675,20.689655172413794,17.47826086956522
T3B,widest-fit,LM,14,1115,2.7875,11.2125,24.137931034482758,10.909090909090908
T3B,widest-fit,RM,14,1115,2.7875,11.2125,24.137931034482758,10.909090909090908
T3B,widest-fit,TN,13,895,2.2375,15.2625,27.586206896551722,11.238095238095237
T3B,widest-fit,SN,15,1532,3.83,7.67,24.137931034482758,10.045454545454545
T3B,widest-fit,MinD,14,2471,6.1775,19.3225,20.689655172413794,11.652173913043478
T3B,widest-fit,MaxD,15,913,2.2825,12.7175,24.137931034482758,10.090909090909092
T3B,first-fit,LM,15,1760,4.4,7.1,17.24137931034483,13.375
T3B,first-fit,RM,15,1855,4.6375,5.3625,17.24137931034483,14.083333333333334
T3B,first-fit,TN,12,713,1.7825,6.7175,24.137931034482758,12.5
T3B,first-fit,SN,16,2171,5.4275,7.0725,13.793103448275861,12.56
T3B,first-fit,MinD,14,1994,4.985,7.515,20.689655172413794,12.826086956521738
T3B,first-fit,MaxD,13,1564,3.91,4.59,17.24137931034483,13.791666666666666
T3B,fitness-number,LM,10,976,2.44,7.56,27.586206896551722,18.61904761904762
T3B,fitness-number,RM,10,976,2.44,7.56,27.586206896551722,18.61904761904762
T3B,fitness-number,TN,10,976,2.44,7.56,27.586206896551722,18.61904761904762
T3B,fitness-number,SN,10,976,2.44,7.56,27.586206896551722,18.61904761904762
T3B,fitness-number,MinD,10,976,2.44,7.56,27.586206896551722,18.61904761904762
T3B,fitness-number,MaxD,10,976,2.44,7.56,27.586206896551722,18.61904761904762
T3B,max-area,LM,14,1715,4.2875,19.2125,13.793103448275861,24.6
T3B,max-area,RM,13,1691,4.2275,19.2725,13.793103448275861,25.08
T3B,max-area,TN,10,921,2.3025,17.6975,24.137931034482758,25.5
T3B,max-area,SN,13,1712,4.28,19.22,13.793103448275861,24.36
T3B,max-area,MinD,11,1070,2.675,17.325,17.24137931034483,24.5
T3B,max-area,MaxD,12,1547,3.8675,16.1325,17.24137931034483,23.791666666666668
T3C,widest-fit,LM,18,1477,3.6925,6.3075,20.689655172413794,10.73913043478261
T3C,widest-fit,RM,18,1477,3.6925,6.3075,20.689655172413794,10.73913043478261
T3C,widest-fit,TN,16,2000,5.0,10.5,27.586206896551722,12.19047619047619
T3C,widest-fit,SN,20,1927,4.8175,10.1825,13.793103448275861,10.32
T3C,widest-fit,MinD,18,901,2.2525,3.7475,17.24137931034483,11.25
T3C,widest-fit,MaxD,17,1830,4.575,10.925,20.689655172413794,11.304347826086957
T3C,first-fit,LM,19,1957,4.8925,10.6075,13.793103448275861,11.32
T3C,first-fit,RM,19,1903,4.7575,10.2425,20.689655172413794,12.608695652173912
T3C,first-fit,TN,19,2057,5.1425,3.8575,20.689655172413794,12.826086956521738
T3C,first-fit,SN,21,2478,6.195,7.805,13.793103448275861,11.72
T3C,first-fit,MinD,22,2351,5.8775,6.1225,10.344827586206897,11.5
T3C,first-fit,MaxD,15,1562,3.905,8.595,20.689655172413794,13.782608695652174
T3C,fitness-number,LM,15,1911,4.7775,6.7225,24.137931034482758,14.363636363636363
T3C,fitness-number,RM,15,1911,4.7775,6.7225,24.137931034482758,14.363636363636363
T3C,fitness-number,TN,15,1911,4.7775,6.7225,24.137931034482758,14.363636363636363
T3C,fitness-number,SN,15,1911,4.7775,6.7225,24.137931034482758,14.363636363636363
T3C,fitness-number,MinD,15,1911,4.7775,6.7225,24.137931034482758,14.363636363636363
T3C,fitness-number,MaxD,15,1911,4.7775,6.7225,24.137931034482758,14.363636363636363
T3C,max-area,LM,12,914,2.285,19.715,13.793103448275861,18.48
T3C,max-area,RM,11,942,2.355,19.645,17.24137931034483,19.416666666666668
T3C,max-area,TN,12,698,1.745,24.255,20.689655172413794,18.956521739130434
T3C,max-area,SN,13,1601,4.0025,11.4975,17.24137931034483,20.583333333333332
T3C,max-area,MinD,13,768,1.92,22.58,24.137931034482758,19.5
T3C,max-area,MaxD,11,1154,2.885,10.115,24.137931034482758,20.227272727272727
T3D,widest-fit,LM,16,1599,3.9975,11.0025,24.137931034482758,12.227272727272727
T3D,widest-fit,RM,16,1599,3.9975,11.0025,24.137931034482758,12.227272727272727
T3D,widest-fit,TN,18,1423,3.5575,3.9425,24.137931034482758,12.772727272727273
T3D,widest-fit,SN,14,1011,2.5275,13.4725,24.137931034482758,19.59090909090909
T3D,widest-fit,MinD,14,907,2.2675,13.7325,24.137931034482758,19.136363636363637
T3D,widest-fit,MaxD,18,1025,2.5625,13.4375,24.137931034482758,9.636363636363637
T3D,first-fit,LM,22,2573,6.4325,15.5675,10.344827586206897,12.538461538461538
T3D,first-fit,RM,21,2573,6.4325,15.5675,13.793103448275861,12.96
T3D,first-fit,TN,21,1406,3.515,13.985,6.896551724137931,13.296296296296296
T3D,first-fit,SN,21,3792,9.48,8.02,13.793103448275861,15.12
T3D,first-fit,MinD,20,2152,5.38,13.62,6.896551724137931,14.407407407407407
T3D,first-fit,MaxD,18,2443,6.1075,15.8925,24.137931034482758,17.40909090909091
T3D,fitness-number,LM,11,1100,2.75,27.75,24.137931034482758,19.772727272727273
T3D,fitness-number,RM,11,1100,2.75,27.75,24.137931034482758,19.772727272727273
T3D,fitness-number,TN,11,1100,2.75,27.75,24.137931034482758,19.772727272727273
T3D,fitness-number,SN,11,1100,2.75,27.75,24.137931034482758,19.772727272727273
T3D,fitness-number,MinD,11,1100,2.75,27.75,24.137931034482758,19.772727272727273
T3D,fitness-number,MaxD,11,1100,2.75,27.75,24.137931034482758,19.772727272727273
T3D,max-area,LM,12,620,1.55,23.45,20.689655172413794,18.695652173913043
T3D,max-area,RM,12,620,1.55,23.45,20.689655172413794,18.695652173913043
T3D,max-area,TN,14,883,2.2075,14.7925,13.793103448275861,17.6
T3D,max-area,SN,14,1342,3.355,30.145,17.24137931034483,17.5
T3D,max-area,MinD,11,806,2.015,22.985,20.689655172413794,18.304347826086957
T3D,max-area,MaxD,14,1296,3.24,9.76,13.793103448275861,17.44
T3E,widest-fit,LM,15,1004,2.51,6.49,24.137931034482758,9.863636363636363
T3E,widest-fit,RM,15,1454,3.635,5.365,24.137931034482758,9.863636363636363
T3E,widest-fit,TN,15,1137,2.8425,17.6575,27.586206896551722,11.19047619047619
T3E,widest-fit,SN,19,2332,5.83,2.67,17.24137931034483,10.166666666666666
T3E,widest-fit,MinD,15,2576,6.44,15.56,27.586206896551722,12.952380952380953
T3E,widest-fit,MaxD,16,1285,3.2125,6.2875,20.689655172413794,13.434782608695652
T3E,first-fit,LM,18,3039,7.5975,6.4025,17.24137931034483,14.041666666666666
T3E,first-fit,RM,18,3039,7.5975,6.4025,17.24137931034483,14.041666666666666
T3E,first-fit,TN,23,3194,7.985,10.015,10.344827586206897,15.076923076923077
T3E,first-fit,SN,18,2974,7.435,4.565,17.24137931034483,13.666666666666666
T3E,first-fit,MinD,21,3973,9.9325,3.0675,13.793103448275861,14.52
T3E,first-fit,MaxD,20,2438,6.095,5.905,17.24137931034483,13.958333333333334
T3E,fitness-number,LM,12,994,2.485,7.515,27.586206896551722,25.714285714285715
T3E,fitness-number,RM,12,994,2.485,7.515,27.586206896551722,25.714285714285715
T3E,fitness-number,TN,12,994,2.485,7.515,27.586206896551722,25.714285714285715
T3E,fitness-number,SN,12,994,2.485,7.515,27.586206896551722,25.714285714285715
T3E,fitness-number,MinD,12,994,2.485,7.515,27.586206896551722,25.714285714285715
T3E,fitness-number,MaxD,12,994,2.485,7.515,27.586206896551722,25.714285714285715
T3E,max-area,LM,18,1770,4.425,20.075,6.896551724137931,19.37037037037037
T3E,max-area,RM,18,1770,4.425,20.075,6.896551724137931,19.37037037037037
T3E,max-area,TN,18,1215,3.0375,10.9625,6.896551724137931,18.11111111111111
T3E,max-area,SN,13,1492,3.73,15.77,20.689655172413794,19.608695652173914
T3E,max-area,MinD,16,1402,3.505,30.995,13.793103448275861,20.4
T3E,max-area,MaxD,14,1147,2.8675,25.1325,17.24137931034483,20.625
T4A,widest-fit,LM,19,795,1.9875,4.0125,34.69387755102041,11.84375
T4A,widest-fit,RM,22,895,2.2375,6.7625,34.69387755102041,11.5
T4A,widest-fit,TN,15,304,0.76,9.24,46.93877551020408,11.192307692307692
T4A,widest-fit,SN,23,1240,3.1,6.9,30.612244897959183,8.911764705882353
T4A,widest-fit,MinD,22,802,2.005,9.995,30.612244897959183,10.764705882352942
T4A,widest-fit,MaxD,24,932,2.33,8.67,32.6530612244898,8
T4A,first-fit,LM,29,1470,3.675,4.825,20.408163265306122,10.282051282051283
T4A,first-fit,RM,26,1274,3.185,4.315,28.571428571428573,11.228571428571428
T4A,first-fit,TN,28,854,2.135,5.865,26.53061224489796,10.027777777777779
T4A,first-fit,SN,30,3119,7.7975,3.2025,22.448979591836736,11.578947368421053
T4A,first-fit,MinD,27,1902,4.755,5.745,32.6530612244898,12.181818181818182
T4A,first-fit,MaxD,26,2140,5.35,2.65,26.53061224489796,11.88888888888889
T4A,fitness-number,LM,11,516,1.29,10.71,34.69387755102041,29.34375
T4A,fitness-number,RM,11,516,1.29,10.71,34.69387755102041,29.34375
T4A,fitness-number,TN,11,516,1.29,10.71,34.69387755102041,29.34375
T4A,fitness-number,SN,11,516,1.29,10.71,34.69387755102041,29.34375
T4A,fitness-number,MinD,11,516,1.29,10.71,34.69387755102041,29.34375
T4A,fitness-number,MaxD,11,516,1.29,10.71,34.69387755102041,29.34375
T4A,max-area,LM,19,716,1.79,26.71,30.612244897959183,16.705882352941178
T4A,max-area,RM,19,740,1.85,26.65,30.612244897959183,16.61764705882353
T4A,max-area,TN,16,496,1.24,19.76,36.734693877551024,17.580645161290324
T4A,max-area,SN,20,1284,3.21,19.79,30.612244897959183,16.470588235294116
T4A,max-area,MinD,20,948,2.37,20.63,30.612244897959183,16.852941176470587
T4A,max-area,MaxD,18,1231,3.0775,25.4225,32.6530612244898,17.666666666666668
T4B,widest-fit,LM,23,826,2.065,9.935,36.734693877551024,8.806451612903226
T4B,widest-fit,RM,23,682,1.705,14.795,34.69387755102041,10.4375
T4B,widest-fit,TN,18,367,0.9175,4.5825,36.734693877551024,8.64516129032258
T4B,widest-fit,SN,27,1600,4.0,10.0,28.571428571428573,8.028571428571428
T4B,widest-fit,MinD,26,1207,3.0175,9.9825,32.6530612244898,8.303030303030303
T4B,widest-fit,MaxD,25,1078,2.695,7.305,28.571428571428573,7.885714285714286
T4B,first-fit,LM,26,1546,3.865,4.135,22.448979591836736,11.526315789473685
T4B,first-fit,RM,23,1050,2.625,2.375,28.571428571428573,12.057142857142857
T4B,first-fit,TN,25,893,2.2325,5.2675,26.53061224489796,10.833333333333334
T4B,first-fit,SN,28,2127,5.3175,8.1825,22.448979591836736,12.236842105263158
T4B,first-fit,MinD,27,1564,3.91,3.09,18.367346938775512,11.825
T4B,first-fit,MaxD,28,1906,4.765,7.735,26.53061224489796,11.11111111111111
T4B,fitness-number,LM,10,567,1.4175,7.5825,30.612244897959183,34.470588235294116
T4B,fitness-number,RM,10,567,1.4175,7.5825,30.612244897959183,34.470588235294116
T4B,fitness-number,TN,10,567,1.4175,7.5825,30.612244897959183,34.470588235294116
T4B,fitness-number,SN,10,567,1.4175,7.5825,30.612244897959183,34.470588235294116
T4B,fitness-number,MinD,10,567,1.4175,7.5825,30.612244897959183,34.470588235294116
T4B,fitness-number,MaxD,10,567,1.4175,7.5825,30.612244897959183,34.470588235294116
T4B,max-area,LM,14,538,1.345,18.155,36.734693877551024,17.548387096774192
T4B,max-area,RM,13,432,1.08,18.42,32.6530612244898,18.12121212121212
T4B,max-area,TN,18,686,1.715,19.285,24.489795918367346,16.37837837837838
T4B,max-area,SN,19,1070,2.675,12.325,30.612244897959183,16.11764705882353
T4B,max-area,MinD,18,803,2.0075,13.4925,26.53061224489796,15.61111111111111
T4B,max-area,MaxD,20,1009,2.5225,14.9775,20.408163265306122,15.666666666666666
T4C,widest-fit,LM,22,417,1.0425,4.9575,34.69387755102041,10.5
T4C,widest-fit,RM,22,417,1.0425,4.9575,34.69387755102041,10.5
T4C,widest-fit,TN,29,1030,2.575,2.425,24.489795918367346,8.08108108108108
T4C,widest-fit,SN,28,1710,4.275,5.725,30.612244897959183,7.823529411764706
T4C,widest-fit,MinD,20,459,1.1475,2.8525,28.571428571428573,11.628571428571428
T4C,widest-fit,MaxD,20,446,1.115,2.385,32.6530612244898,8.727272727272727
T4C,first-fit,LM,30,1581,3.9525,8.5475,24.489795918367346,12.243243243243244
T4C,first-fit,RM,32,1634,4.085,6.915,18.367346938775512,10.025
T4C,first-fit,TN,30,1338,3.345,8.655,22.448979591836736,10.81578947368421
T4C,first-fit,SN,28,1975,4.9375,6.5625,26.53061224489796,10.88888888888889
T4C,first-fit,MinD,30,1523,3.8075,4.6925,22.448979591836736,9.894736842105264
T4C,first-fit,MaxD,27,1701,4.2525,7.7475,28.571428571428573,11.571428571428571
T4C,fitness-number,LM,12,1240,3.1,14.4,32.6530612244898,25.03030303030303
T4C,fitness-number,RM,12,1240,3.1,14.4,32.6530612244898,25.03030303030303
T4C,fitness-number,TN,12,1240,3.1,14.4,32.6530612244898,25.03030303030303
T4C,fitness-number,SN,12,1240,3.1,14.4,32.6530612244898,25.03030303030303
T4C,fitness-number,MinD,12,1240,3.1,14.4,32.6530612244898,25.03030303030303
T4C,fitness-number,MaxD,12,1240,3.1,14.4,32.6530612244898,25.03030303030303
T4C,max-area,LM,23,1045,2.6125,13.3875,24.489795918367346,14.486486486486486
T4C,max-area,RM,24,1059,2.6475,13.3525,22.448979591836736,14.263157894736842
T4C,max-area,TN,25,1203,3.0075,12.9925,24.489795918367346,14.432432432432432
T4C,max-area,SN,24,1771,4.4275,11.5725,26.53061224489796,15.083333333333334
T4C,max-area,MinD,24,1167,2.9175,13.0825,24.489795918367346,14.513513513513514
T4C,max-area,MaxD,20,1020,2.55,13.45,30.612244897959183,16.41176470588235
T4D,widest-fit,LM,29,1918,4.795,18.205,30.612244897959183,8.5
T4D,widest-fit,RM,28,1682,4.205,6.295,32.6530612244898,8.727272727272727
T4D,widest-fit,TN,25,844,2.11,7.39,38.775510204081634,9.7
T4D,widest-fit,SN,27,1754,4.385,4.115,34.69387755102041,8.3125
T4D,widest-fit,MinD,27,2509,6.2725,5.7275,36.734693877551024,10.064516129032258
T4D,widest-fit,MaxD,25,1403,3.5075,3.4925,36.734693877551024,9.32258064516129
T4D,first-fit,LM,27,1845,4.6125,3.3875,26.53061224489796,11.166666666666666
T4D,first-fit,RM,29,1879,4.6975,2.8025,24.489795918367346,11.54054054054054
T4D,first-fit,TN,30,1146,2.865,5.135,18.367346938775512,8.675
T4D,first-fit,SN,30,2865,7.1625,5.8375,20.408163265306122,11.564102564102564
T4D,first-fit,MinD,29,1425,3.5625,4.4375,22.448979591836736,10
T4D,first-fit,MaxD,28,1983,4.9575,5.0425,26.53061224489796,10.555555555555555
T4D,fitness-number,LM,11,656,1.64,6.36,34.69387755102041,25.84375
T4D,fitness-number,RM,11,656,1.64,6.36,34.69387755102041,25.84375
T4D,fitness-number,TN,11,656,1.64,6.36,34.69387755102041,25.84375
T4D,fitness-number,SN,11,656,1.64,6.36,34.69387755102041,25.84375
T4D,fitness-number,MinD,11,656,1.64,6.36,34.69387755102041,25.84375
T4D,fitness-number,MaxD,11,656,1.64,6.36,34.69387755102041,25.84375
T4D,max-area,LM,20,1425,3.5625,15.4375,30.612244897959183,15.235294117647058
T4D,max-area,RM,20,1603,4.0075,14.9925,32.6530612244898,15.515151515151516
T4D,max-area,TN,22,913,2.2825,9.2175,30.612244897959183,14.941176470588236
T4D,max-area,SN,23,1885,4.7125,13.2875,30.612244897959183,15.117647058823529
T4D,max-area,MinD,18,1205,3.0125,19.9875,36.734693877551024,16.580645161290324
T4D,max-area,MaxD,16,559,1.3975,12.6025,38.775510204081634,17.2
T4E,widest-fit,LM,24,1228,3.07,3.43,36.734693877551024,8.32258064516129
T4E,widest-fit,RM,25,1251,3.1275,5.8725,32.6530612244898,8.969696969696969
T4E,widest-fit,TN,24,571,1.4275,5.0725,34.69387755102041,8.125
T4E,widest-fit,SN,25,1145,2.8625,5.6375,32.6530612244898,8.151515151515152
T4E,widest-fit,MinD,23,1247,3.1175,6.3825,32.6530612244898,9.030303030303031
T4E,widest-fit,MaxD,28,1419,3.5475,2.9525,26.53061224489796,8.027777777777779
T4E,first-fit,LM,34,1988,4.97,3.53,16.3265306122449,9.902439024390244
T4E,first-fit,RM,26,1739,4.3475,5.1525,28.571428571428573,11.6
T4E,first-fit,TN,25,1018,2.545,5.455,36.734693877551024,12.516129032258064
T4E,first-fit,SN,39,3054,7.635,11.865,8.16326530612245,9.911111111111111
T4E,first-fit,MinD,34,1903,4.7575,6.2425,18.367346938775512,10.75
T4E,first-fit,MaxD,30,2797,6.9925,8.0075,22.448979591836736,11.710526315789474
T4E,fitness-number,LM,8,266,0.665,9.335,32.6530612244898,32.09090909090909
T4E,fitness-number,RM,8,266,0.665,9.335,32.6530612244898,32.09090909090909
T4E,fitness-number,TN,8,266,0.665,9.335,32.6530612244898,32.09090909090909
T4E,fitness-number,SN,8,266,0.665,9.335,32.6530612244898,32.09090909090909
T4E,fitness-number,MinD,8,266,0.665,9.335,32.6530612244898,32.09090909090909
T4E,fitness-number,MaxD,8,266,0.665,9.335,32.6530612244898,32.09090909090909
T4E,max-area,LM,22,2029,5.0725,15.4275,36.734693877551024,13.225806451612904
T4E,max-area,RM,23,1773,4.4325,15.0675,34.69387755102041,12.09375
T4E,max-area,TN,21,1694,4.235,13.265,36.734693877551024,12.451612903225806
T4E,max-area,SN,22,2407,6.0175,13.9825,34.69387755102041,13.46875
T4E,max-area,MinD,17,919,2.2975,16.7025,44.89795918367347,13.666666666666666
T4E,max-area,MaxD,17,1725,4.3125,15.6875,42.857142857142854,13.071428571428571
T5A,widest-fit,LM,26,929,2.3225,6.6775,47.945205479452056,9.368421052631579
T5A,widest-fit,RM,28,772,1.93,6.57,45.205479452054796,9.225
T5A,widest-fit,TN,21,494,1.235,7.765,52.054794520547944,8.82857142857143
T5A,widest-fit,SN,31,1091,2.7275,9.2725,41.0958904109589,6.953488372093023
T5A,widest-fit,MinD,29,1055,2.6375,7.3625,42.465753424657535,7.190476190476191
T5A,widest-fit,MaxD,24,692,1.73,2.77,43.83561643835616,7.7073170731707314
T5A,first-fit,LM,30,756,1.89,5.11,43.83561643835616,7.975609756097561
T5A,first-fit,RM,31,1216,3.04,2.46,43.83561643835616,8.585365853658537
T5A,first-fit,TN,37,799,1.9975,6.0025,34.24657534246575,7
T5A,first-fit,SN,38,1956,4.89,7.61,38.35616438356164,6.933333333333334
T5A,first-fit,MinD,35,1488,3.72,7.28,39.726027397260275,7.613636363636363
T5A,first-fit,MaxD,38,1616,4.04,3.96,30.136986301369863,7.137254901960785
T5A,fitness-number,LM,9,149,0.3725,6.6275,32.87671232876713,31.06122448979592
T5A,fitness-number,RM,9,149,0.3725,6.6275,32.87671232876713,31.06122448979592
T5A,fitness-number,TN,9,149,0.3725,6.6275,32.87671232876713,31.06122448979592
T5A,fitness-number,SN,9,149,0.3725,6.6275,32.87671232876713,31.06122448979592
T5A,fitness-number,MinD,9,149,0.3725,6.6275,32.87671232876713,31.06122448979592
T5A,fitness-number,MaxD,9,149,0.3725,6.6275,32.87671232876713,31.06122448979592
T5A,max-area,LM,25,1201,3.0025,8.9975,42.465753424657535,14.095238095238095
T5A,max-area,RM,26,1334,3.335,8.665,42.465753424657535,14.023809523809524
T5A,max-area,TN,24,944,2.36,16.14,39.726027397260275,14.522727272727273
T5A,max-area,SN,25,1581,3.9525,15.5475,42.465753424657535,14.857142857142858
T5A,max-area,MinD,27,1063,2.6575,16.3425,36.986301369863014,13.978260869565217
T5A,max-area,MaxD,32,2071,5.1775,15.3225,34.24657534246575,13.75
T5B,widest-fit,LM,39,1847,4.6175,10.8825,38.35616438356164,6.888888888888889
T5B,widest-fit,RM,26,572,1.43,9.07,46.57534246575342,7.153846153846154
T5B,widest-fit,TN,30,722,1.805,3.195,38.35616438356164,8.71111111111111
T5B,widest-fit,SN,20,560,1.4,10.6,54.794520547945204,11.545454545454545
T5B,widest-fit,MinD,24,630,1.575,4.425,50.68493150684932,7.666666666666667
T5B,widest-fit,MaxD,33,885,2.2125,6.7875,39.726027397260275,8.454545454545455
T5B,first-fit,LM,32,1513,3.7825,4.2175,45.205479452054796,10.2
T5B,first-fit,RM,28,1536,3.84,4.66,52.054794520547944,10.82857142857143
T5B,first-fit,TN,34,1507,3.7675,6.2325,38.35616438356164,9.311111111111112
T5B,first-fit,SN,33,1355,3.3875,5.1125,43.83561643835616,9.560975609756097
T5B,first-fit,MinD,39,1486,3.715,3.285,34.24657534246575,8.541666666666666
T5B,first-fit,MaxD,31,1340,3.35,4.65,46.57534246575342,9.923076923076923
T5B,fitness-number,LM,5,53,0.1325,5.3675,27.397260273972602,38.9811320754717
T5B,fitness-number,RM,5,53,0.1325,5.3675,27.397260273972602,38.9811320754717
T5B,fitness-number,TN,5,53,0.1325,5.3675,27.397260273972602,38.9811320754717
T5B,fitness-number,SN,5,53,0.1325,5.3675,27.397260273972602,38.9811320754717
T5B,fitness-number,MinD,5,53,0.1325,5.3675,27.397260273972602,38.9811320754717
T5B,fitness-number,MaxD,5,53,0.1325,5.3675,27.397260273972602,38.9811320754717
T5B,max-area,LM,26,1331,3.3275,9.1725,36.986301369863014,15.130434782608695
T5B,max-area,RM,24,1177,2.9425,9.5575,42.465753424657535,15.619047619047619
T5B,max-area,TN,19,628,1.57,8.43,46.57534246575342,17.564102564102566
T5B,max-area,SN,17,1256,3.14,17.86,50.68493150684932,18.805555555555557
T5B,max-area,MinD,26,1058,2.645,8.855,39.726027397260275,15.568181818181818
T5B,max-area,MaxD,19,803,2.0075,18.9925,42.465753424657535,17.023809523809526
T5C,widest-fit,LM,28,1019,2.5475,3.9525,46.57534246575342,7.615384615384615
T5C,widest-fit,RM,28,1019,2.5475,3.9525,46.57534246575342,7.615384615384615
T5C,widest-fit,TN,26,595,1.4875,5.0125,49.31506849315068,7.324324324324325
T5C,widest-fit,SN,27,882,2.205,6.795,46.57534246575342,8.153846153846153
T5C,widest-fit,MinD,28,673,1.6825,9.3175,46.57534246575342,9
T5C,widest-fit,MaxD,31,1598,3.995,10.005,46.57534246575342,7.17948717948718
T5C,first-fit,LM,33,1514,3.785,6.715,41.0958904109589,10.30232558139535
T5C,first-fit,RM,34,1200,3.0,3.5,39.726027397260275,10.090909090909092
T5C,first-fit,TN,42,915,2.2875,4.7125,30.136986301369863,9.450980392156863
T5C,first-fit,SN,37,1642,4.105,5.895,36.986301369863014,9.695652173913043
T5C,first-fit,MinD,46,2248,5.62,5.38,26.027397260273972,9.537037037037036
T5C,first-fit,MaxD,39,1976,4.94,12.56,35.61643835616438,9.76595744680851
T5C,fitness-number,LM,7,266,0.665,8.835,27.397260273972602,44.9622641509434
T5C,fitness-number,RM,7,266,0.665,8.835,27.397260273972602,44.9622641509434
T5C,fitness-number,TN,7,266,0.665,8.835,27.397260273972602,44.9622641509434
T5C,fitness-number,SN,7,266,0.665,8.835,27.397260273972602,44.9622641509434
T5C,fitness-number,MinD,7,266,0.665,8.835,27.397260273972602,44.9622641509434
T5C,fitness-number,MaxD,7,266,0.665,8.835,27.397260273972602,44.9622641509434
T5C,max-area,LM,20,375,0.9375,11.0625,50.68493150684932,10.11111111111111
T5C,max-area,RM,20,414,1.035,10.965,50.68493150684932,10.11111111111111
T5C,max-area,TN,12,111,0.2775,11.7225,56.16438356164384,10.96875
T5C,max-area,SN,20,802,2.005,6.995,47.945205479452056,9.473684210526315
T5C,max-area,MinD,18,527,1.3175,7.6825,53.42465753424658,9.941176470588236
T5C,max-area,MaxD,23,717,1.7925,10.2075,41.0958904109589,9.511627906976743
T5D,widest-fit,LM,32,756,1.89,6.61,41.0958904109589,7.093023255813954
T5D,widest-fit,RM,34,1336,3.34,5.16,38.35616438356164,7.488888888888889
T5D,widest-fit,TN,28,698,1.745,7.255,45.205479452054796,7.6
T5D,widest-fit,SN,37,1463,3.6575,7.3425,35.61643835616438,6.76595744680851
T5D,widest-fit,MinD,35,1285,3.2125,5.7875,34.24657534246575,7.354166666666667
T5D,widest-fit,MaxD,37,1935,4.8375,7.1625,36.986301369863014,7.3478260869565215
T5D,first-fit,LM,41,1761,4.4025,3.5975,28.767123287671232,7.634615384615385
T5D,first-fit,RM,37,1679,4.1975,4.3025,32.87671232876713,7.591836734693878
T5D,first-fit,TN,42,1098,2.745,4.755,26.027397260273972,7.092592592592593
T5D,first-fit,SN,43,2766,6.915,4.085,23.28767123287671,7.482142857142857
T5D,first-fit,MinD,37,2072,5.18,3.32,30.136986301369863,8.156862745098039
T5D,first-fit,MaxD,40,2303,5.7575,4.7425,32.87671232876713,7.795918367346939
T5D,fitness-number,LM,15,934,2.335,6.165,35.61643835616438,32.38297872340426
T5D,fitness-number,RM,15,934,2.335,6.165,35.61643835616438,32.38297872340426
T5D,fitness-number,TN,15,934,2.335,6.165,35.61643835616438,32.38297872340426
T5D,fitness-number,SN,15,934,2.335,6.165,35.61643835616438,32.38297872340426
T5D,fitness-number,MinD,15,934,2.335,6.165,35.61643835616438,32.38297872340426
T5D,fitness-number,MaxD,15,934,2.335,6.165,35.61643835616438,32.38297872340426
T5D,max-area,LM,24,985,2.4625,9.5375,41.0958904109589,13.093023255813954
T5D,max-area,RM,25,1004,2.51,9.49,39.726027397260275,12.818181818181818
T5D,max-area,TN,31,991,2.4775,8.0225,31.506849315068493,12.42
T5D,max-area,SN,32,1416,3.54,6.46,34.24657534246575,11.791666666666666
T5D,max-area,MinD,26,795,1.9875,9.0125,38.35616438356164,13.422222222222222
T5D,max-area,MaxD,29,1386,3.465,10.035,32.87671232876713,12.857142857142858
T5E,widest-fit,LM,21,562,1.405,6.095,53.42465753424658,10.676470588235293
T5E,widest-fit,RM,21,562,1.405,6.095,53.42465753424658,10.676470588235293
T5E,widest-fit,TN,33,474,1.185,2.315,36.986301369863014,8.130434782608695
T5E,widest-fit,SN,28,1038,2.595,3.405,35.61643835616438,13.446808510638299
T5E,widest-fit,MinD,27,964,2.41,5.09,46.57534246575342,8.794871794871796
T5E,widest-fit,MaxD,33,811,2.0275,1.9725,36.986301369863014,7.239130434782608
T5E,first-fit,LM,37,1178,2.945,4.055,34.24657534246575,7.770833333333333
T5E,first-fit,RM,35,1058,2.645,2.355,36.986301369863014,8.130434782608695
T5E,first-fit,TN,40,1309,3.2725,3.2275,26.027397260273972,8.407407407407407
T5E,first-fit,SN,35,1861,4.6525,2.8475,36.986301369863014,8.08695652173913
T5E,first-fit,MinD,37,1510,3.775,3.725,36.986301369863014,8.23913043478261
T5E,first-fit,MaxD,35,1409,3.5225,1.9775,30.136986301369863,8.254901960784315
T5E,fitness-number,LM,8,162,0.405,5.095,35.61643835616438,35.276595744680854
T5E,fitness-number,RM,8,162,0.405,5.095,35.61643835616438,35.276595744680854
T5E,fitness-number,TN,8,162,0.405,5.095,35.61643835616438,35.276595744680854
T5E,fitness-number,SN,8,162,0.405,5.095,35.61643835616438,35.276595744680854
T5E,fitness-number,MinD,8,162,0.405,5.095,35.61643835616438,35.276595744680854
T5E,fitness-number,MaxD,8,162,0.405,5.095,35.61643835616438,35.276595744680854
T5E,max-area,LM,24,789,1.9725,17.5275,41.0958904109589,11.651162790697674
T5E,max-area,RM,24,526,1.315,18.185,39.726027397260275,11.431818181818182
T5E,max-area,TN,26,627,1.5675,10.4325,38.35616438356164,11.044444444444444
T5E,max-area,SN,28,1366,3.415,12.585,39.726027397260275,10.840909090909092
T5E,max-area,MinD,26,705,1.7625,12.7375,38.35616438356164,11.28888888888889
T5E,max-area,MaxD,22,902,2.255,13.745,46.57534246575342,11.743589743589743
T6A,widest-fit,LM,31,440,1.1,3.9,48.45360824742268,7.36
T6A,widest-fit,RM,30,539,1.3475,2.1525,51.54639175257732,7.276595744680851
T6A,widest-fit,TN,33,483,1.2075,2.7925,50.51546391752577,7.020833333333333
T6A,widest-fit,SN,30,862,2.155,3.845,53.608247422680414,8.244444444444444
T6A,widest-fit,MinD,26,546,1.365,5.635,56.70103092783505,7.833333333333333
T6A,widest-fit,MaxD,24,449,1.1225,3.3775,54.63917525773196,7.4772727272727275
T6A,first-fit,LM,42,988,2.47,6.53,44.329896907216494,7.722222222222222
T6A,first-fit,RM,41,1045,2.6125,3.8875,40.20618556701031,7.4655172413793105
T6A,first-fit,TN,39,584,1.46,2.54,42.2680412371134,7.714285714285714
T6A,first-fit,SN,41,1327,3.3175,4.1825,42.2680412371134,8.482142857142858
T6A,first-fit,MinD,41,786,1.965,3.035,43.29896907216495,8.581818181818182
T6A,first-fit,MaxD,38,1147,2.8675,4.6325,44.329896907216494,7.814814814814815
T6A,fitness-number,LM,2,22,0.055,8.945,36.08247422680412,45.5
T6A,fitness-number,RM,2,22,0.055,8.945,36.08247422680412,45.5
T6A,fitness-number,TN,2,22,0.055,8.945,36.08247422680412,45.5
T6A,fitness-number,SN,2,22,0.055,8.945,36.08247422680412,45.5
T6A,fitness-number,MinD,2,22,0.055,8.945,36.08247422680412,45.5
T6A,fitness-number,MaxD,2,22,0.055,8.945,36.08247422680412,45.5
T6A,max-area,LM,23,860,2.15,6.85,54.63917525773196,12.818181818181818
T6A,max-area,RM,22,669,1.6725,9.3275,56.70103092783505,12.928571428571429
T6A,max-area,TN,25,726,1.815,6.185,53.608247422680414,12.377777777777778
T6A,max-area,SN,33,1469,3.6725,6.3275,49.48453608247423,11.142857142857142
T6A,max-area,MinD,27,917,2.2925,11.2075,53.608247422680414,12.4
T6A,max-area,MaxD,30,1502,3.755,10.745,55.670103092783506,12.790697674418604
T6B,widest-fit,LM,37,918,2.295,7.705,48.45360824742268,6.34
T6B,widest-fit,RM,31,696,1.74,7.76,50.51546391752577,6.833333333333333
T6B,widest-fit,TN,36,628,1.57,4.93,45.36082474226804,6.660377358490566
T6B,widest-fit,SN,38,1020,2.55,4.95,44.329896907216494,5.925925925925926
T6B,widest-fit,MinD,22,419,1.0475,5.9525,57.7319587628866,7.804878048780488
T6B,widest-fit,MaxD,32,494,1.235,3.265,48.45360824742268,6.84
T6B,first-fit,LM,38,1614,4.035,1.965,47.422680412371136,9.07843137254902
T6B,first-fit,RM,39,1350,3.375,4.125,46.391752577319586,8.788461538461538
T6B,first-fit,TN,35,859,2.1475,3.3525,47.422680412371136,9.980392156862745
T6B,first-fit,SN,34,1282,3.205,5.295,50.51546391752577,9.5625
T6B,first-fit,MinD,28,862,2.155,2.845,56.70103092783505,10.452380952380953
T6B,first-fit,MaxD,31,1259,3.1475,2.3525,55.670103092783506,9.720930232558139
T6B,fitness-number,LM,5,31,0.0775,4.9225,24.742268041237114,44.06849315068493
T6B,fitness-number,RM,5,31,0.0775,4.9225,24.742268041237114,44.06849315068493
T6B,fitness-number,TN,5,31,0.0775,4.9225,24.742268041237114,44.06849315068493
T6B,fitness-number,SN,5,31,0.0775,4.9225,24.742268041237114,44.06849315068493
T6B,fitness-number,MinD,5,31,0.0775,4.9225,24.742268041237114,44.06849315068493
T6B,fitness-number,MaxD,5,31,0.0775,4.9225,24.742268041237114,44.06849315068493
T6B,max-area,LM,21,344,0.86,9.14,46.391752577319586,10.73076923076923
T6B,max-area,RM,23,465,1.1625,11.3375,48.45360824742268,9.42
T6B,max-area,TN,19,299,0.7475,6.2525,48.45360824742268,10.86
T6B,max-area,SN,24,939,2.3475,18.6525,47.422680412371136,10.333333333333334
T6B,max-area,MinD,29,701,1.7525,19.2475,46.391752577319586,9.884615384615385
T6B,max-area,MaxD,21,712,1.78,6.72,49.48453608247423,11.183673469387756
T6C,widest-fit,LM,25,610,1.525,6.975,55.670103092783506,7.604651162790698
T6C,widest-fit,RM,27,622,1.555,6.945,55.670103092783506,7.953488372093023
T6C,widest-fit,TN,20,293,0.7325,5.2675,57.7319587628866,8.487804878048781
T6C,widest-fit,SN,32,880,2.2,4.3,50.51546391752577,6.833333333333333
T6C,widest-fit,MinD,26,706,1.765,6.735,53.608247422680414,7.555555555555555
T6C,widest-fit,MaxD,30,507,1.2675,7.2325,50.51546391752577,6.875
T6C,first-fit,LM,41,935,2.3375,7.1625,44.329896907216494,8.87037037037037
T6C,first-fit,RM,50,1388,3.47,6.03,36.08247422680412,7.419354838709677
T6C,first-fit,TN,40,795,1.9875,6.5125,47.422680412371136,8.96078431372549
T6C,first-fit,SN,44,1475,3.6875,6.8125,38.144329896907216,8.25
T6C,first-fit,MinD,43,1660,4.15,5.85,44.329896907216494,9.351851851851851
T6C,first-fit,MaxD,37,1186,2.965,7.535,40.20618556701031,8.293103448275861
T6C,fitness-number,LM,4,47,0.1175,13.3825,26.804123711340207,52.647887323943664
T6C,fitness-number,RM,4,47,0.1175,13.3825,26.804123711340207,52.647887323943664
T6C,fitness-number,TN,4,47,0.1175,13.3825,26.804123711340207,52.647887323943664
T6C,fitness-number,SN,4,47,0.1175,13.3825,26.804123711340207,52.647887323943664
T6C,fitness-number,MinD,4,47,0.1175,13.3825,26.804123711340207,52.647887323943664
T6C,fitness-number,MaxD,4,47,0.1175,13.3825,26.804123711340207,52.647887323943664
T6C,max-area,LM,38,1194,2.985,3.015,45.36082474226804,11.075471698113208
T6C,max-area,RM,31,734,1.835,20.665,50.51546391752577,10.9375
T6C,max-area,TN,23,495,1.2375,4.7625,53.608247422680414,14.022222222222222
T6C,max-area,SN,30,771,1.9275,9.5725,50.51546391752577,11.854166666666666
T6C,max-area,MinD,20,314,0.785,7.215,56.70103092783505,13.166666666666666
T6C,max-area,MaxD,26,714,1.785,5.715,55.670103092783506,13.627906976744185
T6D,widest-fit,LM,30,637,1.5925,5.9075,53.608247422680414,7.044444444444444
T6D,widest-fit,RM,29,640,1.6,3.4,52.577319587628864,7.891304347826087
T6D,widest-fit,TN,32,526,1.315,5.185,50.51546391752577,7.166666666666667
T6D,widest-fit,SN,36,1090,2.725,2.775,50.51546391752577,7.145833333333333
T6D,widest-fit,MinD,29,771,1.9275,5.0725,56.70103092783505,7.571428571428571
T6D,widest-fit,MaxD,29,517,1.2925,7.2075,55.670103092783506,7.558139534883721
T6D,first-fit,LM,38,788,1.97,4.53,50.51546391752577,8.4375
T6D,first-fit,RM,40,1045,2.6125,3.3875,46.391752577319586,8.865384615384615
T6D,first-fit,TN,33,487,1.2175,6.7825,51.54639175257732,8.638297872340425
T6D,first-fit,SN,39,1734,4.335,3.165,45.36082474226804,8.660377358490566
T6D,first-fit,MinD,40,854,2.135,4.865,48.45360824742268,8.3
T6D,first-fit,MaxD,35,744,1.86,8.14,47.422680412371136,8.509803921568627
T6D,fitness-number,LM,8,139,0.3475,2.6525,26.804123711340207,42.478873239436616
T6D,fitness-number,RM,8,139,0.3475,2.6525,26.804123711340207,42.478873239436616
T6D,fitness-number,TN,8,139,0.3475,2.6525,26.804123711340207,42.478873239436616
T6D,fitness-number,SN,8,139,0.3475,2.6525,26.804123711340207,42.478873239436616
T6D,fitness-number,MinD,8,139,0.3475,2.6525,26.804123711340207,42.478873239436616
T6D,fitness-number,MaxD,8,139,0.3475,2.6525,26.804123711340207,42.478873239436616
T6D,max-area,LM,27,514,1.285,10.715,46.391752577319586,11.326923076923077
T6D,max-area,RM,24,738,1.845,10.155,52.577319587628864,12.73913043478261
T6D,max-area,TN,27,392,0.98,11.02,50.51546391752577,11.5
T6D,max-area,SN,26,879,2.1975,14.8025,51.54639175257732,12.893617021276595
T6D,max-area,MinD,23,464,1.16,16.34,51.54639175257732,12.382978723404255
T6D,max-area,MaxD,27,501,1.2525,16.7475,50.51546391752577,11
T6E,widest-fit,LM,32,785,1.9625,3.0375,49.48453608247423,7.3061224489795915
T6E,widest-fit,RM,30,743,1.8575,5.6425,49.48453608247423,6.591836734693878
T6E,widest-fit,TN,35,724,1.81,2.69,49.48453608247423,7.489795918367347
T6E,widest-fit,SN,35,773,1.9325,2.5675,48.45360824742268,7.64
T6E,widest-fit,MinD,21,218,0.545,1.955,55.670103092783506,7.744186046511628
T6E,widest-fit,MaxD,23,401,1.0025,1.9975,53.608247422680414,7.466666666666667
T6E,first-fit,LM,39,1179,2.9475,3.5525,47.422680412371136,9.27450980392157
T6E,first-fit,RM,45,1338,3.345,3.655,42.2680412371134,8.678571428571429
T6E,first-fit,TN,38,652,1.63,2.87,41.23711340206186,8.807017543859649
T6E,first-fit,SN,43,1781,4.4525,5.5475,40.20618556701031,9.39655172413793
T6E,first-fit,MinD,37,991,2.4775,4.5225,46.391752577319586,10.057692307692308
T6E,first-fit,MaxD,40,1288,3.22,2.78,41.23711340206186,9.052631578947368
T6E,fitness-number,LM,8,64,0.16,6.84,25.77319587628866,46.55555555555556
T6E,fitness-number,RM,8,64,0.16,6.84,25.77319587628866,46.55555555555556
T6E,fitness-number,TN,8,64,0.16,6.84,25.77319587628866,46.55555555555556
T6E,fitness-number,SN,8,64,0.16,6.84,25.77319587628866,46.55555555555556
T6E,fitness-number,MinD,8,64,0.16,6.84,25.77319587628866,46.55555555555556
T6E,fitness-number,MaxD,8,64,0.16,6.84,25.77319587628866,46.55555555555556
T6E,max-area,LM,23,586,1.465,6.535,54.63917525773196,9.954545454545455
T6E,max-area,RM,27,486,1.215,2.785,47.422680412371136,9.764705882352942
T6E,max-area,TN,35,679,1.6975,13.3025,47.422680412371136,7.803921568627451
T6E,max-area,SN,32,704,1.76,7.24,44.329896907216494,9.296296296296296
T6E,max-area,MinD,37,1585,3.9625,13.5375,45.36082474226804,10.075471698113208
T6E,max-area,MaxD,23,652,1.63,1.87,51.54639175257732,9.595744680851064
T7A,widest-fit,LM,39,418,1.045,0.955,57.28643216080402,6.270588235294118
T7A,widest-fit,RM,40,388,0.97,2.03,57.28643216080402,6.4941176470588236
T7A,widest-fit,TN,40,319,0.7975,0.7025,59.2964824120603,6.148148148148148
T7A,widest-fit,SN,49,728,1.82,2.18,57.78894472361809,6.833333333333333
T7A,widest-fit,MinD,33,290,0.725,2.275,66.33165829145729,6.641791044776119
T7A,widest-fit,MaxD,48,593,1.4825,1.0175,53.266331658291456,6.946236559139785
T7A,first-fit,LM,61,937,2.3425,2.1575,53.266331658291456,5.182795698924731
T7A,first-fit,RM,55,1045,2.6125,2.8875,58.29145728643216,5.686746987951807
T7A,first-fit,TN,66,713,1.7825,2.2175,52.76381909547739,5.308510638297872
T7A,first-fit,SN,67,1590,3.975,2.025,53.768844221105525,5.456521739130435
T7A,first-fit,MinD,53,789,1.9725,2.5275,60.301507537688444,5.69620253164557
T7A,first-fit,MaxD,61,1416,3.54,2.46,53.266331658291456,5.709677419354839
T7A,fitness-number,LM,2,18,0.045,3.455,17.08542713567839,58.35757575757576
T7A,fitness-number,RM,2,18,0.045,3.455,17.08542713567839,58.35757575757576
T7A,fitness-number,TN,2,18,0.045,3.455,17.08542713567839,58.35757575757576
T7A,fitness-number,SN,2,18,0.045,3.455,17.08542713567839,58.35757575757576
T7A,fitness-number,MinD,2,18,0.045,3.455,17.08542713567839,58.35757575757576
T7A,fitness-number,MaxD,2,18,0.045,3.455,17.08542713567839,58.35757575757576
T7A,max-area,LM,53,788,1.97,2.03,51.75879396984924,7.28125
T7A,max-area,RM,54,853,2.1325,3.8675,55.778894472361806,7.068181818181818
T7A,max-area,TN,60,609,1.5225,3.4775,50.25125628140704,6.797979797979798
T7A,max-area,SN,55,967,2.4175,3.5825,52.76381909547739,7.0212765957446805
T7A,max-area,MinD,43,577,1.4425,3.0575,61.30653266331658,7.714285714285714
T7A,max-area,MaxD,48,719,1.7975,1.7025,57.78894472361809,7.059523809523809
T7B,widest-fit,LM,51,541,1.3525,2.1475,56.78391959798995,6.337209302325581
T7B,widest-fit,RM,40,348,0.87,2.63,60.80402010050251,5.782051282051282
T7B,widest-fit,TN,61,475,1.1875,2.3125,51.75879396984924,5.21875
T7B,widest-fit,SN,44,567,1.4175,2.5825,58.29145728643216,6.759036144578313
T7B,widest-fit,MinD,39,395,0.9875,1.5125,57.28643216080402,7.070588235294117
T7B,widest-fit,MaxD,41,434,1.085,1.915,59.79899497487437,5.9
T7B,first-fit,LM,59,1125,2.8125,1.1875,54.2713567839196,6.637362637362638
T7B,first-fit,RM,51,709,1.7725,2.2275,56.78391959798995,6.5
T7B,first-fit,TN,62,611,1.5275,2.4725,47.23618090452261,6.561904761904762
T7B,first-fit,SN,56,1369,3.4225,2.5775,58.29145728643216,6.506024096385542
T7B,first-fit,MinD,71,1025,2.5625,2.4375,51.75879396984924,5.791666666666667
T7B,first-fit,MaxD,55,1299,3.2475,2.2525,57.78894472361809,6.892857142857143
T7B,fitness-number,LM,5,22,0.055,3.945,21.105527638190956,53.35031847133758
T7B,fitness-number,RM,5,22,0.055,3.945,21.105527638190956,53.35031847133758
T7B,fitness-number,TN,5,22,0.055,3.945,21.105527638190956,53.35031847133758
T7B,fitness-number,SN,5,22,0.055,3.945,21.105527638190956,53.35031847133758
T7B,fitness-number,MinD,5,22,0.055,3.945,21.105527638190956,53.35031847133758
T7B,fitness-number,MaxD,5,22,0.055,3.945,21.105527638190956,53.35031847133758
T7B,max-area,LM,55,901,2.2525,3.2475,55.27638190954774,7.123595505617978
T7B,max-area,RM,53,857,2.1425,3.3575,57.28643216080402,6.9411764705882355
T7B,max-area,TN,54,698,1.745,4.755,55.778894472361806,6.909090909090909
T7B,max-area,SN,51,1299,3.2475,19.2525,59.79899497487437,7.9625
T7B,max-area,MinD,53,869,2.1725,6.8275,58.79396984924623,7.682926829268292
T7B,max-area,MaxD,58,993,2.4825,16.0175,56.78391959798995,7.22093023255814
T7C,widest-fit,LM,39,548,1.37,1.63,61.80904522613066,7.7368421052631575
T7C,widest-fit,RM,43,777,1.9425,1.5575,61.80904522613066,7.144736842105263
T7C,widest-fit,TN,46,499,1.2475,1.7525,61.80904522613066,7.157894736842105
T7C,widest-fit,SN,53,862,2.155,1.845,53.266331658291456,7.161290322580645
T7C,widest-fit,MinD,52,888,2.22,1.78,58.29145728643216,6.686746987951807
T7C,widest-fit,MaxD,60,1241,3.1025,2.3975,56.78391959798995,6.186046511627907
T7C,first-fit,LM,65,965,2.4125,1.5875,49.74874371859296,5.59
T7C,first-fit,RM,55,882,2.205,1.295,57.28643216080402,5.894117647058824
T7C,first-fit,TN,55,568,1.42,2.08,54.77386934673367,6.144444444444445
T7C,first-fit,SN,58,1205,3.0125,0.9875,50.753768844221106,7.336734693877551
T7C,first-fit,MinD,56,693,1.7325,3.2675,59.79899497487437,6.25
T7C,first-fit,MaxD,64,1070,2.675,2.325,51.75879396984924,6.520833333333333
T7C,fitness-number,LM,6,80,0.2,1.3,15.577889447236181,63.726190476190474
T7C,fitness-number,RM,6,80,0.2,1.3,15.577889447236181,63.726190476190474
T7C,fitness-number,TN,6,80,0.2,1.3,15.577889447236181,63.726190476190474
T7C,fitness-number,SN,6,80,0.2,1.3,15.577889447236181,63.726190476190474
T7C,fitness-number,MinD,6,80,0.2,1.3,15.577889447236181,63.726190476190474
T7C,fitness-number,MaxD,6,80,0.2,1.3,15.577889447236181,63.726190476190474
T7C,max-area,LM,57,1188,2.97,4.53,54.2713567839196,8.10989010989011
T7C,max-area,RM,54,1024,2.56,8.94,55.27638190954774,8.044943820224718
T7C,max-area,TN,65,798,1.995,3.005,46.733668341708544,7.122641509433962
T7C,max-area,SN,62,1476,3.69,3.81,53.266331658291456,7.720430107526882
T7C,max-area,MinD,57,781,1.9525,6.5475,56.28140703517588,8.74712643678161
T7C,max-area,MaxD,64,1205,3.0125,4.9875,50.753768844221106,7.3061224489795915
T7D,widest-fit,LM,40,377,0.9425,1.0575,62.311557788944725,6.8533333333333335
T7D,widest-fit,RM,43,365,0.9125,1.5875,58.29145728643216,7.614457831325301
T7D,widest-fit,TN,33,188,0.47,1.03,63.31658291457286,6.616438356164384
T7D,widest-fit,SN,38,480,1.2,1.3,61.80904522613066,6.592105263157895
T7D,widest-fit,MinD,38,267,0.6675,1.3325,62.814070351758794,6.364864864864865
T7D,widest-fit,MaxD,42,440,1.1,1.4,59.2964824120603,6.345679012345679
T7D,first-fit,LM,51,711,1.7775,1.7225,54.77386934673367,6.377777777777778
T7D,first-fit,RM,53,625,1.5625,1.4375,59.2964824120603,5.703703703703703
T7D,first-fit,TN,63,603,1.5075,2.4925,57.78894472361809,5.773809523809524
T7D,first-fit,SN,51,838,2.095,2.405,56.28140703517588,5.885057471264368
T7D,first-fit,MinD,66,768,1.92,2.08,52.26130653266332,5.673684210526316
T7D,first-fit,MaxD,56,990,2.475,2.025,59.2964824120603,6.567901234567901
T7D,fitness-number,LM,3,38,0.095,1.905,15.075376884422111,68.66272189349112
T7D,fitness-number,RM,3,38,0.095,1.905,15.075376884422111,68.66272189349112
T7D,fitness-number,TN,3,38,0.095,1.905,15.075376884422111,68.66272189349112
T7D,fitness-number,SN,3,38,0.095,1.905,15.075376884422111,68.66272189349112
T7D,fitness-number,MinD,3,38,0.095,1.905,15.075376884422111,68.66272189349112
T7D,fitness-number,MaxD,3,38,0.095,1.905,15.075376884422111,68.66272189349112
T7D,max-area,LM,47,545,1.3625,4.1375,52.26130653266332,8.621052631578948
T7D,max-area,RM,49,689,1.7225,4.2775,50.753768844221106,8.489795918367347
T7D,max-area,TN,43,445,1.1125,3.3875,57.78894472361809,7.464285714285714
T7D,max-area,SN,49,839,2.0975,2.9025,52.26130653266332,7.063157894736842
T7D,max-area,MinD,51,599,1.4975,4.5025,53.266331658291456,6.827956989247312
T7D,max-area,MaxD,44,538,1.345,3.155,53.768844221105525,7.293478260869565
T7E,widest-fit,LM,58,549,1.3725,2.1275,54.77386934673367,5.777777777777778
T7E,widest-fit,RM,52,517,1.2925,1.7075,55.778894472361806,6.6022727272727275
T7E,widest-fit,TN,57,736,1.84,2.16,56.28140703517588,6.390804597701149
T7E,widest-fit,SN,44,691,1.7275,1.7725,58.29145728643216,6.674698795180723
T7E,widest-fit,MinD,49,504,1.26,1.24,53.768844221105525,8.706521739130435
T7E,widest-fit,MaxD,52,644,1.61,2.39,58.79396984924623,6.329268292682927
T7E,first-fit,LM,72,1297,3.2425,2.7575,50.25125628140704,6.424242424242424
T7E,first-fit,RM,74,1280,3.2,1.8,45.7286432160804,6.185185185185185
T7E,first-fit,TN,64,749,1.8725,2.6275,50.25125628140704,6.343434343434343
T7E,first-fit,SN,58,1291,3.2275,2.2725,51.256281407035175,6.824742268041237
T7E,first-fit,MinD,82,1561,3.9025,2.0975,45.7286432160804,6.111111111111111
T7E,first-fit,MaxD,63,1260,3.15,2.35,49.246231155778894,7.217821782178218
T7E,fitness-number,LM,1,6,0.015,3.985,18.09045226130653,61.239263803680984
T7E,fitness-number,RM,1,6,0.015,3.985,18.09045226130653,61.239263803680984
T7E,fitness-number,TN,1,6,0.015,3.985,18.09045226130653,61.239263803680984
T7E,fitness-number,SN,1,6,0.015,3.985,18.09045226130653,61.239263803680984
T7E,fitness-number,MinD,1,6,0.015,3.985,18.09045226130653,61.239263803680984
T7E,fitness-number,MaxD,1,6,0.015,3.985,18.09045226130653,61.239263803680984
T7E,max-area,LM,46,569,1.4225,2.0775,59.79899497487437,7.0875
T7E,max-area,RM,74,992,2.48,2.02,50.25125628140704,5.777777777777778
T7E,max-area,TN,63,630,1.575,7.425,50.753768844221106,6.1938775510204085
T7E,max-area,SN,55,1064,2.66,5.84,56.28140703517588,7.827586206896552
T7E,max-area,MinD,49,608,1.52,5.98,53.768844221105525,8.641304347826088
T7E,max-area,MaxD,57,1165,2.9125,6.0875,54.77386934673367,7.177777777777778
